id,hip,hd,hr,gl,bf,proper,ra,dec,dist,pmra,pmdec,rv,mag,absmag,spect,ci,x,y,z,vx,vy,vz,rarad,decrad,pmrarad,pmdecrad,bayer,flam,con,comp,comp_primary,base,lum,var,var_min,var_max
0,,,,,,Sol,0,0,0,0,0,0,-26.7,4.85,G2V,0.656,0.000005,0,0,0,0,0,0,0,0,0,,,,1,0,,1,,,
70666,70890,,,Gl 551,,Proxima Centauri,14.495985,-62.679485,1.2959,-3775.64,768.16,-16,11.01,15.447,M5Ve,1.807,-0.472264,-0.361451,-1.151219,-0.00001186,0.00002079,0.00001675,3.795039917,-1.093963385,-1.83048E-05,3.72414E-06,,,Cen,1,70666,,5.77032E-05,V645,11.079,10.939
71453,71681,128621,5460,Gl 559B,Alp2Cen,Toliman,14.660346,-60.8383,1.3248,-3678.19,481.84,-26.2,1.35,5.739,K1V,0.9,-0.495181,-0.413973,-1.156674,-0.00000722,0.00002476,0.00002491,3.838069571,-1.061828649,-1.78324E-05,2.33603E-06,Alp-2,,Cen,2,71456,Gl 559,0.440960816,,,
71456,71683,128620,5459,Gl 559A,Alp1Cen,Rigil Kentaurus,14.660765,-60.833976,1.3248,-3678.19,481.84,-26.2,-0.01,4.379,G2V,0.71,-0.495203,-0.414084,-1.156625,-0.00000722,0.00002476,0.00002491,3.838179212,-1.061753176,-1.78324E-05,2.33603E-06,Alp-1,,Cen,1,71456,Gl 559,1.543121066,,0.113,-0.087
87665,87937,,,Gl 699,,Barnard's Star,17.963472,4.693388,1.8238,-797.84,9999.99,-111,9.54,13.235,sdM4,1.57,-0.017373,-1.816613,0.149123,-0.00000591,0.0001204,0.00007888,4.702826032,0.081915079,-3.86804E-06,5.00664E-05,,,Oph,1,87665,,0.000442588,V2500,9.59,9.49
118720,,,,Gl 406,,Wolf 359,10.941484,7.01532,2.3906,-3822.95,-2716.83,13,13.45,16.557,M6,2,-2.282811,0.649334,0.292057,-0.00000433,0.00004728,-0.00002961,2.864473687,0.122440437,-1.85342E-05,-1.31716E-05,,,Leo,1,118720,,2.07587E-05,,,
53879,54035,95735,,Gl 411,,Lalande 21185,11.055632,35.969877,2.5469,-580.2,-4767.09,-84.3,7.49,10.46,M2V,1.502,-1.998,0.504305,1.495504,0.00003587,-0.00000166,-0.00009828,2.894357577,0.627792793,-2.81289E-06,-2.31115E-05,,,UMa,1,53879,,0.005701643,,,
118079,,,,Gl 65A,,,1.650199,-17.949782,2.6267,3312.95,560.34,29,12.57,15.473,dM5.5e,1.85,2.270499,1.04697,-0.809963,0.00001,0.00005104,-0.00000236,0.432021069,-0.313282798,1.60616E-05,2.71661E-06,,,Cet,1,118079,Gl  65,5.63378E-05,,,
118080,,,,Gl 65B,,,1.650199,-17.949782,2.6267,3312.95,560.34,32,12.7,15.603,dM5.5e,,2.270631,1.047031,-0.81001,0.00001265,0.00005226,-0.0000033,0.432021069,-0.313282798,1.60616E-05,2.71661E-06,,,Cet,2,118079,Gl  65,4.99804E-05,,,
32263,32349,48915,2491,Gl 244A,9Alp CMa,Sirius,6.752481,-16.716116,2.6371,-546.01,-1223.08,-9.4,-1.44,1.454,A0m...,0.009,-0.494323,2.476731,-0.758485,0.00000953,-0.00001207,-0.00001221,1.76779537,-0.291751259,-2.64713E-06,-5.92966E-06,Alp,9,CMa,1,32263,Gl 244,22.82443312,,-1.333,-1.523
118441,,,,Gl 244B,,,6.752559,-16.71524,2.6371,-543.2,-1203.05,0,8.44,11.334,DA2,-0.03,-0.494379,2.476814,-0.75847,0.00000768,-0.00000297,-0.00001473,1.767815846,-0.291735967,-2.63351E-06,-5.83256E-06,,,CMa,2,32263,Gl 244,0.002549177,,,
92115,92403,,,Gl 729,,Ross 154,18.830369,-23.836232,2.9698,637.55,-192.47,-12.1,10.37,13.006,M3.5Ve,1.51,0.585883,-2.652454,-1.200123,0.00000628,0.00001413,0.00000247,4.92977903,-0.416020736,3.09093E-06,-9.33121E-07,,,Sgr,1,92115,,0.000546512,V1216,10.408,10.338
119585,,,,Gl 905,,Ross 248,23.698379,44.174924,3.1686,84.26,-1607.79,-77.7,12.29,14.786,dM6  e,1.9,2.262649,-0.179022,2.205274,-0.00003953,0.00000443,-0.0000731,6.204221151,0.770997876,4.08504E-07,-7.7948E-06,,,And,1,119585,,0.000106072,,,
16496,16537,22049,1084,Gl 144,18Eps Eri,Ran,3.548848,-9.458262,3.2161,-976.44,17.97,16.9,3.72,6.183,K2V,0.881,1.89897,2.541426,-0.528523,0.00002243,0.00000458,-0.00000256,0.929086175,-0.165077816,-4.73391E-06,8.7121E-08,Eps,18,Eri,1,16496,,0.292954383,Eps,3.735,3.715
113687,114046,217987,,Gl 887,,Lacaille 9352,23.097531,-35.853073,3.2759,6767.26,1326.66,9.5,7.35,9.773,M2/M3V,1.483,2.581532,-0.621353,-1.918773,0.00004484,0.00009974,0.00001138,6.046919538,-0.625754162,3.28086E-05,6.43183E-06,,,PsA,1,113687,,0.010734949,,,
57375,57548,,,Gl 447,,Ross 128,11.795666,0.804563,3.3553,605.62,-1219.23,-31.1,11.12,13.491,M4.5V,1.746,-3.349892,0.179372,0.047111,0.00003095,-0.00001152,-0.00002028,3.088098042,0.014042269,2.93613E-06,-5.91099E-06,,,Vir,1,57375,,0.000349623,,11.171,11.041
119518,,,,Gl 866A,,EZ Aqr,22.642562,-15.302542,3.3979,2361.37,2233.03,-60,12.66,15.004,M5  e,1.98,3.069893,-1.139264,-0.895949,-0.0000328,0.00005369,0.0000517,5.927808781,-0.267079749,1.14482E-05,1.08261E-05,,,Aqr,1,119518,Gl 866,8.67761E-05,,,
91487,91772,173740,,Gl 725B,,Struve 2398 B,18.713249,59.626847,3.4545,-1393.2,1845.73,1.2,9.7,12.008,K5,1.561,0.324167,-1.716358,2.980381,-0.00002776,0.00002126,0.00001669,4.899117171,1.040684797,-6.75442E-06,8.94835E-06,,,Dra,2,91484,Gl 725,0.001370251,,,
103879,104214,201091,8085,Gl 820A,61    Cyg,,21.114794,38.749415,3.4865,4155.1,3258.9,-64.8,5.2,7.488,K5V,1.069,1.979356,-1.863636,2.181892,-0.00001456,0.0001102,0.00000149,5.527840164,0.67630488,2.01445E-05,1.57996E-05,,61,Cyg,1,103879,Gl 820,0.088064323,V1803,5.682,5.002
118493,,,,Gl 280B,,,7.655006,5.226824,3.4974,-702.34,-1021.92,0,10.7,12.981,DA,,-1.462274,3.161021,0.31861,0.00001014,0.00000644,-0.00001725,2.00407593,0.091225282,-3.40504E-06,-4.95439E-06,,,CMi,2,37173,Gl 280,0.000559242,,,
103883,104217,201092,8086,Gl 820B,61    Cyg,,21.115163,38.742055,3.498,4107.4,3143.72,-64.3,6.05,8.331,K7V,1.309,1.986273,-1.869789,2.188742,-0.00001387,0.00010874,0.00000044,5.527936855,0.676176415,1.99132E-05,1.52412E-05,,61,Cyg,2,103879,Gl 820,0.040513522,,,
37173,37279,61421,2943,Gl 280A,10Alp CMi,Procyon,7.655033,5.224993,3.5142,-716.57,-1034.58,-4,0.4,2.671,F5IV-V,0.432,-1.469312,3.17617,0.320024,0.00001212,0.00000289,-0.00001792,2.004083041,0.091193332,-3.47403E-06,-5.01579E-06,Alp,10,CMi,1,37173,Gl 280,7.440463662,,,
117979,,,,Gl 15B,,,0.30516,44.023502,3.568,2880.25,415.05,11.3,11.06,13.298,M6 Ve,1.79,2.557764,0.20548,2.479994,-0.00000063,0.00004993,0.00001319,0.079890711,0.768355054,1.39638E-05,2.01222E-06,,,And,2,1472,Gl  15,0.000417638,,,
91484,91768,173739,,Gl 725A,,Struve 2398 A,18.713179,59.630396,3.5691,-1326.88,1802.12,-0.8,8.94,11.177,K5,1.504,0.334856,-1.773105,3.079349,-0.00002763,0.00002258,0.00001506,4.899098725,1.040746744,-6.4329E-06,8.73692E-06,,,Dra,1,91484,Gl 725,0.002945778,,9.149,8.809
1472,1475,1326,,Gl 15A,,Groombridge 34,0.306174,44.022954,3.5873,2888.92,410.58,12,8.09,10.316,M1V,1.56,2.571275,0.20667,2.493057,-0.00000017,0.00005039,0.00001366,0.080156205,0.76834549,1.40059E-05,1.99055E-06,,,And,1,1472,Gl  15,0.006510285,GX,8.125,8.065
108526,108870,209100,8387,Gl 845,Eps Ind,,22.055486,-56.785977,3.6224,3959.97,-2538.84,-40.4,4.69,6.895,K5V,1.056,1.732589,-0.966715,-3.030307,-0.00001843,0.00008993,0.00001014,5.774112724,-0.991102263,1.91985E-05,-1.23086E-05,Eps,,Ind,1,108526,,0.152054753,,,
118541,,,,GJ 1111,,,8.497244,26.778532,3.6258,-1141.11,-601.64,-5,14.81,17.013,M6.5,2.06,-1.968452,2.569351,1.633464,0.0000158,0.00001236,-0.00001174,2.22457321,0.467373555,-5.53226E-06,-2.91682E-06,,,Cnc,1,118541,,1.36395E-05,,,
8087,8102,10700,509,Gl 71,52Tau Cet,,1.734479,-15.93748,3.6502,-1721.82,854.07,-17,3.49,5.678,G8V,0.727,3.154083,1.539508,-1.00226,0.00000207,-0.00003289,0.00001931,0.45408544,-0.278161501,-8.34762E-06,4.14065E-06,Tau,52,Cet,1,8087,,0.466444525,,,
5632,5643,,,Gl 54.1,,,1.208502,-16.998967,3.6899,1210.09,646.95,28,12.1,14.265,M5.5Ve,1.85,3.353772,1.097975,-1.078832,0.00002251,0.00003014,0.00000269,0.316385148,-0.296687946,5.86668E-06,3.1365E-06,,,Cet,1,5632,,0.000171396,YZ,12.201,12.001
82472,82724,,,,,,16.908863,-62.399734,3.6964,294.47,205.48,0,11.85,14.011,Mp,1.729,-0.482554,-1.64315,-3.275755,0.00000414,-0.00000462,0.00000171,4.426729957,-1.089080812,1.42763E-06,9.96195E-07,,,Ara,1,82472,,0.000216571,,,
36107,36208,,,Gl 273,,Luyten's Star,7.456805,5.225785,3.8026,571.27,-3694.25,18.2,9.84,11.94,M5,1.573,-1.409549,3.514856,0.346358,-0.00001899,0.00001905,-0.00006612,1.952186962,0.091207157,2.7696E-06,-1.79102E-05,,,CMi,1,36107,,0.001458814,,,
24129,24186,33793,,Gl 191,,Kapteyn's Star,5.194169,-45.018417,3.9114,6506.05,-5731.39,245.5,8.86,10.898,M0V,1.543,0.578997,2.705174,-2.76822,-0.00009951,0.0001243,-0.00025439,1.359830239,-0.785719603,3.15422E-05,-2.77866E-05,,,Pic,1,24129,,0.003808904,VZ,9.148,8.828
104751,105090,202560,,Gl 825,,Lacaille 8760,21.287725,-38.867362,3.9462,-3259,-1146.99,28.2,6.69,8.709,M1/M2V,1.397,2.330004,-2.003156,-2.476477,-0.00003405,-0.00005295,-0.00003518,5.573113374,-0.678363443,-1.58001E-05,-5.56076E-06,,,Mic,1,104751,,0.028602237,AX,6.707,6.667
110547,110893,239960,,Gl 860A,,Kruger 60,22.466642,57.695875,4.001,-870.23,-471.1,-33.3,9.59,11.579,M2V,1.613,1.968033,-0.83547,3.381486,-0.00001624,-0.00001144,-0.00003367,5.881753023,1.006982982,-4.21899E-06,-2.28396E-06,,,Cep,1,110547,Gl 860,0.00203423,DO,9.628,9.548
119505,,,,Gl 860B,,,22.467267,57.696623,4.0077,-854.68,-391.3,-31.7,11.3,13.286,M6 V,1.8,1.97065,-0.836546,3.386059,-0.00001651,-0.00001103,-0.00003147,5.881916687,1.006996042,-4.14361E-06,-1.89709E-06,,,Cep,2,110547,Gl 860,0.00042228,,,
118428,,,,Gl 234B,,,6.489939,-2.812227,4.1171,702.48,-697.59,0,14.6,16.527,,,-0.526003,4.078362,-0.201997,-0.00001382,-0.00000247,-0.00001391,1.699062118,-0.049082624,3.40572E-06,-3.382E-06,,,Mon,2,30847,Gl 234,2.13403E-05,,,
30847,30920,,,Gl 234A,,Ross 614,6.489833,-2.813979,4.1268,694.73,-618.62,16.7,11.12,13.042,M4.5Ve,1.69,-0.527146,4.088126,-0.202607,-0.00001589,0.00001454,-0.0000132,1.699034417,-0.049113198,3.36815E-06,-2.99915E-06,,,Mon,1,30847,Gl 234,0.000528689,V577,11.176,11.066
82473,82725,,,,,,16.908971,-62.403319,4.1465,254.79,173.56,0,11.72,13.632,,,-0.541199,-1.843027,-3.674755,0.00000404,-0.00000441,0.00000162,4.426758283,-1.089143388,1.23526E-06,8.41443E-07,,,Ara,1,82473,,0.000307044,,12.005,11.545
3820,3829,,,Gl 35,,Van Maanen's Star,0.819416,5.38861,4.2626,1233.05,-2710.56,54,12.37,14.222,DG,0.554,4.146957,0.903519,0.400348,0.00005345,0.00003772,-0.00005057,0.214522514,0.094048979,5.978E-06,-1.31412E-05,,,Psc,1,3820,,0.00017832,,12.621,12.091
118236,,,,GJ 1061,,,3.599704,-44.511897,4.2918,727.33,-399.86,-20,13.03,14.867,M4.5,1.9,1.798507,2.475398,-3.00808,-0.00002425,-0.00000762,0.00000841,0.942400353,-0.776879156,3.5262E-06,-1.93855E-06,,,Hor,1,118236,,9.84464E-05,,,
80579,80824,,,Gl 628,,Wolf 1061,16.505017,-12.662594,4.2922,-93.61,-1184.9,-13,10.1,11.937,M4,1.604,-1.597477,-3.871023,-0.940865,0.00000521,0.00001773,-0.00002114,4.321003265,-0.22100395,-4.53834E-07,-5.74456E-06,,,Oph,1,80579,,0.001462851,V2306,10.143,10.063
118830,,,,Gl 473A,,,12.554778,9.020714,4.3066,-1794.92,233.12,0,13.04,14.869,dM5.5eJ,1.83,-4.208555,-0.615564,0.675238,-0.00000468,0.00003719,0.00000481,3.286833112,0.157441165,-8.70202E-06,1.1302E-06,,,Vir,1,118830,Gl 473,9.82653E-05,,,
118831,,,,Gl 473B,,,12.554778,9.020714,4.3066,-1794.92,233.12,0,13.3,15.129,M7,,-4.208555,-0.615564,0.675238,-0.00000468,0.00003719,0.00000481,3.286833112,0.157441165,-8.70202E-06,1.1302E-06,,,Vir,2,118830,Gl 473,7.73393E-05,,,
442,439,225213,,Gl 1,,,0.089883,-37.357364,4.3399,5634.07,-2337.94,22.9,8.56,10.373,M2V,1.462,3.448844,0.081384,-2.633508,-0.00001398,0.00011824,-0.00005331,0.023531392,-0.652008993,2.73147E-05,-1.13347E-05,,,Scl,1,442,,0.006177319,,,
118583,,,,GJ 3522,,,8.982236,8.475397,4.4643,322.61,-313.72,0,10.89,12.641,k,1.67,-3.107711,3.136747,0.657969,-0.00000566,-0.0000042,-0.00000672,2.351543863,0.147923578,1.56406E-06,-1.52098E-06,,,Cnc,1,118583,,0.000764892,,,
118100,,,,Gl 83.1,,,2.003563,13.05304,4.4683,1113.71,-1768.54,-31,12.28,14.029,dM8  e,1.8,3.76629,2.179192,1.008821,-0.00003131,0.00000976,-0.00004449,0.524531584,0.227818533,5.39942E-06,-8.57414E-06,,,Ari,1,118100,,0.00021301,,,
118704,,,,GJ 3618,,,10.742414,-61.193586,4.4883,-340.24,1614.54,0,13.92,15.66,m,1.82,-2.046475,0.699423,-3.932885,-0.00002674,0.00001696,0.00001692,2.812357364,-1.068029559,-1.64953E-06,7.82751E-06,,,Car,1,118704,,4.74242E-05,,,
118707,,,,GJ 3622,,,10.803471,-11.336727,4.5249,601.06,-1525.88,-7,15.6,17.322,M6.5,2.1,-4.220385,1.367034,-0.889411,0.00000886,-0.00001673,-0.00003142,2.82834211,-0.197863208,2.91402E-06,-7.39769E-06,,,Sex,1,118707,,1.02612E-05,,,
85899,86162,,,Gl 687,,,17.607283,68.339141,4.5282,-320.47,-1269.55,-23.2,9.15,10.87,M3.5Vvar,1.505,-0.171572,-1.662506,4.208248,-0.00000876,-0.00001633,-0.00003234,4.609575949,1.192743024,-1.55368E-06,-6.15495E-06,,,Dra,1,85899,,0.003908409,,,
85264,85523,,,Gl 674,,,17.47772,-46.89519,4.5405,573.32,-879.84,-10.2,9.38,11.094,K5,1.553,-0.422874,-3.073668,-3.314975,0.0000154,0.00001935,-0.00000562,4.57565634,-0.818475472,2.77953E-06,-4.26558E-06,,,Ara,1,85264,,0.003179801,,,
57194,57367,,,Gl 440,,,11.761338,-64.841517,4.6081,2665.17,-346.83,0,11.5,13.182,DC:,0.196,-1.955207,0.122023,-4.170954,0.00000327,-0.00005986,-0.00000329,3.079111183,-1.131697965,1.29211E-05,-1.68148E-06,,,Mus,1,57194,,0.000464729,,11.575,11.405
112660,113020,,,Gl 876,,,22.887977,-14.263701,4.6887,960.33,-675.64,-1.5,10.16,11.805,M5,1.597,4.352933,-1.304309,-1.155222,0.00000122,0.00002242,-0.00001451,5.992058277,-0.248948538,4.65581E-06,-3.2756E-06,,,Aqr,1,112660,,0.001651962,IL,10.202,10.102
117960,,,,GJ 1002,,,0.112155,-7.539302,4.6992,-816.71,-1869.38,-42,13.75,15.39,M5-5.5,1.98,4.65444,0.136696,-0.616283,-0.00004758,-0.00002002,-0.0000366,0.029362213,-0.131585649,-3.95952E-06,-9.06301E-06,,,Cet,1,117960,,6.08135E-05,,,
119312,,,,GJ 1245A,,,19.898222,44.414534,4.717,438.31,-583.77,0,13.41,15.042,M5.5 V e,1.9,1.606452,-2.961705,3.301167,0.00001326,-0.00000344,-0.00000953,5.209342226,0.775179849,2.12499E-06,-2.83019E-06,,,Cyg,1,119312,GJ 1245,8.37915E-05,,,
119313,,,,GJ 1245B,,,19.8985,44.414552,4.717,438.31,-583.77,0,14.01,15.642,m,1.98,1.606668,-2.961587,3.301168,0.00001326,-0.00000344,-0.00000953,5.209415108,0.775180161,2.12499E-06,-2.83019E-06,,,Cyg,2,119312,GJ 1245,4.8217E-05,,,
118727,,,,Gl 412B,,,11.093507,43.521487,4.8323,-4432.65,934.1,0,14.4,15.979,M6  e,2.09,-3.405436,0.825166,3.32765,0.00003895,0.00009743,0.00001587,2.904273264,0.759593249,-2.14901E-05,4.52866E-06,,,UMa,2,54052,Gl 412,3.53509E-05,,,
54052,54211,,,Gl 412A,,,11.091542,43.526777,4.848,-4410.79,943.32,68.8,8.82,10.392,M2Vvar,1.491,-3.416483,0.828486,3.33921,-0.00001034,0.00010916,0.00006453,2.903759032,0.759685575,-2.13841E-05,4.57334E-06,,,UMa,1,54052,Gl 412,0.006070158,WX,8.858,8.788
49767,49908,88230,,Gl 380,,,10.189602,49.454237,4.8731,-1361.55,-505,-25.4,6.6,8.161,K8V,1.326,-2.818415,1.445842,3.702832,0.00002164,0.00002505,-0.00002749,2.667631674,0.86313926,-6.60098E-06,-2.44831E-06,,,UMa,1,49767,,0.047380539,,,
118676,,,,Gl 388,,,10.326843,19.870262,4.9044,-497.26,-52.26,12.3,9.4,10.947,M4.5Ve,1.54,-4.17747,1.956673,1.667178,-0.00000608,0.0000159,0.00000311,2.703561278,0.346801489,-2.41078E-06,-2.53383E-07,,,Leo,1,118676,,0.003640827,,,
106098,106440,204961,,Gl 832,,,21.559441,-49.009006,4.9537,-46.18,-818.01,4.1,8.66,10.185,M1V,1.521,2.608354,-1.937731,-3.739143,-0.00001036,0.00000631,-0.00001605,5.644248573,-0.85536852,-2.23887E-07,-3.96582E-06,,,Gru,1,106098,,0.007345139,,,
19799,19849,26965,1325,Gl 166A,40Omi2Eri,Keid,4.254537,-7.652871,4.9845,-2239.33,-3419.86,-42.7,4.43,5.942,K1V,0.82,2.179524,4.432894,-0.66374,0.00002462,-0.00007258,-0.00007609,1.113835082,-0.133567789,-1.08566E-05,-1.65799E-05,Omi-2,40,Eri,1,19799,Gl 166,0.365763193,,,
1240,1242,,,GJ 1005A,,,0.257803,-16.133807,4.9868,728.18,-617.48,-29,11.49,13.001,M:,1.75,4.779241,0.32306,-1.385667,-0.00003375,0.00001536,-0.0000061,0.067492759,-0.281588059,3.53032E-06,-2.99363E-06,,,Cet,1,1240,GJ 1005,0.000549035,,11.558,11.378
118281,,26976,,Gl 166B,,,4.256188,-7.657504,5.0444,-2180.82,-3436.41,-21,9.52,11.006,DA4,0.03,2.203473,4.486451,-0.67203,0.00003361,-0.00005259,-0.00008045,1.114267348,-0.133648659,-1.05729E-05,-1.66602E-05,,,Eri,2,19799,Gl 166,0.00344826,,,
118282,,,,Gl 166C,,,4.256188,-7.657504,5.0444,-2180.82,-3436.41,-45.9,11.17,12.656,dM4.5e,1.67,2.202917,4.485319,-0.671861,0.00002249,-0.00007525,-0.00007708,1.114267348,-0.133648659,-1.05729E-05,-1.66602E-05,,,Eri,3,19799,Gl 166,0.000754397,,,
85951,86214,,,Gl 682,,,17.617729,-44.319215,5.0787,-710.11,-937.99,-60,10.94,12.411,M5,1.655,-0.363042,-3.615031,-3.547885,-0.0000114,0.00006148,0.00002635,4.612310785,-0.773516227,-3.44271E-06,-4.5475E-06,,,Sco,1,85951,,0.000945366,,11.004,10.884
88327,88601,165341,6752,Gl 702A,70    Oph,,18.090913,2.500099,5.0834,124.56,-962.66,-6.9,4.03,5.499,K0V SB,0.86,0.120862,-5.077062,0.221741,0.00000293,0.00000609,-0.00002401,4.736189846,0.043634967,6.03884E-07,-4.66711E-06,,70,Oph,1,88327,Gl 702,0.550047253,V2391,4.05,4.02
119198,,,,Gl 702B,,,18.09099,2.498264,5.086,252.27,-1101.48,-10,6,7.468,K5 Ve,1.15,0.121015,-5.079214,0.221672,0.000006,0.00000917,-0.00002758,4.736209987,0.043602941,1.22304E-06,-5.34013E-06,,,Oph,2,88327,Gl 702,0.089701561,,,
112106,112460,,,Gl 873,,,22.780527,44.333991,5.1224,-704.66,-459.39,-0.5,10.29,11.743,M4.5Ve,1.54,3.478781,-1.15001,3.579733,0.00000173,-0.000019,-0.00000852,5.963927917,0.773774115,-3.41629E-06,-2.22719E-06,,,Lac,1,112106,,0.001749041,EV,10.386,10.206
97338,97649,187642,7557,Gl 768,53Alp Aql,Altair,19.846388,8.868322,5.1295,536.82,385.54,-26.1,0.76,2.21,A7IV-V,0.221,2.355468,-4.4873,0.790749,-0.00000112,0.00003087,0.00000536,5.195772106,0.154781417,2.60258E-06,1.86915E-06,Alp,53,Aql,1,97338,,11.37627286,Alp,0.803,0.753
118578,,,,GJ 1116A,,,8.970901,19.763287,5.2274,-869.3,-34.91,-34,14.06,15.469,m,1.84,-3.450811,3.503886,1.766979,0.00003845,-0.00000764,-0.00001259,2.348576389,0.344934434,-4.21449E-06,-1.69268E-07,,,Cnc,1,118578,GJ 1116,5.65458E-05,,,
118579,,,,GJ 1116B,,,8.970901,19.764954,5.2274,-869.3,-34.91,0,14.92,16.329,m,1.93,-3.451925,3.505014,1.76771,0.00001548,0.00001567,-0.00000083,2.348576504,0.344963523,-4.21449E-06,-1.69268E-07,,,Cnc,2,118578,GJ 1116,2.56094E-05,,,
67380,67593,,,,,,13.85077,23.776677,5.3259,2281.92,5369.43,0,13.31,14.678,,,-4.312826,-2.270248,2.147258,0.00007687,-0.00002612,0.00012688,3.626123219,0.414981293,1.10631E-05,2.60317E-05,,,Boo,1,67380,,0.000117166,,,
57371,57544,,,Gl 445,,,11.794333,78.69116,5.3516,743.21,480.4,-112.2,10.8,12.158,M4,1.572,-1.047725,0.056332,5.246711,0.00003364,-0.00002112,-0.00011008,3.087749196,1.373419839,3.60318E-06,2.32904E-06,,,Cam,1,57371,,0.001193438,,10.866,10.736
118406,,,,GJ 3379,,,6.000991,2.707087,5.3677,228.25,-74.16,0,11.33,12.681,M4,1.68,-0.001391,5.361709,0.253516,-0.00000594,0.00000009,-0.00000193,1.571055735,0.047247589,1.10659E-06,-3.59557E-07,,,Ori,1,118406,,0.000737225,,,
66943,67155,119850,,Gl 526,,,13.76215,14.89152,5.3911,1778.46,-1455.52,16.1,8.46,9.802,M3V,1.435,-4.665503,-2.319265,1.385494,-0.00000232,-0.00005306,-0.00003253,3.602922481,0.259906049,8.62222E-06,-7.05656E-06,,,Boo,1,66943,,0.010452014,,,
118311,,,,Gl 169.1B,,,4.518593,58.981451,5.5139,1371.91,-1944.8,0,12.44,13.733,DC5,0.31,1.073743,2.630708,4.725416,-0.00001708,0.00005513,-0.00002677,1.182964754,1.029420511,6.65121E-06,-9.42868E-06,,,Cam,2,21036,Gl 169.1,0.000279769,,,
58735,58910,104901,,,,,12.080228,-62.002292,5.5169,-6.13,0.16,0,7.57,8.862,F0Ib-II,0.626,-2.589262,-0.054392,-4.871237,-0.00000001,0.00000016,0,3.162596345,-1.082144137,-2.97191E-08,7.75701E-10,,,Cru,1,58735,,0.024842769,BY,7.833,7.043
21036,21088,,,Gl 169.1A,,,4.519668,58.977072,5.5782,1300.21,-2048.99,17,10.82,12.088,,1.17,1.086377,2.661819,4.780431,-0.00001122,0.00006555,-0.00001365,1.183246298,1.029344093,6.3036E-06,-9.93378E-06,,,Cam,1,21036,Gl 169.1,0.001272917,,10.877,10.767
33139,33226,265866,,,,,6.913622,33.268175,5.5863,-729.33,-399.31,26.4,9.89,11.154,K:...,1.58,-1.10658,4.538001,3.064541,0.00001243,0.00003237,0.00000577,1.809982039,0.580639191,-3.53589E-06,-1.93591E-06,,,Gem,1,33139,,0.003008846,,,
83352,83609,,,,,,17.089101,-33.767358,5.6155,136.68,-141.19,0,9.25,10.503,G0,0.607,-1.102705,-4.536064,-3.121219,0.00000412,0.0000012,-0.0000032,4.473916289,-0.589351576,6.62643E-07,-6.84508E-07,,,Sco,1,83352,,0.005480245,,,
25813,25878,36395,,Gl 205,,,5.524277,-3.677229,5.6571,763.05,-2092.89,8.5,7.97,9.207,M1V,1.474,0.701301,5.601801,-0.362827,-0.00002014,0.00000756,-0.00005783,1.446252222,-0.064179753,3.69937E-06,-1.01466E-05,,,Ori,1,25813,,0.018080066,,,
119276,,,,Gl 754,,,19.346452,-45.55959,5.6915,646.35,-2868.07,16,12.23,13.454,M4.5,1.68,1.376254,-3.74042,-4.064196,0.00000121,0.00004838,-0.00006712,5.064889407,-0.795164843,3.13359E-06,-1.39048E-05,,,Tel,1,119276,,0.000361743,,,
102708,103039,,,,,,20.87584,-16.974738,5.7133,-306.7,30.78,0,11.41,12.626,,1.653,3.736291,-3.987443,-1.667998,-0.00000603,-0.00000599,0.00000082,5.465282241,-0.296265066,-1.48692E-06,1.49226E-07,,,Cap,1,102708,,0.000775532,,11.471,11.341
119112,,,,Gl 644B,,,16.924521,-8.3376,5.7395,-792.63,-874.15,0,9.9,11.106,,,-1.5779,-5.45522,-0.83226,-0.00002021,0.00000951,-0.00002407,4.430829241,-0.145518574,-3.84278E-06,-4.23799E-06,,,Oph,2,82565,Gl 644,0.00314485,,,
119113,,,,Gl 644C,,,16.926474,-8.395842,5.7395,-803.95,-877.36,20,16.78,17.986,M7,1.99,-1.575156,-5.456183,-0.83818,-0.00002611,-0.00000982,-0.00002713,4.43134049,-0.146535093,-3.89766E-06,-4.25356E-06,,,Oph,3,82565,Gl 644,5.56673E-06,,,
29222,29295,42581,,Gl 229,,,6.176284,-21.864643,5.7534,-137.01,-714.06,5.2,8.15,9.35,M1/M2V,1.487,-0.246337,5.333894,-2.142671,0.00000393,-0.0000023,-0.00002046,1.616947307,-0.38161001,-6.64243E-07,-3.46186E-06,,,Lep,1,29222,,0.015848932,,,
95799,96100,185144,7462,Gl 764,61Sig Dra,Alsafi,19.539149,69.661175,5.7547,598.43,-1738.81,28.2,4.67,5.87,K0V,0.786,0.784452,-1.840016,5.396152,0.00003712,-0.00004452,0.00001019,5.115337176,1.215816871,2.90127E-06,-8.42999E-06,Sig,61,Dra,1,95799,,0.390840896,,,
118447,,,,Gl 251,,,6.913606,33.270718,5.7604,-752.58,-395.12,22.9,10.01,11.208,dM4,1.57,-1.141059,4.680085,3.160773,0.00001434,0.00002989,0.00000363,1.809977906,0.580683574,-3.64861E-06,-1.91557E-06,,,Gem,1,118447,,0.002862859,,,
45211,45343,79210,,Gl 338A,,,9.239826,52.686625,5.8113,-1533.58,-562.8,13.7,7.64,8.819,M0V,1.41,-2.642238,2.329858,4.62201,0.00001274,0.00004636,0.00000153,2.418980869,0.919555072,-7.43501E-06,-2.72853E-06,,,UMa,1,45211,Gl 338,0.025846396,,7.921,7.291
26792,26857,,,Gl 213,,,5.702566,12.489337,5.8292,1999.05,-1570.64,105.6,11.56,12.732,M5,1.675,0.44278,5.674935,1.260815,-0.00004736,0.00011909,-0.00001997,1.492928361,0.21798006,9.69167E-06,-7.61468E-06,,,Ori,1,26792,,0.000703396,V1352,11.635,11.475
86722,86990,,,Gl 693,,,17.776329,-57.319042,5.8316,-1119.87,-1352.52,-115,10.75,11.921,M5,1.66,-0.184376,-3.142875,-4.907535,-0.00002601,0.00009738,0.00007834,4.653832125,-1.000406014,-5.42928E-06,-6.5572E-06,,,Pav,1,86722,,0.001484568,,10.803,10.673
72957,73184,131977,5568,Gl 570A,,,14.957765,-21.415475,5.8404,1034.18,-1725.6,29.1,5.72,6.888,K4V,1.024,-3.887091,-3.802093,-2.13259,0.00001342,-0.00002784,-0.00005635,3.915933776,-0.37377055,5.01385E-06,-8.36594E-06,,,Lib,1,72957,Gl 570,0.153038253,KX,5.733,5.683
94466,94761,180617,,Gl 752A,,,19.282016,5.168904,5.8699,-578.86,-1331.7,36.3,9.12,10.277,M3.5V,1.464,1.925584,-5.520142,0.528861,-0.00000225,-0.00004356,-0.00003439,5.048020026,0.090214391,-2.80639E-06,-6.45626E-06,,,Aql,1,94466,Gl 752,0.006748387,V1428,9.154,9.084
119275,,,,Gl 752B,,,19.28281,5.148625,5.8734,-572.81,-1342.94,0,17.52,18.676,dM5  e,2.2,1.927832,-5.522905,0.527077,-0.00001426,-0.00000863,-0.00003808,5.04822775,0.08986046,-2.77706E-06,-6.51075E-06,,,Aql,2,94466,Gl 752,2.94849E-06,,,
118532,,,,Gl 300,,,8.211308,-21.551445,5.8824,30.53,-699.33,0,12.1,13.252,M4,1.6,-2.993375,4.579649,-2.16082,0.00000328,-0.00000661,-0.00001855,2.149715403,-0.376143676,1.48014E-07,-3.39046E-06,,,Pup,1,118532,,0.000435712,,,
72955,73182,131976,,Gl 570B,,,14.957361,-21.41152,5.9252,987.05,-1666.81,27.9,8.01,9.146,K5V,1.519,-3.944034,-3.856974,-2.163168,0.00001332,-0.00002663,-0.00005499,3.91582799,-0.373701518,4.78535E-06,-8.08092E-06,,,Lib,2,72957,Gl 570,0.019124936,,,
75841,76074,,,Gl 588,,,15.536988,-41.275586,5.9291,-1177.47,-1028.86,15.4,9.31,10.445,M0,1.524,-2.678394,-3.561312,-3.911408,-0.00002244,0.00002647,-0.00003262,4.067574074,-0.720394881,-5.70854E-06,-4.98805E-06,,,Lup,1,75841,,0.00578096,,,
84147,84405,155885,6401,Gl 663A,36    Oph,Guniibuu,17.255836,-26.602829,5.9333,-473.69,-1143.93,0.9,4.33,5.464,K2:III:,0.855,-1.027046,-5.204798,-2.656955,-0.00001067,0.00001628,-0.00002983,4.517567394,-0.464306962,-2.29651E-06,-5.54593E-06,,36,Oph,1,84147,Gl 663,0.568067574,,,
118021,,,,Gl 34B,,,0.817022,57.817365,5.9527,1097.52,-509.45,10.5,7.51,8.636,K7 V,1.39,3.098396,0.673787,5.03855,0.00001103,0.0000348,0.00000126,0.213895944,1.009103388,5.32093E-06,-2.4699E-06,,,Cas,2,3814,Gl  34,0.030591446,,,
3814,3821,4614,219,Gl 34A,24Eta Cas,Achird,0.81826,57.815187,5.9531,1087.11,-559.65,8.2,3.46,4.586,G0V SB,0.587,3.098462,0.674227,5.038376,0.00001105,0.00003451,-0.0000015,0.214219876,1.009065377,5.27046E-06,-2.71326E-06,Eta,24,Cas,1,3814,Gl  34,1.275263706,Eta,3.507,3.457
37659,37766,,,Gl 285,,,7.744493,3.552454,5.9566,-344.87,-450.84,26.8,11.19,12.315,M4.5Ve,1.6,-2.621889,5.336048,0.369099,-0.00000348,0.00002967,-0.00001129,2.027503512,0.062002012,-1.67198E-06,-2.18573E-06,,,CMi,1,37659,,0.001032761,YZ,11.284,11.084
84220,84478,156026,,Gl 664,,,17.270388,-26.546147,5.9705,-479.71,-1123.37,-0.1,6.33,7.45,K5V,1.144,-1.014027,-5.243915,-2.668326,-0.00001086,0.00001699,-0.00002904,4.52137691,-0.463317662,-2.3257E-06,-5.44625E-06,,,Oph,1,84220,,0.091201084,V2215,6.35,6.32
83882,84140,155876,,Gl 661A,,,17.202169,45.665974,5.9776,325.96,-1591.73,-30,9.31,10.427,K5,1.485,-0.866144,-4.086415,4.275453,0.00000684,-0.00001326,-0.00005418,4.50351737,0.797021596,1.5803E-06,-7.71692E-06,,,Her,1,83882,Gl 661,0.0058776,,,
117106,117473,,,Gl 908,,,23.820146,2.401223,5.9776,995.12,-968.25,-71.3,8.98,10.097,M2V,1.46,5.965095,-0.281077,0.250417,-0.00007024,0.00003218,-0.00003109,6.236099684,0.041909249,4.82448E-06,-4.69421E-06,,,Psc,1,117106,,0.007965261,BR,9.01,8.96
119135,,155886,6402,Gl 663B,36    Oph,Guniibuu B,17.255734,-26.603215,5.9852,-492.43,-1127.13,0.5,5.07,6.185,K1 Ve,0.85,-1.036233,-5.250282,-2.680239,-0.00001127,0.00001668,-0.00002947,4.517540538,-0.464313694,-2.38737E-06,-5.46446E-06,,36,Oph,2,84147,Gl 663,0.292415238,,,
99143,99461,191408,7703,Gl 783A,,,20.186632,-36.101212,6.015,456.89,-1574.91,-129.8,5.32,6.424,K2V,0.868,2.632166,-4.084363,-3.543434,-0.00006156,0.00012012,0.0000411,5.28484786,-0.630085015,2.21507E-06,-7.63538E-06,,,Sgr,1,99143,Gl 783,0.234638892,,,
15471,15510,20794,1008,Gl 139,,82 G. Eri,3.331944,-43.069784,6.0434,3038.08,726.34,86.7,4.26,5.354,G8V,0.711,2.839238,3.381499,-4.127499,-0.00001715,0.00011797,-0.00004501,0.872300799,-0.751709536,1.4729E-05,3.5214E-06,,,Eri,1,15471,,0.628637088,,,
119334,,,,Gl 783B,,,20.186579,-36.102643,6.0518,454.75,-1565.28,0,11.5,12.591,M3.5,,2.648766,-4.11005,-3.565924,-0.00000343,0.00002996,-0.00003711,5.284834116,-0.630109986,2.20469E-06,-7.58868E-06,,,Sgr,2,99143,Gl 783,0.00080094,,,
71027,71253,,,Gl 555,,,14.571338,-12.519555,6.061,-357.5,595.12,9,11.32,12.407,M4,1.633,-4.626156,-3.689053,-1.313877,-0.00001654,0.00000025,0.00001507,3.814767243,-0.218507454,-1.73321E-06,2.88522E-06,,,Lib,1,71027,,0.000948855,HN,11.397,11.177
98924,99240,190248,7665,Gl 780,Del Pav,,20.145157,-66.182068,6.1084,1210.29,-1130.34,-21.7,3.55,4.62,G5IV-Vvar,0.751,1.313772,-2.087713,-5.587991,0.00000926,0.00005259,0.00000678,5.273989829,-1.155094997,5.86765E-06,-5.48004E-06,Del,,Pav,1,98924,,1.235947433,,,
118344,,,,GJ 3323,,,5.032478,-6.945051,6.135,-539.7,-549.2,0,12.1,13.161,m,,1.526136,5.895661,-0.741827,0.00001505,-0.00000593,-0.00001621,1.317499602,-0.12121401,-2.61654E-06,-2.66261E-06,,,Eri,1,118344,,0.000473805,,,
119184,,,,GJ 1221,,,17.804188,70.874972,6.1425,-1245.27,1082.5,0,14.15,15.208,DXP9,0.4,-0.104366,-2.009764,5.80347,-0.00003548,0.0000323,0.00001057,4.661125495,1.237001611,-6.03724E-06,5.24809E-06,,,Dra,1,119184,,7.19118E-05,,,
118488,,,,GJ 3454,,,7.606961,7.080332,6.1728,200.75,-286.7,0,13.22,14.268,m,,-2.501754,5.59158,0.760864,-0.00000592,-0.00000149,-0.00000851,1.991497608,0.123575103,9.73263E-07,-1.38998E-06,,,CMi,1,118488,,0.000170923,,,
115766,116132,,,Gl 896A,,,23.531155,19.937259,6.182,554.4,-62.61,1.1,10.05,11.094,M6Ve,1.19,5.76778,-0.711525,2.108009,0.00000372,0.00001628,-0.00000138,6.160441992,0.34797081,2.68781E-06,-3.03542E-07,,,Peg,1,115766,Gl 896,0.003179801,EQ,10.105,9.995
82565,82817,152751,,Gl 644A,,,16.924656,-8.336344,6.1954,-829.34,-878.81,12.1,9.02,10.06,M3Ve,1.553,-1.703055,-5.888724,-0.898248,-0.00002627,-0.00000117,-0.00002791,4.430864468,-0.145496647,-4.02075E-06,-4.26059E-06,,,Oph,1,82565,Gl 644,0.008241381,V1054,9.057,8.977
99382,99701,191849,,Gl 784,,,20.231446,-45.164019,6.1981,778.18,-159.55,-31.1,7.97,9.009,M0V,1.431,2.410191,-3.645204,-4.395049,0.00000526,0.00003444,0.00001917,5.296580229,-0.788260839,3.77272E-06,-7.7352E-07,,,Tel,1,99382,,0.021697016,,,
118644,,,,GJ 1128,,,9.714859,-68.885517,6.2112,-62.52,1118.25,-21,12.78,13.814,m,1.73,-1.848526,1.259969,-5.793194,-0.00001851,0.00001489,0.00003216,2.543344235,-1.202279078,-3.03106E-07,5.42144E-06,,,Car,1,118644,,0.000259657,,,
118995,,,,GJ 3877,,,14.944004,-28.165379,6.2112,-481.45,-830.54,0,17.05,18.084,dM8,1.34,-3.928325,-3.814685,-2.931799,-0.00000164,0.00001862,-0.00002205,3.912331101,-0.491578594,-2.33414E-06,-4.0266E-06,,,Hya,1,118995,,5.08628E-06,,,
74766,74995,,,Gl 581,,,15.32412,-7.72228,6.2147,-1224.55,-99.52,-9.4,10.57,11.603,M5,1.6,-3.96982,-4.707934,-0.835068,-0.0000218,0.00003137,-0.00000168,4.011845195,-0.134779215,-5.93679E-06,-4.82487E-07,,,Lib,1,74766,,0.001989757,HO,10.595,10.485
119568,,,,Gl 896B,,,23.531203,19.937322,6.2477,559.75,-16.61,-1.2,12.4,13.421,dM6  e,1.65,5.829022,-0.718963,2.130394,0.0000011,0.00001695,-0.00000089,6.160454559,0.347971921,2.71374E-06,-8.05421E-08,,,Peg,2,115766,Gl 896,0.000372907,,,
34511,34603,,,Gl 268,,,7.167196,38.52946,6.2945,-439.68,-948.36,37.9,11.65,12.655,M5Ve,1.7,-1.481414,4.696265,3.921162,-0.00000175,0.00005014,0.00000151,1.876367453,0.672465941,-2.13163E-06,-4.59778E-06,,,Aur,1,34511,,0.000755092,QY,11.712,11.562
119134,,,,Gl 661B,,,17.202071,45.665514,6.3223,238.99,-1561.82,0,10.4,11.396,M3.5,,-0.916168,-4.322284,4.522166,0.00000006,-0.00003503,-0.00003344,4.503491593,0.797013575,1.15866E-06,-7.57192E-06,,,Her,2,83882,Gl 661,0.002407687,,,
45214,120005,79211,,Gl 338B,,,9.240357,52.686376,6.3918,-1551.3,-656.25,14.7,7.7,8.672,K2,1.42,-2.906545,2.562201,5.083691,0.00001281,0.00005278,-0.00000037,2.419119881,0.919550733,-7.52091E-06,-3.18159E-06,,,UMa,2,45211,Gl 338,0.02959375,,,
118865,,,,GJ 2097,,,13.117292,20.815405,6.4103,-69.97,-38.78,-7,12.58,13.546,m,1.62,-5.737071,-1.727679,2.277826,0.00000537,0.00000389,-0.00000367,3.434099085,0.363297355,-3.39224E-07,-1.8803E-07,,,Com,1,118865,,0.000332353,,,
118399,,,,Gl 223.2,,,5.919344,-4.169761,6.4599,549.24,-2305.48,0,14.45,15.399,DZ9,1.05,0.136031,6.441366,-0.469711,-0.00001731,-0.00000484,-0.00007201,1.54968072,-0.07277606,2.66279E-06,-1.11773E-05,,,Ori,1,118399,,6.03115E-05,,,
80218,80459,,,Gl 625,,,16.423456,54.304103,6.5164,432.29,-170.71,-12.6,10.13,11.06,M2,1.591,-1.525067,-3.482882,5.292042,0.00001377,-0.0000026,-0.00001361,4.299650838,0.947785391,2.0958E-06,-8.27625E-07,,,Dra,1,80218,,0.003280953,,,
118812,,,,GJ 1156,,,12.316778,11.125205,6.5402,-1283.64,205.6,0,13.81,14.732,dM   e,1.88,-6.395244,-0.531553,1.261955,-0.00000213,0.00004066,0.0000064,3.224524893,0.194171451,-6.22326E-06,9.96801E-07,,,Vir,1,118812,,0.000111481,,,
114260,114622,219134,8832,Gl 892,,,23.221098,57.168355,6.5462,2074.37,294.97,-18.2,5.57,6.49,K3Vvar,1,3.475601,-0.718451,5.500421,-0.00000425,0.0000681,-0.00001057,6.079269286,0.997776028,1.00568E-05,1.43005E-06,,,Cas,1,114260,,0.220800473,,,
53612,53767,,,Gl 408,,,11.001188,22.832962,6.6622,-426.31,-279.94,3,10.03,10.912,M3,1.525,-5.931445,1.587358,2.58525,-0.00000256,0.00001494,-0.00000714,2.880104395,0.398510372,-2.06681E-06,-1.35719E-06,,,Leo,1,53612,,0.003760105,,,
118988,,,,Gl 566B,,,14.856488,19.099249,6.6997,135.41,-102.78,3.1,6.97,7.84,K4 Ve,1.16,-4.64172,-4.305423,2.192231,-0.00000001,-0.000006,-0.00000212,3.889419555,0.333344779,6.56486E-07,-4.98296E-07,,,Boo,2,72432,Gl 566,0.063679552,,,
105765,106106,,,Gl 829,,,21.493551,17.64329,6.7047,1008.09,376.21,-24.9,10.33,11.198,M4,1.62,5.062257,-3.897986,2.03206,-0.00000217,0.00004303,0.00000393,5.626998496,0.307933507,4.88736E-06,1.82392E-06,,,Peg,1,105765,,0.002889349,,10.413,10.283
72432,72659,131156,5544,Gl 566A,37Xi  Boo,,14.856493,19.10046,6.7123,152.81,-71.28,2.2,4.54,5.406,G8V + K4V,0.72,-4.650321,-4.313397,2.196442,0.00000127,-0.00000561,-0.00000146,3.88942066,0.333365915,7.40844E-07,-3.45575E-07,Xi,37,Boo,1,72432,Gl 566,0.599238903,Xi,4.57,4.52
82557,82809,,,Gl 643,,,16.923675,-8.322576,6.715,-813.47,-895.23,-14.1,11.73,12.595,M4,1.7,-1.847524,-6.382123,-0.971952,-0.0000203,0.00002512,-0.00002675,4.430607756,-0.145256351,-3.94381E-06,-4.3402E-06,,,Oph,1,82557,,0.000797995,,11.852,11.622
118530,,,,Gl 299,,,8.199296,8.775732,6.7568,1163.13,-5078.51,-35,12.83,13.681,dM5,1.77,-3.634963,5.599567,1.030592,-0.00002663,-0.00002895,-0.00016987,2.146570752,0.153165417,5.63901E-06,-2.46213E-05,,,Cnc,1,118530,,0.000293495,,,
52866,53020,,,Gl 402,,,10.847797,6.808149,6.7604,-804.4,-809.6,-0.9,11.64,12.49,M4:,1.679,-6.409634,1.9943,0.801412,0.0000057,0.00002584,-0.00002645,2.839946515,0.118824615,-3.89984E-06,-3.92505E-06,,,Leo,1,52866,,0.000879023,,11.742,11.482
119513,,,,GJ 4285,,,22.632675,-65.822318,6.8027,617.95,-349.62,0,11.45,12.287,m,,2.609768,-0.975622,-6.205965,-0.00000271,0.00002277,-0.00000472,5.92522042,-1.148816163,2.99591E-06,-1.69501E-06,,,Tuc,1,119513,,0.001059742,,,
85345,85605,,,,,,17.493402,24.654069,6.8101,97.33,348.92,0,11.39,12.224,,1.101,-0.818464,-6.134956,2.840756,0.00000382,0.00000434,0.00001047,4.579761808,0.430294686,4.71869E-07,1.69161E-06,,,Her,1,85345,,0.001123052,,,
84451,84709,156384,6426,Gl 667A,,,17.315842,-34.989792,6.8357,1149.24,-90.8,0.9,5.91,6.736,K4V,1.082,-0.997648,-5.510603,-3.919803,0.00003765,-0.00000583,-0.00000299,4.533276784,-0.610687079,5.57167E-06,-4.40211E-07,,,Sco,1,84451,Gl 667,0.176035395,,,
112936,113296,216899,,Gl 880,,,22.943009,16.553433,6.8451,-1033.21,-283.33,-27.9,8.68,9.503,M2:,1.507,6.31155,-1.792532,1.950162,-0.0000331,-0.00002624,-0.00001714,6.006465635,0.288911915,-5.00914E-06,-1.37362E-06,,,Peg,1,112936,,0.013765754,,,
118510,,,,Gl 293,,,7.885359,-67.791861,6.9109,1427.31,-1457.52,0,14.08,14.882,DQ9,0.66,-1.238902,2.29964,-6.398229,-0.00002072,-0.00006245,-0.00001847,2.064382212,-1.18319118,6.91979E-06,-7.06628E-06,,,Vol,1,118510,,9.70957E-05,,,
119143,,,,Gl 667B,,,17.315629,-34.992895,6.9711,1145.08,-185.46,1,7.2,7.983,K5 V,,-1.017406,-5.619572,-3.99778,0.00003857,-0.00000419,-0.00000572,4.533220946,-0.610741238,5.5515E-06,-8.99145E-07,,,Sco,2,84451,Gl 667,0.055821307,,,
119144,,,,Gl 667C,,,17.31593,-34.997665,6.9711,1167.64,-170.34,0.6,10.24,11.023,M2.5,1.57,-1.016894,-5.61931,-3.998244,0.00003933,-0.00000429,-0.00000507,4.533299804,-0.610824493,5.66088E-06,-8.25832E-07,,,Sco,3,84451,Gl 667,0.003394689,,,
102765,103096,199305,,Gl 809,,,20.88883,62.15439,7.0487,1.08,-774.24,-17,8.55,9.309,M2V,1.483,2.259284,-2.394775,6.232392,0.00001051,-0.00001108,-0.00002773,5.46868299,1.084798756,5.23599E-09,-3.75362E-06,,,Cep,1,102765,,0.016458869,,,
51172,51317,,,Gl 393,,,10.482098,0.841,7.0671,-602.32,-731.87,8.3,9.65,10.404,M2,1.507,-6.515769,2.734767,0.10373,-0.00000018,0.00002245,-0.00002495,2.744206752,0.014678211,-2.92013E-06,-3.54821E-06,,,Sex,1,51172,,0.006003438,,,
12082,12114,16160,753,Gl 105A,,268 G. Cet,2.601357,6.88687,7.1803,1806.27,1442.5,26,5.79,6.509,K3V,0.918,5.538462,4.488223,0.861013,-0.00002374,0.00006168,0.00005304,0.681033735,0.120198562,8.75704E-06,6.99344E-06,,,Cet,1,12082,Gl 105,0.216970155,,,
118835,,,,GJ 3737,,,12.647117,-38.374865,7.1942,-676.5,-1316.34,0,12.74,13.455,M4,1.69,-5.559306,-0.950686,-4.466188,0.0000241,0.00002806,-0.000036,3.31100755,-0.669767745,-3.27976E-06,-6.38178E-06,,,Cen,1,118835,,0.00036141,,,
118157,,,,Gl 105B,,,2.60431,6.87166,7.2088,1813.13,1447.4,25.7,11.66,12.371,dM4.5,1.6,5.55796,4.511171,0.862659,-0.00002433,0.00006185,0.00005336,0.681806879,0.119933085,8.7903E-06,7.01719E-06,,,Cet,2,12082,Gl 105,0.000980844,,,
119571,,,,GJ 1286,,,23.586282,-2.390374,7.215,778.41,-846.51,0,14.69,15.399,M5,1.96,7.16648,-0.779258,-0.300922,0.00000173,0.0000272,-0.00002958,6.174874139,-0.041719896,3.77384E-06,-4.104E-06,,,Psc,1,119571,,6.03115E-05,,,
119212,,,,GJ 4053,,,18.315393,66.192187,7.2833,465.78,-409.2,0,13.48,14.168,m,1.83,0.242972,-2.929993,6.663525,0.00001748,-0.00001182,-0.00000583,4.794958634,1.155271597,2.25817E-06,-1.98386E-06,,,Dra,1,119212,,0.000187413,,,
119229,,,,GJ 1230A,,,18.685827,24.784458,7.3529,498.32,40.97,0,12.4,13.068,k-m,1.71,1.192254,-6.568303,3.082378,0.00001737,0.00000377,0.00000133,4.89193799,0.432570397,2.41592E-06,1.98623E-07,,,Her,1,119229,GJ 1230,0.000516179,,,
119230,,,,GJ 1230B,,,18.685826,24.786125,7.3529,498.32,40.97,0,14,14.668,m,,1.192237,-6.568216,3.082572,0.00001737,0.00000377,0.00000133,4.891937821,0.432599486,2.41592E-06,1.98623E-07,,,Her,2,119229,GJ 1230,0.00011825,,,
83688,83945,,,GJ 3991,,,17.158741,43.681351,7.4455,333.92,-278.02,0,11.77,12.411,M3,1.696,-1.176301,-5.254468,5.142212,0.00001025,-0.0000094,-0.00000726,4.492147964,0.76238339,1.61889E-06,-1.34788E-06,,,Her,1,83688,,0.000945366,,11.863,11.693
3759,3765,4628,222,Gl 33,,96 G. Psc,0.806382,5.280615,7.4549,758.04,-1141.22,-10,5.74,6.378,K2V,0.89,7.258368,1.555495,0.686093,-0.00001198,0.00002545,-0.00004201,0.211110319,0.092164116,3.67508E-06,-5.53279E-06,,,Psc,1,3759,,0.244793567,,,
119492,,,,GJ 4274,,,22.385183,-17.607447,7.4571,284.7,-715.43,0,13.25,13.887,M4,1.84,6.481995,-2.916125,-2.255726,-0.00000291,0.00001259,-0.00002465,5.860427202,-0.307307917,1.38026E-06,-3.46851E-06,,,Aqr,1,119492,,0.000242773,,,
2016,2021,2151,98,Gl 19,Bet Hyi,,0.427916,-77.254247,7.4588,2220.12,324.37,22.9,2.82,3.457,G2IV,0.618,1.635267,0.184517,-7.275205,0.00000754,0.00008163,-0.00002026,0.11202811,-1.348340964,1.07634E-05,1.57259E-06,Bet,,Hyi,1,2016,,3.607447339,,,
12748,12781,,,Gl 109,,,2.737626,25.523357,7.5098,864.77,-367.17,29.9,10.55,11.172,M3.5Ve,1.53,5.109768,4.451981,3.235931,0.00000447,0.00004565,0.00000111,0.716708921,0.445466607,4.19252E-06,-1.78009E-06,,,Ari,1,12748,,0.002959375,VX,10.612,10.502
62752,62951,,,,,,12.899631,-18.034764,7.5284,-101.17,97.4,0,8.51,9.126,A2,0.497,-6.960892,-1.67045,-2.330747,-0.00000193,0.00000333,0.00000338,3.377115553,-0.314766008,-4.90486E-07,4.72209E-07,,,Crv,1,62752,,0.019480496,,,
117987,,,,GJ 2005,,,0.411699,-27.147825,7.5301,-54.23,607.59,-220,15.42,16.036,M5.5,,6.651693,0.719714,-3.430758,-0.00018876,-0.00002242,0.00012243,0.107782454,-0.473818923,-2.62914E-07,2.94566E-06,,,Scl,1,117987,,3.35429E-05,,,
7966,7981,10476,493,Gl 68,107    Psc,,1.70827,20.268504,7.5324,-302.12,-677.4,-33.7,5.24,5.855,K1V,0.836,6.370804,3.055661,2.60927,-0.00001665,-0.00002022,-0.00003514,0.447224151,0.353752136,-1.46472E-06,-3.28413E-06,,107,Psc,1,7966,,0.396278034,,,
119199,,,,GJ 1224,,,18.125803,-15.965789,7.5358,-560.93,-347.79,0,13.63,14.244,m,1.79,0.238537,-7.241188,-2.072822,-0.0000206,0.00000281,-0.00001222,4.745324182,-0.278655579,-2.71947E-06,-1.68613E-06,,,Ser,1,119199,,0.000174743,,,
118043,,,,Gl 53B,,,1.135395,54.920396,7.5529,3425.07,-1575.36,0,11,11.609,,,4.149624,1.273905,6.180949,0.00000853,0.00013373,-0.00003313,0.297245611,0.958541744,1.66052E-05,-7.63755E-06,,,Cas,2,5325,Gl  53,0.001978791,,,
5325,5336,6582,321,Gl 53A,30Mu  Cas,,1.137477,54.92034,7.554,3421.44,-1599.27,-98.1,5.17,5.779,G5Vp,0.704,4.149699,1.274102,6.181126,-0.00004604,0.00011693,-0.00011576,0.297790758,0.958540767,1.65876E-05,-7.75348E-06,Mu,30,Cas,1,5325,Gl  53,0.425010833,,,
118405,,,,GJ 3378,,,6.019463,59.600972,7.5643,-145.55,-817.14,0,11.71,12.316,m,1.6,-0.019372,3.827631,6.524377,0.0000052,0.00002587,-0.00001516,1.575891665,1.040233199,-7.05646E-07,-3.96159E-06,,,Cam,1,118405,,0.001031811,,,
112923,113283,216803,8721,Gl 879,,,22.940005,-31.565567,7.6092,330.53,-159.86,9,6.48,7.073,K4Vp,1.094,6.235383,-1.77617,-3.98326,0.00000791,0.00001042,-0.00000984,6.005679361,-0.550923077,1.60245E-06,-7.75023E-07,,,PsA,1,112923,,0.129062478,TW,6.498,6.458
118187,,,,GJ 3193B,,,3.030639,-16.589769,7.6336,-338.84,-264.73,0,11.8,12.386,M3,,5.131438,5.21439,-2.179524,0.00000698,-0.00001079,-0.00000939,0.793419508,-0.289546089,-1.64274E-06,-1.28347E-06,,,Eri,2,118187,GJ 3193,0.000967386,,,
119616,,,,GJ 3192,,,3.030656,-16.590778,7.6336,-342.78,-267.81,0,10.96,11.26,M3,1.69,5.13137,5.214404,-2.17965,0,0,0,0.793423889,-0.28683472,-1.66184E-06,-1.29838E-07,,,Eri,1,119616,,0.00272898,,,
65653,65859,,,Gl 514,,,13.499938,10.377162,7.6558,1128,-1074.3,14.3,9.05,9.63,M1V,1.493,-6.957507,-2.881767,1.37904,-0.00000391,-0.00004693,-0.00003658,3.534275373,0.181115646,5.4687E-06,-5.20835E-06,,,Vir,1,65653,,0.012246162,,,
90979,91262,172167,7001,Gl 721,3Alp Lyr,Vega,18.61564,38.783692,7.6787,201.02,287.46,-12.1,0.03,0.604,A0Vvar,-0.001,0.960565,-5.908009,4.809731,0.00000476,0.00001734,0.00000059,4.873563096,0.676903116,9.74572E-07,1.39365E-06,Alp,3,Lyr,1,90979,,49.93441887,,,
85036,85295,157881,,Gl 673,,,17.429231,2.111422,7.7006,-580.47,-1184.81,-23.3,7.54,8.107,K7V,1.359,-1.145591,-7.609413,0.283705,-0.00001813,0.00002516,-0.00004508,4.56296205,0.036851272,-2.8142E-06,-5.74412E-06,,,Oph,1,85036,,0.049796635,,,
113008,113368,216956,8728,Gl 881,24Alp PsA,Fomalhaut,22.960838,-29.622236,7.7036,329.22,-164.22,6.1,1.17,1.737,A3V,0.145,6.450517,-1.799476,-3.807757,0.00000561,0.0000112,-0.00000841,6.011133384,-0.517005551,1.5961E-06,-7.96161E-07,Alp,24,PsA,1,113008,,17.58733354,,,
118451,,,,GJ 3417,,,6.965577,62.325443,7.7519,328.5,-390.11,0,13.65,14.203,m,,-0.900784,3.485855,6.865082,-0.0000152,0.00000948,-0.00000681,1.823583703,1.08778419,1.59261E-06,-1.8913E-06,,,Cam,1,118451,,0.000181468,,,
118455,,,,GJ 1093,,,6.991184,19.349633,7.758,827.35,-896.6,0,14.83,15.381,m,1.93,-1.878261,7.074699,2.570473,-0.00003294,0.00000283,-0.00003181,1.830287698,0.3377148,4.01111E-06,-4.34682E-06,,,Gem,1,118455,,6.13197E-05,,,
88300,88574,165222,,Gl 701,,,18.085438,-3.031319,7.7586,570.14,-332.59,32.5,9.37,9.921,M2V,1.508,0.173292,-7.746096,-0.410305,0.00002217,-0.00003204,-0.00001425,4.734756707,-0.052906504,2.76412E-06,-1.61244E-06,,,Ser,1,88300,,0.009366989,,,
61681,61874,,,Gl 480.1,,,12.679573,-43.566376,7.7809,-782.02,693.51,-44,12.24,12.785,M4,1.75,-5.548597,-0.997637,-5.362282,0.00000912,0.00003161,0.00004997,3.319504401,-0.760376712,-3.79134E-06,3.36223E-06,,,Cen,1,61681,,0.000669885,,12.373,12.103
119615,,,,Gl 915,,,0.036059,-43.165974,7.8003,612.44,-673.06,0,13.05,13.589,DA5,0.07,5.689088,0.054021,-5.336296,-0.00001762,0.000023,-0.00001857,0.009440125,-0.753388363,2.96919E-06,-3.26311E-06,,,Phe,1,119615,,0.000319448,,,
7736,7751,10360,486,Gl 66B,,p Eridani,1.663169,-56.1964,7.8223,286.1,16.66,22.5,5.76,6.293,K0V,0.88,3.945945,1.835674,-6.500103,0.00000751,0.00001546,-0.00001877,0.435416735,-0.980812209,1.38705E-06,8.077E-08,,,Eri,2,118084,Gl 66,0.264728074,,,
49845,49986,,,Gl 382,,,10.204908,-3.745662,7.8691,-152.93,-242.9,7.7,9.26,9.78,M3,1.487,-7.001078,3.555904,-0.514073,-0.00000382,0.00000849,-0.00000976,2.671638625,-0.065374137,-7.41426E-07,-1.17761E-06,,,Sex,1,49845,,0.010665961,AN,9.292,9.232
118894,,,,GJ 3789,,,13.529586,29.27375,7.9365,-221.17,-154.87,0,11.95,12.452,M4  e,1.57,-6.375287,-2.698711,3.880812,-0.000006,0.0000067,-0.0000052,3.542037312,0.510923326,-1.07226E-06,-7.50807E-07,,,CVn,1,118894,,0.000910332,,,
118400,,,,GJ 1087,,,5.940372,5.364556,7.9936,-476.69,-935.56,0,14.1,14.586,DAP9,0.6,0.124237,7.957618,0.747341,0.00001852,0.00000311,-0.00003609,1.555185722,0.093629169,-2.31106E-06,-4.5357E-06,,,Ori,1,118400,,0.000127526,,,
100854,101180,,,Gl 793,,,20.5088,65.44956,7.9955,443.25,284.06,10.1,10.54,11.026,M3,1.542,2.028515,-2.630896,7.272756,0.00001011,0.00001502,0.00001397,5.369191383,1.142310313,2.14894E-06,1.37716E-06,,,Cep,1,100854,,0.003385322,,10.602,10.502
33412,33499,,,Gl 257A,,,6.963016,-44.2912,8.0096,-1102.25,-42.57,0,10.81,11.292,M4+...,1.636,-1.430089,5.55205,-5.593146,0.00004173,0.00000956,-0.00000118,1.822913427,-0.773027273,-5.34386E-06,-2.06385E-07,,,Pup,1,33412,Gl 257,0.00264972,,10.887,10.727
119418,,,,Gl 831B,,,21.521904,-9.790445,8.0115,1189.88,-16.61,0,14.9,15.381,,,6.290861,-4.770042,-1.362317,0.00002784,0.00003688,-0.00000064,5.634421212,-0.170875502,5.7687E-06,-8.05469E-08,,,Cap,2,105913,Gl 831,6.13197E-05,,,
118454,,,,Gl 257B,,,6.963287,-44.290792,8.0244,-1125.7,-98.48,0,11.7,12.178,M3,,-1.432637,5.562374,-5.60344,0.00004307,0.00000835,-0.00000274,1.822984331,-0.773020146,-5.45755E-06,-4.77469E-07,,,Pup,2,33412,Gl 257,0.001171656,,,
119536,,,,GJ 1276,,,22.898146,-6.782264,8.0515,2470.44,-708.39,0,15.65,16.121,DZ9+,1.9,7.664822,-2.274437,-0.950855,0.00002436,0.00009335,-0.00002746,5.994720605,-0.118372844,1.1977E-05,-3.43436E-06,,,Aqr,1,119536,,3.1017E-05,,,
80105,80346,,,Gl 623,,,16.402496,48.352905,8.0567,1145.33,-452.28,-27.8,10.27,10.739,M3,1.475,-2.174286,-4.892451,6.0202,0.00004319,-0.00001297,-0.00003298,4.294163499,0.84391739,5.55272E-06,-2.19272E-06,,,Her,1,80105,,0.004409608,,10.317,10.207
89660,89937,170153,6927,Gl 713A,44Chi Dra,,18.350736,72.732843,8.0574,531.08,-351.59,32,3.55,4.019,F7Vvar,0.489,0.219434,-2.381656,7.694536,0.00002275,-0.00002083,0.00002718,4.804211383,1.269427584,2.57475E-06,-1.70456E-06,Chi,44,Dra,1,89660,Gl 713,2.14980961,,,
119224,,,,GJ 4063,,,18.576709,40.121916,8.0645,45.74,-215.19,0,11.42,11.887,M3  p,1.42,0.927552,-6.096565,5.196894,0.00000258,-0.00000509,-0.00000643,4.863371141,0.700259534,2.21754E-07,-1.04328E-06,,,Lyr,1,119224,,0.001531793,,,
22396,22449,30652,1543,Gl 178,1Pi 3Ori,Tabit,4.830669,6.961276,8.0684,463.44,11.62,24.4,3.19,3.656,F6V,0.484,2.413721,7.63677,0.977904,-0.00000983,0.00002903,0.00000348,1.264666197,0.12149718,2.24682E-06,5.63353E-08,Pi-3,1,Ori,1,22396,,3.003308879,,,
86022,86287,,,Gl 686,,,17.631477,18.591709,8.086,926.83,983.19,-9.5,9.62,10.081,M1,1.53,-0.738247,-7.628308,2.577969,0.00003823,0.00001789,0.00003343,4.615909881,0.324486532,4.4934E-06,4.76664E-06,,,Her,1,86022,,0.00808351,,,
118293,,,,GJ 2034,,,4.350211,-48.657863,8.1301,42.2,-548.38,0,14.36,14.81,DA8,0.52,2.248063,4.877201,-6.103905,-0.0000083,-0.00001404,-0.00001428,1.138882449,-0.849239918,2.04591E-07,-2.65862E-06,,,Cae,1,118293,,0.000103753,,,
118621,,,,GJ 1123,,,9.280493,-77.838716,8.1301,665.14,-773.3,0,13.1,13.55,m,1.64,-1.297343,1.118177,-7.947648,0.00000542,-0.00003931,-0.00000643,2.429627395,-1.358541883,3.22469E-06,-3.74905E-06,,,Cha,1,118621,,0.000331131,,,
119588,,,,GJ 1289,,,23.718212,36.537175,8.1301,920.26,-134.25,-6,12.57,13.02,k,1.6,6.514311,-0.48109,4.840026,0.00000091,0.0000363,-0.0000079,6.209413385,0.637694006,4.46155E-06,-6.50867E-07,,,And,1,119588,,0.000539511,,,
118861,,,,Gl 493.1,,,13.009381,5.685534,8.1433,-939.52,241.23,-40,13.4,13.846,dM5  e,1.75,-7.819993,-2.115948,0.806542,0.00003051,0.00004669,0.00000543,3.405847998,0.099231294,-4.55492E-06,1.16951E-06,,,Vir,1,118861,,0.000252116,,,
118084,,10361,487,Gl 66A,,p Eridani,1.663003,-56.19462,8.1466,268.8,25.41,19.5,5.8,6.245,K2 V,0.86,4.110128,1.912046,-6.7701,0.00000634,0.00001466,-0.00001601,0.43537305,-0.980781133,1.30318E-06,1.23186E-07,,,Eri,1,118084,Gl 66,0.276694165,,,
119260,,,,Gl 747A,,,19.128333,32.543654,8.1566,1228.31,1071.52,-47,11.86,12.302,M3.5 J,1.7,2.001475,-6.576,4.386486,0.00002806,0.0000747,0.00000987,5.007785939,0.567993908,5.95501E-06,5.19488E-06,,,Lyr,1,119260,Gl 747,0.001045201,,,
119261,,,,Gl 747B,,,19.128333,32.543654,8.1566,1228.31,1071.52,0,12.16,12.602,M5   K,,2.002064,-6.577939,4.387778,0.00003984,0.00003592,0.00003572,5.007785939,0.567993908,5.95501E-06,5.19488E-06,,,Lyr,2,119260,Gl 747,0.000792866,,,
118902,,,,Gl 518,,,13.609009,3.679643,8.1833,-3712.55,-1092.66,0,14.65,15.085,DZ9,0.95,-7.45256,-3.339161,0.525186,-0.00006289,0.0001332,-0.00004326,3.562830139,0.064221878,-1.7999E-05,-5.29737E-06,,,Vir,1,118902,,8.05378E-05,,,
5485,5496,,,Gl 54,,,1.172926,-67.444956,8.194,389.2,571.98,26.1,9.8,10.233,K,1.568,2.996021,0.950129,-7.567468,0.00002509,0.00002417,-0.00001594,0.307071204,-1.177136541,1.88689E-06,2.77304E-06,,,Tuc,1,5485,,0.007027486,,,
118777,,,,GJ 1151,,,11.850375,48.376728,8.2102,-1534.97,-977.88,-34,13.25,13.678,m,1.84,-5.448084,0.214547,6.136058,-0.00000363,0.00006128,-0.00005184,3.102420847,0.844333183,-7.44174E-06,-4.74092E-06,,,UMa,1,118777,,0.000294307,,,
113216,113576,217357,,Gl 884,,,23.00449,-22.524347,8.2176,-904.21,58.09,15.4,7.88,8.306,K5/M0V,1.379,7.334508,-1.956062,-3.148018,0.00000563,-0.00003878,-0.0000039,6.022561421,-0.393124013,-4.38373E-06,2.81628E-07,,,Aqr,1,113216,,0.041457203,,,
4847,4856,,,Gl 48,,,1.04167,71.679816,8.2366,1745.69,-380.43,0.8,9.98,10.401,M3.5e,1.501,2.493198,0.697723,7.819133,-0.00000463,0.00007108,-0.000004,0.272708509,1.251048805,8.46334E-06,-1.84438E-06,,,Cas,1,4847,,0.006020049,,,
119218,,,,GJ 1227,,,18.375079,62.048056,8.244,-928.94,-1228.28,0,13.41,13.829,m,1.76,0.377857,-3.845699,7.282264,-0.00003268,-0.00004681,-0.000023,4.81058432,1.082942865,-4.50363E-06,-5.95486E-06,,,Dra,1,119218,,0.000256094,,,
105913,106255,,,Gl 831A,,,21.521833,-9.790663,8.2974,1161.8,-54.19,-56.7,11.96,12.365,M4e...,1.703,6.514846,-4.940104,-1.410878,-0.00001759,0.00007199,0.00000771,5.634402693,-0.170879313,5.63257E-06,-2.62721E-07,,,Cap,1,105913,Gl 831,0.000986279,BB,12.053,11.823
86705,86974,161797,6623,Gl 695A,86Mu  Her,,17.774319,27.720676,8.3105,-291.42,-750,-16.7,3.42,3.822,G5IV,0.75,-0.434406,-7.3437,3.865655,-0.00001166,0.00000175,-0.00003469,4.653305864,0.48381707,-1.41284E-06,-3.6361E-06,Mu,86,Her,1,86705,Gl 695,2.57750787,,,
118425,,,,Gl 232,,,6.411499,23.434998,8.3333,561.23,-512.47,0,13.06,13.456,M4.5,1.76,-0.822196,7.601565,3.314223,-0.00002343,0.00000575,-0.00001899,1.678526607,0.409017877,2.72092E-06,-2.48452E-06,,,Gem,1,118425,,0.000361077,,,
79777,80018,,,Gl 618A,,,16.334341,-37.529011,8.3438,-729.36,991.16,20,10.56,10.953,M4,1.55,-2.794995,-5.99789,-5.082844,-0.00004391,-0.00002438,0.00001933,4.276320366,-0.655004809,-3.53604E-06,4.80528E-06,,,Sco,1,79777,Gl 618,0.003620762,,10.674,10.524
62257,62452,,,Gl 486,,Gar,12.799065,9.751397,8.3703,-1007.72,-461.01,18.8,11.39,11.776,M4,1.563,-8.06968,-1.713193,1.417736,-0.00003013,0.0000354,-0.00001518,3.350787341,0.170193989,-4.88556E-06,-2.23504E-06,,,Vir,1,62257,,0.00169668,,11.461,11.301
119179,,,,Gl 695B,,,17.773741,27.715759,8.3998,-336.14,-747.94,-13.9,10.35,10.729,M3   J,1.49,-0.440255,-7.42238,3.906295,-0.00001376,-0.00000077,-0.00003357,4.653154479,0.483731249,-1.62965E-06,-3.62611E-06,,,Her,2,86705,Gl 695,0.00445041,,,
119180,,,,Gl 695C,,,17.773741,27.715759,8.3998,-336.14,-747.94,0,10.8,11.179,M4   K,,-0.440292,-7.423009,3.906626,-0.0000145,-0.00001334,-0.00002696,4.653154479,0.483731249,-1.62965E-06,-3.62611E-06,,,Her,3,86705,Gl 695,0.002940357,,,
118769,,,,Gl 438,,,11.721626,-51.839852,8.4034,672.11,-536.54,0.5,10.36,10.738,K0,1.53,-5.17841,0.377538,-6.607502,0.00001483,-0.00002854,-0.00001391,3.06871456,-0.904776105,3.25848E-06,-2.6012E-06,,,Cen,1,118769,,0.004413671,,,
61124,61317,109358,4785,Gl 475,8Bet CVn,Chara,12.562411,41.35748,8.4395,-705.06,292.93,6.6,4.24,4.608,G0V,0.588,-6.266213,-0.929293,5.576481,-0.00000141,0.00002895,0.00001346,3.288831624,0.721824191,-3.41823E-06,1.42016E-06,Bet,8,CVn,1,61124,,1.249683397,,,
118128,,,,GJ 3146,,,2.275314,13.594943,8.4602,518.66,-408.15,0,15.79,16.153,m,1.98,6.806865,4.613779,1.988623,-0.00000867,0.00001982,-0.00001627,0.595675757,0.237276511,2.51453E-06,-1.97876E-06,,,Ari,1,118128,,3.01162E-05,,,
118805,,,,GJ 1154A,,,12.237909,0.621346,8.4602,-937.18,-286.52,0,13.73,14.093,m,1.77,-8.443299,-0.526567,0.091746,-0.00000253,0.00003835,-0.00001175,3.203877051,0.010844527,-4.54358E-06,-1.38911E-06,,,Vir,1,118805,GJ 1154,0.000200817,,,
118201,,,,GJ 1057,,,3.222852,4.775634,8.4674,1696.64,106.74,0,13.8,14.161,m,1.82,5.608502,6.304334,0.704946,-0.00005226,0.00004604,0.00000437,0.84374069,0.083350532,8.22554E-06,5.17505E-07,,,Cet,1,118201,,0.000188625,,,
119077,,,,Gl 618B,,,16.334532,-37.530714,8.4724,-708.46,993.22,0,14.15,14.51,M5  :,1.79,-2.837867,-6.090101,-5.161273,-0.00003687,-0.00001025,0.00003234,4.276370388,-0.655034534,-3.43471E-06,4.81527E-06,,,Sco,2,79777,Gl 618,0.000136773,,,
118048,,,,GJ 3076,,,1.190439,15.439265,8.4746,172.02,-120.45,0,14.36,14.719,m,,7.77526,2.504849,2.256081,-0.00000091,0.00000713,-0.00000477,0.311656119,0.269466002,8.33976E-07,-5.83963E-07,,,Psc,1,118048,,0.000112824,,,
93578,93873,,,Gl 745A,,,19.118217,20.888048,8.5143,-480.82,-345.6,32.1,10.77,11.119,M2,1.57,2.295683,-7.616551,3.035818,-0.00000868,-0.00003996,-0.00000162,5.005137628,0.364565215,-2.33108E-06,-1.67552E-06,,,Sge,1,93578,Gl 745,0.00310742,,10.841,10.671
118345,,,,Gl 185B,,,5.041092,-21.255243,8.5193,-154.96,-256.88,0,10.5,10.848,,,1.972362,7.690888,-3.088445,0.00000524,-0.00000531,-0.00000989,1.319754915,-0.370973981,-7.51267E-07,-1.24539E-06,,,Lep,2,23397,Gl 185,0.003988412,,,
18852,18899,,,,,,4.05109,-15.152604,8.5529,-30.59,-208.68,0,10.41,10.749,,,4.031777,7.204078,-2.235649,0,-0.00000259,-0.00000835,1.060572985,-0.264462829,-1.48305E-07,-1.01171E-06,,,Eri,1,18852,,0.004369181,,,
64720,64924,115617,5019,Gl 506,61    Vir,,13.306763,-18.311196,8.5551,-1069.9,-1063.78,-8.4,4.74,5.079,G5V,0.709,-7.651172,-2.724657,-2.6878,0.00000585,0.00004919,-0.00003919,3.483702481,-0.319590663,-5.18702E-06,-5.15735E-06,,61,Vir,1,64720,,0.809841447,,,
118572,,,,GJ 3517,,,8.893343,-3.49008,8.5616,-536.3,-193.08,0,18.8,19.137,m,,-5.871673,6.20909,-0.521194,0.00001651,0.00001494,-0.000008,2.328271858,-0.06091339,-2.60006E-06,-9.36078E-07,,,Hya,1,118572,,1.92841E-06,,,
23397,23452,32450,,Gl 185A,,,5.04123,-21.256645,8.5771,-141.55,-221.74,-17.2,8.31,8.643,M0V,1.43,1.985393,7.742932,-3.109538,0.0000008,-0.00002058,-0.00000222,1.319790892,-0.370998437,-6.86254E-07,-1.07503E-06,,,Lep,1,23397,Gl 185,0.03039485,,,
57629,57802,,,Gl 450,,,11.852048,35.272017,8.5852,-271.97,254.93,0.5,9.76,10.091,M1V,1.477,-7.003872,0.27144,4.957603,0.00000614,0.00001109,0.00000896,3.102858923,0.615612833,-1.31855E-06,1.23594E-06,,,UMa,1,57629,,0.0080094,,,
1595,1599,1581,77,Gl 17,Zet Tuc,,0.334142,-64.874791,8.5866,1707.56,1165.36,9,4.23,4.561,F9V,0.576,3.631914,0.318885,-7.774227,0.00004144,0.00007498,0.00001226,0.087478102,-1.132278698,8.27848E-06,5.64982E-06,Zet,,Tuc,1,1595,,1.304968414,,,
112869,113229,,,Gl 877,,,22.929805,-75.458671,8.6155,-1027.28,-1061.6,-86,10.42,10.744,K,1.485,2.078553,-0.598387,-8.338773,-0.00007433,-0.00002326,0.000074,6.003008887,-1.317002253,-4.98039E-06,-5.14678E-06,,,Oct,1,112869,,0.004389348,,10.487,10.347
38846,38956,,,GJ 1105,,,7.970183,41.303706,8.6162,212.35,-685.1,-11,12.02,12.343,M4V,1.618,-3.192462,5.630519,5.68706,-0.00001286,0.00000471,-0.00002892,2.086588935,0.720885659,1.0295E-06,-3.32146E-06,,,Lyn,1,38846,,0.001006468,,12.106,11.916
119519,,,,Gl 867B,,,22.645908,-20.620869,8.6423,446.64,-54.84,0,11.45,11.767,dM4  e,1.6,7.585671,-2.807674,-3.043668,0.00000574,0.00001783,-0.00000215,5.928684949,-0.359902058,2.16537E-06,-2.65877E-07,,,Aqr,2,111450,Gl 867,0.001710803,,,
27844,27913,39587,2047,Gl 222A,54Chi1Ori,,5.906386,20.276174,8.6633,-163.17,-98.92,-13.4,4.39,4.702,G0V,0.594,0.199145,8.12391,3.002187,0.00000657,-0.00001158,-0.00000865,1.546288174,0.353886005,-7.9107E-07,-4.79578E-07,Chi-1,54,Ori,1,27844,Gl 222,1.146040591,Chi-1,4.409,4.379
31220,31292,,,,,,6.563156,-75.624991,8.6813,-308.79,256.54,0,11.41,11.717,,,-0.316527,2.131914,-8.409502,0.00001132,0.00001225,0.00000268,1.718230146,-1.319905081,-1.49706E-06,1.24374E-06,,,Men,1,31220,,0.001791431,,,
111450,111802,214479,,Gl 867A,,,22.645988,-20.621134,8.6949,450.58,-79.86,-8.7,9.06,9.364,M0Vpe,1.466,7.631801,-2.824618,-3.062202,-0.00000233,0.00002111,-0.00000002,5.92870584,-0.359906686,2.18447E-06,-3.87172E-07,,,Aqr,1,111450,Gl 867,0.01564588,FK,9.099,9.009
118955,,,,GJ 3839,,,14.284325,31.711595,8.6957,-584.38,-135.99,0,13.1,13.403,m,,-6.113698,-4.16477,4.570841,-0.00001636,0.00001866,-0.00000488,3.739627571,0.553471737,-2.83315E-06,-6.59298E-07,,,Boo,1,118955,,0.00037914,,,
118446,,,,Gl 250B,,,6.871665,-5.188427,8.7002,-540,0,-6.9,10.09,10.392,M2,1.5,-1.960063,8.439581,-0.786739,0.00002377,-0.00000169,0.00000064,1.798997792,-0.090555126,-2.61799E-06,0,,,Mon,2,32897,Gl 250,0.006070158,,,
23256,23311,32147,1614,Gl 183,,,5.013611,-5.753675,8.7078,550.74,-1109.3,22.2,6.22,6.52,K3V,1.049,2.212605,8.376843,-0.872994,-0.00001791,0.00002324,-0.00004887,1.312560205,-0.10042058,2.67006E-06,-5.37804E-06,,,Eri,1,23256,,0.214783047,,,
32897,32984,50281,,Gl 250A,,,6.871681,-5.173713,8.71,-544.41,-3.3,-9.6,6.58,6.88,K3V,1.071,-1.962415,8.449535,-0.785422,0.00002461,-0.00000434,0.00000075,1.799001859,-0.090298328,-2.63937E-06,-1.59989E-08,,,Mon,1,32897,Gl 250,0.154170045,,,
93604,93899,349726,,Gl 745B,,,19.12034,20.877015,8.7527,-481.05,-333.38,31.7,10.76,11.049,M2,1.57,2.364482,-7.829067,3.119241,-0.00000932,-0.00003973,-0.00000166,5.005693274,0.364372652,-2.3322E-06,-1.61627E-06,,,Sge,2,93578,Gl 745,0.003314362,,10.847,10.667
119346,,,,Gl 791.2,,,20.496643,9.688571,8.7566,669.25,120.42,-15,13.05,13.338,dM6  e,1.65,5.248184,-6.851996,1.473543,0.00001284,0.00002996,0.00000246,5.366008504,0.169097472,3.24462E-06,5.83798E-07,,,Del,1,119346,,0.000402532,,,
118543,,,,GJ 2069B,,,8.527146,19.400083,8.7719,-253.77,-118.33,0,13.32,13.605,,,-5.083298,6.528145,2.913697,0.00000749,0.00000795,-0.00000475,2.232401498,0.33859533,-1.23031E-06,-5.73695E-07,,,Cnc,2,41706,GJ 2069,0.000314775,,,
118756,,,,GJ 3667,,,11.487898,18.285492,8.7719,-739.55,547.24,0,13.79,14.075,DC8,,-8.254211,1.113384,2.752202,0.00001143,0.00003019,0.0000221,3.007524564,0.319142043,-3.58544E-06,2.65307E-06,,,Leo,1,118756,,0.000204174,,,
119141,,,,Gl 666B,,,17.317048,-46.636603,8.7866,1035.6,173.3,25.1,8.69,8.971,M0 V,1.41,-1.072432,-5.937897,-6.38891,0.00003931,-0.00003048,-0.0000136,4.533592554,-0.813962281,5.02073E-06,8.40177E-07,,,Ara,2,84462,Gl 666,0.022469841,,,
118503,,,,GJ 1103A,,,7.865175,-0.002777,8.7873,252.44,-716.85,52,13.5,13.781,m,1.68,-4.123605,7.762685,-0.000425,-0.00003444,0.00004193,-0.00003053,2.059098091,-4.84631E-05,1.22386E-06,-3.47538E-06,,,CMi,1,118503,GJ 1103,0.00026767,,,
118504,,,,GJ 1103B,,,7.865454,-0.001128,8.7873,252.44,-716.85,0,15,15.281,m,,-4.122923,7.760035,-0.000173,-0.0000095,-0.00000504,-0.00003054,2.059170939,-1.96881E-05,1.22386E-06,-3.47538E-06,,,CMi,2,118503,GJ 1103,6.72357E-05,,,
84462,84720,156274,6416,Gl 666A,,,17.317655,-46.636235,8.802,1035.25,109.22,23,5.47,5.747,M0V,0.764,-1.073804,-5.947684,-6.399284,0.00004,-0.00002708,-0.0000139,4.533751482,-0.813955844,5.01903E-06,5.29514E-07,,,Ara,1,84462,Gl 666,0.437723638,,,
25514,25578,,,Gl 203,,,5.466709,9.643928,8.8106,-194.06,-759.52,0,12.48,12.755,M5,1.653,1.208775,8.601568,1.475993,0.00000896,0.00000423,-0.00003198,1.431181056,0.1683183,-9.40829E-07,-3.68226E-06,,,Ori,1,25514,,0.000688652,,12.624,12.254
60373,60559,,,Gl 465,,,12.414575,-18.242288,8.8511,1095.9,-2307.48,58,11.28,11.545,M4,1.574,-8.357279,-0.91066,-2.770875,-0.00002011,-0.00004949,-0.0001126,3.250128072,-0.318387983,5.31307E-06,-1.1187E-05,,,Crv,1,60373,,0.00209894,,11.377,11.207
56359,56528,,,Gl 433,,,11.590821,-32.539972,8.8826,-69.85,-852.54,28,9.81,10.067,M2V,1.489,-7.445463,0.800648,-4.777978,-0.00000405,0.00000346,-0.00004635,3.034469873,-0.567929652,-3.38642E-07,-4.13323E-06,,,Hya,1,56359,,0.008188418,,,
108361,108706,,,GJ 4247,,,22.020304,28.306906,8.9023,372.11,36.48,0,11.99,12.242,,1.718,6.808447,-3.882732,4.22142,0.00000731,0.00001432,0.00000139,5.764902127,0.494048712,1.80404E-06,1.7686E-07,,,Peg,1,108361,,0.001104587,V374,12.096,11.856
118557,,,,Gl 318,,,8.692543,-32.941624,8.9047,-1046.62,1339.62,58,11.88,12.132,DA6,0.22,-4.84359,5.694145,-4.843849,-0.00001825,0.00009114,0.00001625,2.275702326,-0.574939805,-5.07416E-06,6.49465E-06,,,Pyx,1,118557,,0.001222362,,,
99507,99825,192310,7722,Gl 785,,,20.254806,-27.032977,8.9111,1241.35,-181.46,-54.4,5.73,5.98,K3V,0.878,4.417951,-6.593863,-4.049903,0.00001499,0.00007398,0.0000183,5.302695837,-0.471814451,6.01823E-06,-8.79743E-07,,,Cap,1,99507,,0.35318317,,,
55195,55360,,,Gl 424,,,11.335364,65.846487,8.9182,-2946.7,184.52,60,9.31,9.559,M1Vvar,1.412,-3.594174,0.632449,8.137924,0.00000448,0.00012856,0.00005926,2.967591348,1.149238005,-1.4286E-05,8.94578E-07,,,UMa,1,55195,,0.013073745,SZ,9.359,9.259
93930,94223,,,,,,19.181198,-48.078712,8.919,-519.27,-256.49,0,10.28,10.528,,,1.81341,-5.676232,-6.636301,-0.0000239,0.00000103,-0.00000741,5.021625843,-0.839131831,-2.51749E-06,-1.2435E-06,,,Tel,1,93930,,0.0053555,,10.544,9.904
27006,27072,38393,1983,Gl 216A,13Gam Lep,,5.741057,-22.448382,8.927,-292.42,-368.45,-9.7,3.59,3.836,F7V,0.481,0.558889,8.231515,-3.40875,0.00001159,-0.00001608,-0.00001095,1.503005147,-0.39179818,-1.41769E-06,-1.7863E-06,Gam,13,Lep,1,27006,Gl 216,2.544485615,,,
118104,,,,GJ 3128,,,2.037337,10.337364,8.9286,-650.62,-284.25,0,15.61,15.856,m,2.02,7.563603,4.465963,1.602182,0.00001622,-0.00002312,-0.0000121,0.533373662,0.180421045,-3.15429E-06,-1.37807E-06,,,Psc,1,118104,,3.95913E-05,,,
118495,,,,Gl 283A,,,7.672348,-17.413251,8.9286,1117.69,-559.7,11,13,13.246,DZQ6,0.24,-3.612268,7.716286,-2.672154,-0.0000453,-0.00001734,-0.00002648,2.00861603,-0.303918557,5.41871E-06,-2.71349E-06,,,Pup,1,118495,Gl 283,0.000438127,,,
118496,,,,Gl 283B,,,7.672348,-17.413251,8.9286,1117.69,-559.7,0,16.42,16.666,m,1.83,-3.612041,7.7158,-2.671986,-0.00004075,-0.00002706,-0.00002312,2.00861603,-0.303918557,5.41871E-06,-2.71349E-06,,,Pup,2,118495,Gl 283,1.87759E-05,,,
118800,,,,GJ 3707,,,12.168072,-15.071534,8.9286,-50.22,-718.25,0,12.06,12.306,m,1.58,-8.613129,-0.37923,-2.321657,0.00000798,0.00000253,-0.00003002,3.185593907,-0.263047896,-2.43473E-07,-3.48215E-06,,,Crv,1,118800,,0.001041358,,,
118938,,,,GJ 3820,,,13.986218,-19.835763,8.9286,-550.03,-184.04,0,13,13.246,K2 :,,-7.288764,-4.173097,-3.029698,-0.00000949,0.000022,-0.00000749,3.661583291,-0.346199371,-2.66662E-06,-8.92232E-07,,,Vir,1,118938,,0.000438127,,,
118392,,38392,1982,Gl 216B,,,5.74059,-22.420198,8.9694,-306.49,-356.32,-8.4,6.13,6.366,K2 V,0.94,0.562689,8.271905,-3.420733,0.00001236,-0.00001472,-0.00001105,1.502882873,-0.39130628,-1.48591E-06,-1.7275E-06,,,Lep,2,27006,Gl 216,0.247514132,,,
119591,,,,GJ 4360,,,23.758834,-16.171768,9.009,-392.94,-554.97,0,14.5,14.727,m,,8.635281,-0.545965,-2.509168,-0.00000782,-0.0000167,-0.00002328,6.220048318,-0.282250598,-1.90503E-06,-2.69059E-06,,,Aqr,1,119591,,0.000111995,,,
118037,,,,Gl 51,,,1.054654,62.366819,9.0171,713.84,93.98,0,13.66,13.885,M5,1.68,4.02358,1.14093,7.988565,-0.000012,0.00002903,0.00000191,0.276107749,1.088506343,3.46079E-06,4.55618E-07,,,Cas,1,118037,,0.00024322,,,
31215,31293,,,,,,6.56217,-75.62999,9.0188,-290.42,278.52,0,10.35,10.574,,,-0.328154,2.214126,-8.736631,0.00001083,0.00001353,0.00000302,1.717972047,-1.319992347,-1.408E-06,1.3503E-06,,,Men,1,31215,,0.00513334,,10.432,10.162
46970,47103,,,Gl 357,,,9.600453,-21.660797,9.0236,137.17,-989.54,-78,10.91,11.133,K,1.572,-6.784803,4.928214,-3.330451,0.00006939,-0.00005782,-0.00001079,2.513392667,-0.378052233,6.65019E-07,-4.79743E-06,,,Hya,1,46970,,0.003067609,,10.976,10.846
17336,17378,23249,1136,Gl 150,23Del Eri,Rana,3.720806,-9.763395,9.0408,-91.71,742.23,-5.1,3.52,3.739,K0IV,0.915,5.006502,7.370189,-1.533131,0.00000354,-0.00000195,0.00003294,0.974104802,-0.170403382,-4.44623E-07,3.59843E-06,Del,23,Eri,1,17336,,2.782274658,Del,3.531,3.511
57767,57939,103095,4550,Gl 451A,,Groombridge 1830,11.88282,37.718679,9.0917,4003.69,-5813,-99.1,6.42,6.627,G8Vp,0.754,-7.187679,0.220247,5.561623,-0.00008204,-0.00017401,-0.00026465,3.110914983,0.658315145,1.94104E-05,-2.81822E-05,,,UMa,1,57767,Gl 451,0.194625616,CF,6.546,6.406
109042,109388,,,Gl 849,,,22.161207,-4.640729,9.0959,1134.9,-19.71,-14.8,10.41,10.616,M3,1.531,8.035603,-4.197679,-0.735916,0.00000974,0.00005137,0.00000036,5.801790315,-0.080995999,5.50215E-06,-9.55568E-08,,,Aqr,1,109042,,0.004938556,,,
40386,40501,,,GJ 2066,,,8.268884,1.302573,9.1224,-375.01,60.11,0,10.08,10.279,,1.51,-5.104251,7.557897,0.207372,0.00001378,0.00000923,0.00000266,2.164788739,0.022734189,-1.8181E-06,2.91422E-07,,,Hya,1,40386,,0.006735968,,,
64189,64394,114710,4983,Gl 502,43Bet Com,,13.197904,27.878183,9.1291,-801.94,882.7,5.1,4.23,4.428,G0V,0.572,-7.676072,-2.489414,4.268726,0.00000204,0.00003797,0.00003697,3.455203216,0.486566084,-3.88791E-06,4.27945E-06,Bet,43,Com,1,64189,,1.475027102,,,
15419,15457,20630,996,Gl 137,96Kap1Cet,,3.322693,3.370198,9.1399,268.88,93.53,18.9,4.84,5.035,G5Vvar,0.681,5.88441,6.973226,0.537318,0.00000318,0.00002224,0.00000527,0.869879059,0.058821049,1.30357E-06,4.53446E-07,Kap-1,96,Cet,1,15419,,0.843334758,Kap-1,4.864,4.824
9702,9724,,,Gl 84,,,2.084669,-17.614632,9.1424,1317.53,-173.94,-35,10.19,10.385,M3,1.514,7.447634,4.522928,-2.766518,-0.00006146,0.00003099,0.00000348,0.545765113,-0.307433321,6.38757E-06,-8.43285E-07,,,Cet,1,9702,,0.00610942,,,
118779,,,,Gl 451B,,,11.882015,37.719619,9.1567,4003.3,-5803.11,0,12,12.191,,,-7.239693,0.221836,5.602057,-0.00016346,-0.00017258,-0.00020354,3.110704304,0.658331547,1.94085E-05,-2.81343E-05,,,UMa,2,57767,Gl 451,0.001157711,,,
118459,,,,GJ 3421,,,7.065292,52.707092,9.1659,718.94,-910.34,0,13.3,13.489,M4.5,1.84,-1.529443,5.338769,7.291918,-0.00003957,0.00002215,-0.0000245,1.849689064,0.919912286,3.48552E-06,-4.41345E-06,,,Lyn,1,118459,,0.000350268,,,
23457,23512,,,GJ 3325,,,5.055581,-17.373541,9.2073,-226.25,-447.88,0,11.71,11.889,K:,1.661,2.150567,8.520023,-2.749301,0.00000833,-0.00000826,-0.00001908,1.323548035,-0.303225501,-1.09689E-06,-2.17138E-06,,,Lep,1,23457,,0.001528974,,11.798,11.628
57270,57443,102365,4523,Gl 442A,,,11.775376,-40.500354,9.2208,-1531.69,403.41,15.3,4.89,5.066,G3/G5V,0.664,-6.99949,0.412234,-5.988563,-0.00001955,0.00006973,0.00000355,3.082786216,-0.706864525,-7.42584E-06,1.95579E-06,,,Cen,1,57270,Gl 442,0.81959632,,,
118771,,,,Gl 442B,,,11.776003,-40.495551,9.2396,-1540.05,395.42,0,15,15.172,,,-7.014188,0.412626,-6.000094,-0.00000747,0.00006953,0.00001347,3.082950441,-0.706780695,-7.46637E-06,1.91703E-06,,,Cen,2,57270,Gl 442,7.43361E-05,,,
105519,105858,203608,8181,Gl 827,Gam Pav,,21.440705,-65.366198,9.2618,81.08,800.68,-29.4,4.21,4.377,F6V,0.494,3.025799,-2.397286,-8.418648,0.00001805,-0.00000966,0.00004232,5.613163538,-1.140855378,3.93087E-07,3.88181E-06,Gam,,Pav,1,105519,,1.545966219,,,
23877,23932,,,Gl 190,,,5.143064,-18.172048,9.2721,503.75,-1400.17,7,10.28,10.444,M5,1.52,1.95987,8.588938,-2.891723,-0.00002493,-0.00000746,-0.00006203,1.346450972,-0.317162074,2.44225E-06,-6.78822E-06,,,Lep,1,23877,,0.005786287,,10.338,10.228
21879,21932,285968,,Gl 176,,,4.715487,18.958171,9.2739,659.83,-1114.72,26.4,9.95,10.114,M2,1.523,2.894283,8.279782,3.012961,-0.0000142,0.00004927,-0.00003862,1.234511717,0.33088251,3.19895E-06,-5.40432E-06,,,Tau,1,21879,,0.007841515,,,
9764,9786,,,GJ 3135,,,2.096834,-30.17665,9.2756,-527.75,100.08,0,12.15,12.313,K:...,1.719,6.840438,4.183997,-4.662544,0.00001431,-0.00001906,0.00000389,0.548949774,-0.526681891,-2.5586E-06,4.85202E-07,,,For,1,9764,,0.001034666,,12.25,12.04
118409,,,,GJ 3380,,,6.041436,49.863974,9.2764,76.68,-796.32,0,14.47,14.633,m,1.87,-0.064926,5.979256,7.091959,-0.00000374,0.00002734,-0.00002308,1.581644173,0.870290521,3.71755E-07,-3.86065E-06,,,Aur,1,118409,,0.000122124,,,
66694,66906,,,GJ 3801,,,13.712023,33.290104,9.279,-111.47,-706.72,0,12.03,12.192,M:,2.4,-6.990214,-3.361201,5.093044,-0.0000179,-0.00000304,-0.00002657,3.589799153,0.581021919,-5.40422E-07,-3.42628E-06,,,CVn,1,66694,,0.001156645,,12.14,11.94
119344,,,,GJ 1253,,,20.434689,58.57218,9.2937,245,547.7,0,14.04,14.199,M5,1.79,2.884081,-3.894277,7.930293,-0.00000366,0.00002349,0.00001287,5.34978896,1.022277391,1.18779E-06,2.65532E-06,,,Cyg,1,119344,,0.000182138,,,
29204,29277,,,Gl 226,,,6.172129,82.106754,9.3729,50.26,-1336.86,-21,10.48,10.621,M3,1.514,-0.058,1.285826,9.283912,-0.00000486,0.00005706,-0.00002961,1.615859472,1.43303319,2.43667E-07,-6.48128E-06,,,Cam,1,29204,,0.004915866,,10.534,10.424
27535,27604,39170,,,,,5.844309,-1.429388,9.402,-3.56,65.47,0,9.38,9.514,F0,0.24,0.382999,9.391268,-0.234532,0.00000017,0.00000007,0.00000298,1.530036457,-0.024947534,-1.72594E-08,3.17408E-07,,,Ori,1,27535,,0.013626992,,9.528,8.638
14067,14101,,,,,,3.030943,-16.593373,9.4197,-361.17,-304.4,0,10.4,10.53,,,6.331435,6.434849,-2.690055,0.00000897,-0.0000144,-0.00001332,0.793499114,-0.289608986,-1.751E-06,-1.47577E-06,,,Eri,1,14067,,0.005345644,,,
47291,47425,,,Gl 358,,,9.662908,-41.067557,9.467,-526.08,356.91,142,10.72,10.839,M:,1.521,-5.843427,4.100249,-6.220166,-0.00008457,0.00008883,-0.00008306,2.52974347,-0.716764081,-2.55051E-06,1.73035E-06,,,Vel,1,47291,,0.00402161,,10.804,10.664
86509,86776,,,Gl 694,,,17.732211,43.378612,9.4787,9.48,-602.62,-14.5,10.49,10.606,M3,1.528,-0.482592,-6.872396,6.510036,-0.00000014,-0.00000825,-0.00003031,4.642282022,0.757099608,4.59603E-08,-2.92158E-06,,,Her,1,86509,,0.004984252,,,
119126,,,,GJ 3988,,,17.056637,51.405844,9.5057,143.97,623.6,0,13.56,13.67,k-m,1.75,-1.449495,-5.749763,7.429504,0.00001192,0.00002015,0.00001793,4.465417161,0.897201227,6.97986E-07,3.02328E-06,,,Dra,1,119126,,0.000296483,,,
118323,,,,GJ 3306,,,4.630186,-8.818755,9.5147,232.54,-1502.11,0,13.77,13.878,DQ7,0.33,3.299977,8.804084,-1.458691,-0.00001376,-0.00000616,-0.00006847,1.212179855,-0.153916314,1.12739E-06,-7.28242E-06,,,Eri,1,118323,,0.000244794,,,
118263,,,,GJ 1065,,,3.845601,-6.094239,9.5329,-410.43,-1359.39,0,12.79,12.894,dM4,1.7,5.06738,8.010843,-1.012052,0.00001248,-0.00001576,-0.00006247,1.006775967,-0.106364534,-1.98982E-06,-6.59052E-06,,,Eri,1,118263,,0.000605899,,,
118760,,,,Gl 432B,,,11.575063,-32.833234,9.5383,-669.95,821.44,0,15,15.103,m,,-7.965007,0.890014,-5.171626,-0.00001704,0.00003307,0.00003191,3.030344519,-0.573048042,-3.24801E-06,3.98246E-06,,,Hya,2,56283,Gl 432,7.92136E-05,,,
56283,56452,100623,4458,Gl 432A,,,11.574878,-32.83134,9.5593,-670.98,823.84,-22.6,5.96,6.058,K0V,0.811,-7.982524,0.892159,-5.182636,0.00000218,0.00003104,0.00004461,3.030296016,-0.573014974,-3.253E-06,3.99409E-06,,,Hya,1,56283,Gl 432,0.328700224,,,
119102,,,,Gl 633,,,16.680091,-46.00725,9.5602,355.33,-393.25,30,12.68,12.778,M3,1.61,-2.249263,-6.248781,-6.878976,0.00001272,-0.0000133,-0.00003473,4.366837673,-0.802977999,1.72269E-06,-1.90652E-06,,,Ara,1,119102,,0.000674217,,,
119115,,,,GJ 1207,,,16.951701,-4.350405,9.5785,507.73,-372.97,0,12.28,12.374,dM3.5,1.6,-2.588404,-9.193471,-0.726586,0.00002305,-0.00000513,-0.00001727,4.437944983,-0.075928886,2.46154E-06,-1.8082E-06,,,Oph,1,119115,,0.000978138,,,
117956,,,,GJ 1001,,,0.077898,-40.705153,9.5969,693.12,-1453.16,-3,12.84,12.929,M3.5,1.63,7.27354,0.148745,-6.258677,-0.00004704,0.0000313,-0.00004927,0.020393673,-0.710438934,3.36034E-06,-7.04513E-06,,,Phe,1,117956,,0.000586678,,,
56828,56997,101501,4496,Gl 434,61    UMa,,11.684171,34.201635,9.6117,-13.95,-380.46,-5.9,5.31,5.396,G8Vvar,0.723,-7.922294,0.656542,5.402774,-0.0000049,0.00000106,-0.00001805,3.058908913,0.596931147,-6.76315E-08,-1.84452E-06,,61,UMa,1,56828,,0.604783592,,,
118265,,,,GJ 3253,,,3.878083,17.019189,9.6154,408.35,-640.98,0,13.7,13.785,M4.5,,4.848881,7.811766,2.81435,-0.00001156,0.00001747,-0.00002857,1.015279744,0.297040891,1.97974E-06,-3.10754E-06,,,Tau,1,118265,,0.000266686,,,
118289,,,,GJ 3275,,,4.368687,19.259909,9.6154,-108.33,-19.1,0,12.9,12.985,dM4.5e,1.7,3.759917,8.261925,3.171677,0.00000472,-0.00000182,-0.00000084,1.143719496,0.336148831,-5.25199E-07,-9.26043E-08,,,Tau,1,118289,,0.000557186,,,
72717,72944,,,Gl 569A,,,14.90812,16.101062,9.6534,275.95,-122.11,-8.4,10.11,10.187,M2Ve,1.5,-6.714014,-6.398547,2.67718,0.00001374,-0.00000475,-0.00000787,3.90293657,0.281016544,1.33784E-06,-5.92006E-07,,,Boo,1,72717,Gl 569,0.007331621,CE,10.15,10.02
46522,46655,,,GJ 1125,,,9.512385,0.322661,9.6656,-569.91,-552.23,-40,11.71,11.784,K:...,1.588,-7.686867,5.858842,0.05443,0.00004861,-0.00000347,-0.00002611,2.490336444,0.005631492,-2.763E-06,-2.67729E-06,,,Hya,1,46522,,0.001684225,,11.833,11.593
118976,,,,GJ 3855,,,14.51166,59.717783,9.6805,-800.87,176.08,21,17.88,17.951,M6.5,,-3.864652,-2.983062,8.360544,-0.0000259,0.00002748,0.00002271,3.79914363,1.042271929,-3.88273E-06,8.5367E-07,,,Dra,1,118976,,5.7491E-06,,,
84325,84581,,,,,,17.289866,-7.876427,9.6824,104.16,168.46,0,11.09,11.16,,,-1.772845,-9.425782,-1.326847,0.0000046,-0.00000197,0.00000783,4.52647625,-0.137469582,5.04982E-07,8.16717E-07,,,Oph,1,84325,,0.002992265,,,
61436,61629,,,Gl 479,,,12.631276,-52.001477,9.6918,-1034.22,30.09,3,10.65,10.718,M3,1.47,-5.885415,-0.981456,-7.637418,-0.00001096,0.00004743,-0.00000155,3.306860298,-0.907596987,-5.01404E-06,1.4588E-07,,,Cen,1,61436,,0.004495728,,10.714,10.584
85794,86057,,,Gl 680,,,17.587109,-48.680866,9.7248,84.41,456.02,0,10.13,10.191,K5,1.543,-0.692694,-6.383349,-7.30375,0.00000221,-0.00001648,0.00001419,4.604294329,-0.849641388,4.09231E-07,2.21085E-06,,,Ara,1,85794,,0.00730466,,,
69962,70185,,,,,,14.359603,-16.258501,9.7418,-102.53,-11.98,0,13.45,13.507,,,-7.623809,-5.416765,-2.727426,-0.00000268,0.00000404,-0.00000054,3.75933529,-0.283764372,-4.97079E-07,-5.80807E-08,,,Vir,1,69962,,0.000344509,,,
31555,31635,260655,,Gl 239,,,6.619671,17.564801,9.7466,-775.53,331.8,-56.1,9.63,9.686,M1:,1.48,-1.500769,9.169698,2.941219,0.00004576,-0.00005273,-0.00000237,1.73302572,0.306563614,-3.75988E-06,1.60861E-06,,,Gem,1,31555,,0.011630543,,,
81054,81300,149661,6171,Gl 631,12    Oph,,16.605958,-2.324584,9.7513,455.22,-307.63,-12.1,5.77,5.825,K2V,0.827,-3.477447,-9.101465,-0.395514,0.00002473,0.00000442,-0.00001403,4.347429649,-0.040571638,2.20697E-06,-1.49143E-06,,12,Oph,1,81054,,0.407380278,V2133,5.778,5.758
118152,,,,Gl 102,,,2.560159,24.925877,9.7656,37.96,-678.94,0,12.96,13.012,M4,1.7,6.940132,5.501163,4.115667,0.0000095,0.00000983,-0.00002915,0.670248183,0.435038616,1.84035E-07,-3.29159E-06,,,Ari,1,118152,,0.000543501,,,
118710,,,,GJ 1138,,,10.829586,35.546333,9.7656,-673.5,-1029.22,0,13.02,13.072,m,1.66,-7.575548,2.397046,5.67734,-0.00001741,0.00003894,-0.00003964,2.835178911,0.620400543,-3.26522E-06,-4.9898E-06,,,LMi,1,118710,,0.00051428,,,
81753,82003,151288,,Gl 638,,,16.751765,33.509229,9.8078,-39.18,383.41,-30.6,8.1,8.142,K7V,1.31,-2.62499,-7.74472,5.414454,0.00000984,0.00003484,-0.00000208,4.385601937,0.584846382,-1.8995E-07,1.85882E-06,,,Her,1,81753,,0.048216979,,,
119360,,,,GJ 1256,,,20.676098,15.498127,9.8425,1322.19,664.99,-76,13.43,13.464,dM4-5,1.72,6.11219,-7.247628,2.628946,-0.00000549,0.00010441,0.00000982,5.412989689,0.270493345,6.41016E-06,3.22397E-06,,,Del,1,119360,,0.000358426,,,
47645,47780,,,Gl 367,,Añañuca,9.741653,-45.776513,9.8707,-466.6,-585.84,60,10.22,10.248,M1:,1.53,-5.716082,3.837529,-7.073973,-0.00000641,0.0000312,-0.00006353,2.550358836,-0.798950864,-2.26214E-06,-2.84023E-06,,,Vel,1,47645,,0.006931065,,10.279,10.169
118012,,,,GJ 3049,,,0.724006,-41.293663,9.901,-499.94,-545.59,0,13.1,13.122,M4,,7.305815,1.401298,-6.533854,-0.00001244,-0.00002682,-0.00001968,0.189544366,-0.720710383,-2.42378E-06,-2.64507E-06,,,Phe,1,118012,,0.000491134,,,
102078,102409,197481,,Gl 803,,,20.75264,-31.340899,9.9098,280.37,-360.09,-7.1,8.81,8.83,M1Ve,1.47,5.584971,-6.35954,-5.15434,0.00000009,0.00002031,-0.000011,5.433028428,-0.547001882,1.35927E-06,-1.74577E-06,,,Mic,1,102078,,0.025585859,AU,8.868,8.758
118009,,,,GJ 2012,,,0.690425,-22.350742,9.9206,-422.64,-367.39,0,14.53,14.547,DQ9,0.62,9.025834,1.649371,-3.77256,-0.00000295,-0.0000212,-0.00001634,0.180752905,-0.390094032,-2.04902E-06,-1.78117E-06,,,Cet,1,118009,,0.00013219,,,
4862,4872,,,Gl 49,,,1.043993,62.345045,9.9602,730.1,89.27,-5.6,9.56,9.569,K5V...,1.463,4.451317,1.24802,8.82229,-0.00001575,0.0000322,-0.00000307,0.273316729,1.088126302,3.53962E-06,4.32793E-07,,,Cas,1,4862,,0.012953884,,,
12671,12703,,,,,,2.720781,-54.117408,9.9671,35.05,9.53,0,12.16,12.167,,,4.421565,3.818177,-8.075542,-0.00000082,0.00000153,0.00000027,0.71229878,-0.94452696,1.69927E-07,4.62027E-08,,,Hor,1,12671,,0.001183586,,,
85406,85665,,,Gl 678.1A,,,17.506313,5.54852,9.9771,28.33,-248.17,-3.8,9.33,9.335,M1V...,1.461,-1.279893,-9.847494,0.964669,0.00000171,0.00000251,-0.00001232,4.58314206,0.096839947,1.37348E-07,-1.20316E-06,,,Oph,1,85406,Gl 678.1,0.016069413,,,
118554,,,,GJ 3512,,,8.689501,59.499027,9.98,-254.45,-1285.05,0,15.05,15.054,m,1.93,-3.27887,3.860968,8.598973,-0.0000253,0.0000488,-0.00003154,2.274906156,1.038453922,-1.23361E-06,-6.2301E-06,,,UMa,1,118554,,8.28705E-05,,,
117460,117828,223889,,,,,23.897133,-75.632529,9.993,242.96,-378.18,0,9.99,9.992,M...,1.466,2.478766,-0.066693,-9.680461,-0.00001742,0.00001224,-0.00000455,6.2562549,-1.320036658,1.1779E-06,-1.83347E-06,,,Oct,1,117460,,0.008774048,,10.034,9.924
118041,,,,GJ 1028,,,1.081365,-18.124291,10,1270.75,425.19,0,14.46,14.46,m,1.87,9.125486,2.654896,-3.110793,-0.00001103,0.00006095,0.00001959,0.283100722,-0.316328556,6.16077E-06,2.06137E-06,,,Cet,1,118041,,0.000143219,,,
118092,,,,GJ 3119,,,1.851118,-6.118806,10,531.89,-231.27,0,14.6,14.6,m,,8.7981,4.632201,-1.065904,-0.00001307,0.00002226,-0.00001115,0.484621571,-0.106793315,2.57868E-06,-1.12125E-06,,,Cet,1,118092,,0.000125893,,,
118101,,,,GJ 3126,,,2.026335,63.770687,10,-264.93,-117.95,0,11.03,11.03,M4,1.54,3.812383,2.235851,8.970324,0.00001092,-0.00000848,-0.00000253,0.53049314,1.11300845,-1.28442E-06,-5.71852E-07,,,Cas,1,118101,,0.003372873,,,
118321,,,,GJ 3304,,,4.636699,28.218456,10,356.5,-50.1,0,12.53,12.53,m,1.65,3.078488,8.25625,4.728346,-0.00001579,0.00000712,-0.00000214,1.213884886,0.492504961,1.72836E-06,-2.42901E-07,,,Tau,1,118321,,0.000847227,,,
119090,,,,GJ 3959,,,16.521808,40.863954,10,-175,303.11,0,14.79,14.79,m+,1.72,-2.854261,-7.00335,6.542651,-0.00000423,0.0000121,0.00001111,4.325399115,0.713210547,-8.48424E-07,1.46951E-06,,,Her,1,119090,,0.000105682,,,
119110,,,,GJ 3976,,,16.849259,22.450627,10,21.46,409.44,0,14.08,14.08,m,1.75,-2.742372,-8.82585,3.818871,0.00000324,0.00000693,0.00001834,4.411125684,0.391837364,1.04041E-07,1.98501E-06,,,Her,1,119110,,0.000203236,,,
119464,,,,GJ 4248,,,22.041357,-37.082355,10,799.42,-223.2,0,11.8,11.8,M3.5,1.65,6.951863,-3.91347,-6.029623,0.00001333,0.00003697,-0.00000863,5.770413873,-0.647209187,3.8757E-06,-1.08212E-06,,,Gru,1,119464,,0.001659587,,,
46576,46706,,,Gl 352A,,,9.522061,-13.488704,10.012,722.93,53.52,7.3,10.06,10.057,M2,1.545,-7.758109,5.882119,-2.335351,-0.00002747,-0.00002321,0.00000078,2.49286978,-0.235422289,3.50486E-06,2.59472E-07,,,Hya,1,46576,Gl 352,0.008264184,,10.106,9.996
68250,68469,122303,,Gl 536,,,14.017552,-2.654864,10.0281,-824.78,599.52,0,9.71,9.704,K5,1.461,-8.652161,-5.04848,-0.464497,-0.00002137,0.00003395,0.00002911,3.669786647,-0.046336112,-3.99865E-06,2.90655E-06,,,Vir,1,68250,,0.011439314,,,
119057,,,,Gl 609,,,16.04764,20.587624,10.0604,-957.93,-1243.89,25,12.56,12.547,M3,1.63,-4.607576,-8.215205,3.538084,-0.00006289,-0.00001666,-0.00004779,4.201262341,0.359321825,-4.64418E-06,-6.03057E-06,,,Her,1,119057,,0.000834065,,,
67966,68184,122064,5256,,,,13.958911,61.492861,10.0644,-32.32,216.48,-25,6.49,6.476,K3V,1.04,-4.185388,-2.356764,8.843971,0.00001795,0.00001192,-0.00001743,3.65443424,1.073252897,-1.56692E-07,1.04952E-06,,,UMa,1,67966,,0.223666015,,,
2547,2552,,,Gl 22A,,,0.541063,67.235669,10.0654,1739.07,-224.63,-4,10.27,10.256,M2.5Ve,1.52,3.855636,0.550293,9.281315,-0.00000353,0.00008521,-0.00000801,0.141649925,1.173483805,8.43125E-06,-1.08904E-06,,,Cas,1,2547,Gl  22,0.006880183,V547,10.434,10.204
8347,8362,10780,511,Gl 75,,,1.795668,63.852501,10.0675,582.05,-246.83,4,5.63,5.615,K0V,0.804,3.955256,2.009812,9.03725,-0.00000162,0.00003104,-0.00000164,0.470104707,1.114436379,2.82186E-06,-1.19667E-06,,,Cas,1,8347,,0.494310687,V987,5.643,5.613
118051,,,,GJ 3079,,,1.207752,-1.85684,10.101,0,-50,0,14.09,14.068,DAwk,,9.595226,3.139221,-0.327295,-0.00000008,-0.00000002,-0.00000245,0.316188686,-0.032407966,0,-2.42407E-07,,,Cet,1,118051,,0.000205494,,,
21500,21553,232979,,Gl 172,,,4.628004,52.893614,10.1102,305.2,-475.59,32.9,8.62,8.596,K8V,1.423,2.144056,5.710386,8.063288,-0.00000033,0.00004167,0.00001277,1.211608603,0.923167715,1.47965E-06,-2.30573E-06,,,Cam,1,21500,,0.031739494,,,
117993,,,,Gl 22B,,,0.538736,67.236151,10.1276,1723.9,-236.15,0,12.4,12.372,dM3.5,,3.879436,0.553436,9.338735,-0.00000128,0.0000853,-0.00000449,0.141040834,1.173492219,8.3577E-06,-1.14486E-06,,,Cas,2,2547,Gl  22,0.000979941,,,
56916,57087,,,Gl 436,,Noquisi,11.703064,26.70657,10.141,896.37,-813.7,9.7,10.67,10.64,M3,1.493,-9.031878,0.703493,4.557621,-0.00003018,-0.00004185,-0.00003128,3.063855079,0.466117576,4.34572E-06,-3.94493E-06,,,Leo,1,56916,,0.004830588,,10.716,10.596
118198,,,,Gl 127.1B,,,3.175254,-68.599373,10.1523,61.28,-51.42,0,14.73,14.697,,0.62,2.496467,2.736885,-9.452317,-0.00000382,0.00000029,-0.00000092,0.831279567,-1.197284924,2.97094E-07,-2.49306E-07,,,Hyi,2,14718,Gl 127.1,0.000115133,,,
58170,58345,103932,,Gl 453,,,11.965636,-27.707043,10.1574,-1079.64,-619.99,49.9,6.99,6.956,K4V,1.128,-8.992748,0.080959,-4.7229,-0.00003051,0.00005344,-0.00005076,3.132596127,-0.48357913,-5.23424E-06,-3.0058E-06,,,Hya,1,58170,,0.143747401,,,
72665,72896,,,Gl 568A,,,14.897641,23.555766,10.1626,-679.64,102.46,-35.7,11.53,11.495,,,-6.761181,-6.408157,4.061269,0.00000272,0.00004871,-0.00000996,3.900193303,0.411125675,-3.29499E-06,4.9674E-07,,,Boo,1,72665,Gl 568,0.00219786,,11.631,10.961
119280,,,,GJ 1235,,,19.360737,20.865867,10.1626,-942.85,-1474.29,93,13.38,13.345,k-m,1.71,3.313201,-8.904106,3.621426,-0.00000348,-0.00012375,-0.00003395,5.068628984,0.364178087,-4.57107E-06,-7.14756E-06,,,Vul,1,119280,,0.000399945,,,
118590,,,,GJ 3526,,,9.047959,68.062825,10.1729,211.16,351.44,0,12.65,12.613,m,,-2.721109,2.653167,9.436322,0.00000424,-0.00001868,0.00000648,2.368750172,1.187920386,1.02373E-06,1.70382E-06,,,UMa,1,118590,,0.000784874,,,
83865,84123,,,Gl 660A,,,17.197851,-1.851765,10.1843,-534.66,-326.41,0,11.45,11.41,G,1.6,-2.121931,-9.955354,-0.329093,-0.00002571,0.00000601,-0.00001611,4.502386791,-0.032319401,-2.5921E-06,-1.58248E-06,,,Oph,1,83865,Gl 660,0.00237684,,11.547,11.377
119484,,,,Gl 852A,,,22.28857,-8.804275,10.1937,-454.77,-272.18,54,13.4,13.358,dM4.5e,1.7,9.081708,-4.365172,-1.560666,0.0000376,-0.000043,-0.00002174,5.83513406,-0.15366358,-2.20479E-06,-1.31955E-06,,,Aqr,1,119484,Gl 852,0.000395185,,,
119485,,,,Gl 852B,,,22.28857,-8.804275,10.1937,-454.77,-272.18,0,14.4,14.358,dM5  e,1.9,9.079249,-4.36399,-1.560244,-0.00001159,-0.00001936,-0.00001329,5.83513406,-0.15366358,-2.20479E-06,-1.31955E-06,,,Aqr,2,119484,Gl 852,0.000157326,,,
29198,29271,43834,2261,Gl 231,Alp Men,Hoerikwaggo,6.170632,-74.753045,10.1978,121.84,-212.82,34.9,5.08,5.037,G5V,0.714,-0.119802,2.679222,-9.839152,-0.00000598,-0.00000103,-0.0000372,1.615467618,-1.304686762,5.90697E-07,-1.03178E-06,Alp,,Men,1,29198,,0.841782708,,,
118646,,,,GJ 1129,,,9.746669,-18.212149,10.2041,-1621.07,-170.38,9,12.6,12.556,m,1.59,-8.054933,5.392542,-3.189296,0.0000395,0.00007005,-0.00001088,2.551671883,-0.317861961,-7.85917E-06,-8.2603E-07,,,Hya,1,118646,,0.00082718,,,
118652,,,,GJ 3571,,,9.89872,20.946514,10.2041,-316.69,386.92,0,14.05,14.006,m,,-8.123758,4.982052,3.647928,0.00001402,0.00000978,0.00001788,2.591478784,0.365585633,-1.53536E-06,1.87584E-06,,,Leo,1,118652,,0.00021757,,,
62361,62556,,,Gl 487,,,12.817536,66.110181,10.2135,-436.96,-106.7,-3.1,10.94,10.894,M4,1.626,-4.04189,-0.878428,9.338443,-0.00000806,0.00002039,-0.00000504,3.355622971,1.153840333,-2.11844E-06,-5.17296E-07,,,Dra,1,62361,,0.003822962,DP,11.007,10.857
94054,94349,,,Gl 748,,,19.204054,2.886404,10.2208,1789.15,-520.07,-42.6,11.09,11.043,M4,1.542,3.16458,-9.70451,0.514659,0.0000712,0.00006761,-0.00002793,5.027609692,0.050377254,8.67404E-06,-2.52137E-06,,,Aql,1,94054,,0.003332729,,11.148,11.028
118992,,,,Gl 568B,,,14.897875,23.55593,10.2218,-682.06,104.37,0,12.7,12.652,,,-6.800458,-6.446013,4.085082,-0.00002176,0.00002595,0.00000474,3.900254512,0.411128539,-3.30672E-06,5.05995E-07,,,Boo,2,72665,Gl 568,0.000757182,,,
119363,,,,Gl 799B,,,20.697621,-32.436746,10.2249,267.15,-324.08,-3,11,10.952,dM4.5e,,5.600417,-6.565364,-5.484229,0.0000028,0.00001712,-0.00001191,5.418624458,-0.566128024,1.29518E-06,-1.57119E-06,,,Mic,2,101810,Gl 799,0.003624099,,,
14718,14754,,,Gl 127.1A,,,3.175272,-68.600941,10.2396,41.87,-104.14,0,11.39,11.339,DA,0.025,2.517808,2.760182,-9.533701,-0.00000478,-0.00000216,-0.00000189,0.831284349,-1.197312297,2.02991E-07,-5.04885E-07,,,Hyi,1,14718,Gl 127.1,0.002537465,,11.456,11.326
66953,67164,,,GJ 3804,,,13.764089,-17.968218,10.2438,-311.6,-549.35,0,11.81,11.758,M:,1.542,-8.723342,-4.341944,-3.160104,0.00000064,0.0000176,-0.00002595,3.603430138,-0.313604572,-1.51068E-06,-2.66332E-06,,,Vir,1,66953,,0.001725043,,11.933,11.563
108437,108782,209290,,Gl 846,,,22.036187,1.400227,10.2449,-455.08,-280.37,18.5,9.17,9.117,M0,1.453,8.917954,-5.036744,0.25035,0.00000565,-0.00002915,-0.00001346,5.769060288,0.024438575,-2.20629E-06,-1.35927E-06,,,Aqr,1,108437,,0.019642646,,,
118174,,,,GJ 3182,,,2.810082,54.388169,10.3093,-424.51,-438.06,0,15.32,15.254,DC9,0.93,4.450787,4.028231,8.38126,0.00002743,-0.00000378,-0.00001275,0.735677696,0.949252626,-2.05808E-06,-2.12376E-06,,,Per,1,118174,,6.89287E-05,,,
118387,,,,GJ 1083A,,,5.673804,24.804352,10.3413,105.25,-344.27,0,14.85,14.777,m,1.88,0.800655,9.353063,4.338392,-0.00000464,0.00000767,-0.00001567,1.48539845,0.43291761,5.10266E-07,-1.66906E-06,,,Tau,1,118387,GJ 1083,0.000106955,,,
118608,,,,Gl 339.1,,,9.266582,53.425452,10.3413,-1066.95,-1124.33,0,13.85,13.777,DXP7,0.34,-4.649761,4.043589,8.304915,0.00000091,0.00007007,-0.00003357,2.425985415,0.932450046,-5.17272E-06,-5.45091E-06,,,UMa,1,118608,,0.000268658,,,
82788,83043,,,Gl 649,,,16.969127,25.74416,10.3445,-113.25,-507.77,4.3,9.7,9.626,M2,1.522,-2.484285,-8.980483,4.493186,-0.00000948,-0.00001296,-0.00002103,4.442507123,0.449320359,-5.49051E-07,-2.46174E-06,,,Her,1,82788,,0.012291362,,9.764,9.634
13368,13402,17925,857,Gl 117,,,2.87559,-12.769714,10.352,398.11,-189.55,18.8,6.05,5.975,K1V,0.862,7.367728,6.902771,-2.288171,-0.00000151,0.00002596,-0.00001353,0.752827613,-0.22287356,1.93009E-06,-9.18964E-07,,,Eri,1,13368,,0.354813389,EP,6.08,6.04
118129,,,,GJ 3147,,,2.285961,35.4434,10.352,528.47,-262.33,0,15.99,15.915,m+,,6.96777,4.751502,6.003109,-0.00000863,0.00002621,-0.00001072,0.598463311,0.618604027,2.56209E-06,-1.27183E-06,,,Tri,1,118129,,3.74973E-05,,,
118585,,,,GJ 1119,,,9.009444,46.586484,10.352,-465.8,-535.84,0,13.32,13.245,m,1.72,-5.042879,5.01852,7.519823,0.00000264,0.00003035,-0.00001848,2.358666922,0.813087535,-2.25826E-06,-2.59784E-06,,,UMa,1,118585,,0.000438531,,,
56077,56244,,,Gl 431,,,11.529625,-41.046439,10.3563,-715.84,170.73,-78,11.55,11.474,M,1.635,-7.750812,0.959396,-6.800218,0.00005853,0.00002897,0.00005885,3.018448817,-0.716395505,-3.47049E-06,8.27722E-07,,,Cen,1,56077,,0.002240784,V857,11.649,11.479
37718,37826,62509,2990,Gl 286,78Bet Gem,Pollux,7.755277,28.026199,10.3584,-625.69,-45.95,3.6,1.16,1.084,K0IIIvar,0.991,-4.055465,8.19518,4.867171,0.00002624,0.00001782,-0.00000031,2.030326887,0.489149442,-3.03343E-06,-2.22772E-07,Bet,78,Gem,1,37718,,32.09223768,,,
118882,,,,Gl 508B,,,13.329285,47.777059,10.3724,137.43,-26.71,0,9.8,9.721,,,-6.552547,-2.377192,7.681131,0.00000142,-0.00000684,-0.0000009,3.489598728,0.833866992,6.66279E-07,-1.29508E-07,,,CVn,2,64821,Gl 508,0.011261597,,,
118699,,,,GJ 1134,,,10.694391,37.610542,10.395,-1456.07,-360.34,10,12.98,12.896,m,1.68,-7.758437,2.761043,6.344286,0.00000649,0.00007556,-0.00000814,2.799785022,0.65642779,-7.05923E-06,-1.74699E-06,,,LMi,1,118699,,0.000604784,,,
118784,,,,Gl 452.1,,,11.902323,9.806041,10.4058,82.89,-775.58,0,12.77,12.684,M3.5,1.69,-10.250419,0.262174,1.772248,-0.00000678,-0.00000401,-0.00003855,3.116020949,0.171147709,4.01862E-07,-3.76013E-06,,,Vir,1,118784,,0.000735191,,,
10255,10279,,,Gl 87,,,2.205831,3.57562,10.4145,-1761.07,-1852.82,-2.7,10.04,9.952,M3V:,1.431,8.708661,5.674387,0.649508,0.00005113,-0.0000728,-0.00009353,0.577485102,0.062406338,-8.53791E-06,-8.98272E-06,,,Cet,1,10255,,0.009103324,,,
118742,,98231,4375,Gl 423A,53Xi  UMa,Alula Australis,11.303118,31.528783,10.4167,-425.24,-581.01,-15.9,4.33,4.241,G0 Ve,0.59,-8.73089,1.610966,5.446747,0.00000243,0.00002139,-0.00003351,2.959149416,0.550281064,-2.06162E-06,-2.81682E-06,Xi,53,UMa,1,118742,Gl 423,1.752265862,,,
118743,,98230,4374,Gl 423B,53Xi  UMa,Alula Australis B,11.303118,31.528783,10.4167,-425.24,-581.01,-13.6,4.8,4.711,G0 Ve,,-8.730989,1.610983,5.446808,0.00000046,0.00002175,-0.00003228,2.959149416,0.550281064,-2.06162E-06,-2.81682E-06,Xi,53,UMa,2,118742,Gl 423,1.136579975,,,
119234,,,,GJ 4071,,,18.712303,13.903141,10.4167,-43.14,306.98,0,12.81,12.721,m,,1.874688,-9.936221,2.502937,-0.00000283,0.00000326,0.00001505,4.898869415,0.242655589,-2.09149E-07,1.4883E-06,,,Her,1,119234,,0.000710559,,,
76665,76901,,,Gl 595,,,15.701832,-19.471772,10.4275,-2032.22,-1039.54,83,11.83,11.739,M5,1.591,-5.564952,-8.105292,-3.476175,-0.00012008,0.00000659,-0.00007784,4.110730116,-0.339846531,-9.85248E-06,-5.03983E-06,,,Lib,1,76665,,0.001755497,,11.936,11.616
118312,,,,Gl 170,,,4.506816,39.85098,10.4275,251.52,-522.62,0,13.91,13.819,M4.5,1.73,3.050171,7.401475,6.68187,-0.0000053,0.0000205,-0.00002028,1.179881601,0.695530811,1.2194E-06,-2.53375E-06,,,Per,1,118312,,0.000258464,,,
119480,,,,GJ 1265,,,22.228411,-17.687076,10.4384,817.64,-325.38,24,13.57,13.477,m,1.73,8.895466,-4.44933,-3.171748,0.00003496,0.00002877,-0.00002314,5.819384357,-0.308697712,3.96403E-06,-1.57747E-06,,,Aqr,1,119480,,0.00035416,,,
45776,45908,304636,,Gl 341,,,9.360584,-60.281953,10.4624,-838.48,181.94,36.2,9.49,9.392,M0V,1.472,-3.996814,3.305667,-9.086618,0.00000678,0.00004958,-0.00002758,2.450595083,-1.052118555,-4.06507E-06,8.8207E-07,,,Car,1,45776,,0.015247548,,,
33056,33142,,,GJ 3412A,,,6.901092,60.871764,10.4789,494.25,-991.36,0,11.01,10.908,M:,1.552,-1.192279,4.95947,9.15366,-0.00003469,0.00003691,-0.00002451,1.806701666,1.062412701,2.39619E-06,-4.80625E-06,,,Lyn,1,33056,GJ 3412,0.003773984,,11.064,10.944
118099,,,,GJ 3125,,,2.03023,73.543258,10.5263,300.79,-75,0,14.12,14.009,m,1.9,2.570337,1.51187,10.095079,-0.00000461,0.00001509,-0.00000108,0.531512967,1.283572001,1.45827E-06,-3.63586E-07,,,Cas,1,118099,,0.00021697,,,
118283,,,,GJ 3270,,,4.288405,8.823778,10.5263,132.6,-345.42,0,13.82,13.709,dM4  e,,4.50653,9.374804,1.614692,-0.00000493,0.00000537,-0.00001742,1.122701813,0.154003983,6.42863E-07,-1.67466E-06,,,Tau,1,118283,,0.000286022,,,
118339,,,,GJ 2036B,,,4.891521,-55.851595,10.5263,111.43,66.95,0,12.15,12.039,,1.6,1.690648,5.661786,-8.711423,-0.00000464,0.00000434,0.00000192,1.28059709,-0.974794231,5.40228E-07,3.24602E-07,,,Dor,2,22686,GJ 2036,0.00133168,,,
118972,,,,GJ 3849,,,14.478657,33.176703,10.5263,-353.2,-717.81,-21,19.74,19.629,dM9,,-7.018974,-5.323617,5.759645,-0.00001255,0.0000131,-0.00004241,3.790503426,0.579042704,-1.71236E-06,-3.48002E-06,,,Boo,1,118972,,1.22574E-06,,,
118633,,,,Gl 352B,,,9.522062,-13.487542,10.5319,727.65,58.55,0,10.8,10.687,,,-8.160985,6.187518,-2.456396,-0.00002301,-0.00002918,0.00000291,2.492870065,-0.235402008,3.52775E-06,2.83834E-07,,,Hya,2,46576,Gl 352,0.00462594,,,
14596,14632,19373,937,Gl 124,Iot Per,,3.151005,49.613278,10.5407,1262.29,-91.53,49.5,4.05,3.936,G0V,0.595,4.634786,5.016825,8.029067,-0.0000227,0.00007048,0.00003553,0.824931293,0.865915046,6.11975E-06,-4.4375E-07,Iot,,Per,1,14596,,2.320598462,,,
48575,48714,,,Gl 373,,,9.9358,62.788463,10.5619,-304.56,-583.14,14.9,8.99,8.871,M2,1.438,-4.141492,2.484907,9.393073,-0.00002072,0.00003062,-0.0000001,2.601186422,1.095865413,-1.47655E-06,-2.82714E-06,,,UMa,1,48575,,0.024637691,,,
62491,62687,111631,,Gl 488,,,12.845435,-0.768132,10.5708,-28.77,-397.85,6.1,8.49,8.369,M0.5V,1.409,-10.312056,-2.32043,-0.141713,-0.00000614,0.00000013,-0.00002047,3.362927114,-0.013406424,-1.39481E-07,-1.92883E-06,,,Vir,1,62491,,0.039120104,,,
83342,83599,,,Gl 654,,,17.087161,-5.094228,10.5719,-921.19,-1128.23,34.6,10.08,9.959,M0V,1.476,-2.492689,-10.231171,-0.938748,-0.000053,-0.00001809,-0.00006073,4.473408334,-0.088911045,-4.46606E-06,-5.46981E-06,,,Oph,1,83342,,0.009044821,,,
37111,37217,,,GJ 3459,,,7.644705,-21.224577,10.6033,454.24,-474.49,0,11.68,11.553,M2,1.588,-4.125626,8.981866,-3.838654,-0.00001753,-0.00001777,-0.00002274,2.001379207,-0.370438752,2.20222E-06,-2.30039E-06,,,Pup,1,37111,,0.002083531,,11.768,11.578
82006,82257,,,GJ 1206,,,16.807101,59.056309,10.6338,139.33,-292.09,0,12.24,12.107,DA,0.16,-1.679959,-5.203377,9.120323,0.00000287,-0.0000145,-0.00000774,4.400088817,1.030727029,6.75491E-07,-1.41609E-06,,,Dra,1,82006,,0.001250835,DN,12.414,12.104
117964,,,,GJ 3010,,,0.148375,20.840034,10.6383,-58.06,-232.87,0,13.54,13.406,m,,9.934814,0.386096,3.784683,0.00000439,-0.00000283,-0.00001122,0.038844413,0.363727216,-2.81483E-07,-1.12899E-06,,,Peg,1,117964,,0.000378094,,,
20948,21000,,,,,,4.503495,5.298818,10.6758,106.9,119.86,0,9.83,9.688,F8+...,0.6,4.059005,9.824722,0.985911,-0.00000533,0.00000158,0.00000618,1.179012243,0.092481821,5.18266E-07,5.81098E-07,,,Tau,1,20948,,0.011609139,,,
119266,,,,GJ 1232,,,19.164328,17.665659,10.6838,-541.2,-504.68,-12,13.52,13.376,k-m,1.85,3.054997,-9.710163,3.241942,-0.00002787,-0.00000483,-0.00002863,5.017209265,0.308323913,-2.62381E-06,-2.44675E-06,,,Sge,1,119266,,0.000388687,,,
79513,79755,147379,,Gl 617A,,,16.278668,67.238846,10.6872,-497.89,85.88,-19.9,8.61,8.466,M0Vvar,1.409,-1.800975,-3.721866,9.854777,-0.000018,0.00002202,-0.00001705,4.261745425,1.173539253,-2.41384E-06,4.16358E-07,,,Dra,1,79513,Gl 617,0.035776677,,,
101810,102141,196982,,Gl 799A,,,20.697536,-32.43523,10.6952,269.32,-365.69,-4,10.27,10.124,Mpe,1.55,5.857959,-6.867725,-5.736307,0.00000178,0.00001943,-0.00001381,5.418602245,-0.566101564,1.3057E-06,-1.77292E-06,,,Mic,1,101810,Gl 799,0.007769624,AT,10.315,10.235
64821,65026,115953,,Gl 508A,,,13.329342,47.778029,10.7066,93.65,-17.58,-3.3,8.48,8.332,K0,1.469,-6.763524,-2.453736,7.928718,0.00000315,-0.00000403,-0.00000311,3.489613596,0.833883914,4.54028E-07,-8.52302E-08,,,CVn,1,64821,Gl 508,0.040476225,,,
83334,83591,154363,,Gl 653,,,17.084277,-5.066508,10.7066,-916.86,-1137.91,34.2,7.7,7.552,K5V,1.1,-2.53238,-10.360059,-0.945549,-0.00005326,-0.00001748,-0.00006192,4.47265318,-0.08842724,-4.44506E-06,-5.51674E-06,,,Oph,1,83334,,0.083023302,,,
81444,81693,150680,6212,Gl 635A,40Zet Her,,16.688113,31.602726,10.7158,-462.58,345.05,-70.4,2.81,2.66,F9IV,0.65,-3.073152,-8.593139,5.615032,0.00000118,0.00007468,-0.00002246,4.368937794,0.551571613,-2.24265E-06,1.67285E-06,Zet,40,Her,1,81444,Gl 635,7.51622894,,,
71672,71898,,,GJ 9492,,,14.706065,66.055742,10.7331,-310.62,-59.22,0,10.88,10.726,M3,1.615,-3.30789,-2.83419,9.809417,-0.00001265,0.00001044,-0.00000125,3.850038764,1.152890189,-1.50593E-06,-2.87107E-07,,,UMi,1,71672,,0.004462724,,10.931,10.811
16495,16536,,,Gl 145,,,3.54887,-44.701951,10.74,-311.83,131.21,-36,11.47,11.315,,1.56,4.569153,6.114994,-7.554493,0.00000022,-0.00002683,0.00003075,0.92909193,-0.780196235,-1.51179E-06,6.36124E-07,,,Hor,1,16495,,0.002594179,,11.573,11.393
119300,,,,Gl 766A,,,19.762751,27.124783,10.7411,-31.93,-1219.58,0,12.91,12.755,dM4.5 J,1.72,4.256757,-8.559719,4.89719,0.00001141,-0.00002668,-0.00005651,5.173876027,0.47341678,-1.54801E-07,-5.9127E-06,,,Vul,1,119300,Gl 766,0.000688652,,,
119301,,,,Gl 766B,,,19.762751,27.124783,10.7411,-31.93,-1219.58,0,13.4,13.245,,,4.256757,-8.559719,4.89719,0.00001141,-0.00002668,-0.00005651,5.173876027,0.47341678,-1.54801E-07,-5.9127E-06,,,Vul,2,119300,Gl 766,0.000438531,,,
79521,79762,,,Gl 617B,,,16.279378,67.256247,10.7423,-485.59,90.73,-19.5,10.69,10.535,M3,1.5,-1.808253,-3.738687,9.906851,-0.00001751,0.00002187,-0.00001657,4.261931167,1.173842955,-2.35421E-06,4.39871E-07,,,Dra,2,79513,Gl 617,0.005321083,EW,10.745,10.635
54373,54532,,,Gl 413.1,,,11.15872,-24.598643,10.7527,-796.94,-446.6,-5,10.44,10.282,M:,1.529,-9.540629,2.135974,-4.475893,0.00002307,0.00003741,-0.00001904,2.921346018,-0.429327319,-3.86367E-06,-2.16518E-06,,,Crt,1,54373,,0.006717381,,10.497,10.377
118096,,,,GJ 1041B,,,1.9868,3.518118,10.7527,290,0,0,14,13.842,m,,9.313051,5.334067,0.65983,-0.00000751,0.00001312,0,0.520142937,0.061402744,1.40596E-06,0,,,Psc,2,9256,GJ 1041,0.000253046,,,
118417,,,,Gl 228B,,,6.181965,10.32,10.7793,71.04,-967.39,0,12.5,12.337,,,-0.505011,10.592888,1.931065,-0.00000414,0.00000888,-0.00004973,1.618434557,0.180117979,3.44412E-07,-4.69006E-06,,,Ori,2,29243,Gl 228,0.001012045,,,
10116,10138,13445,637,Gl 86,,,2.173673,-50.823725,10.7828,2092.84,654.32,53.1,6.12,5.956,K0V,0.812,5.738173,3.670852,-8.359261,-0.0000077,0.00012493,-0.00002049,0.569066241,-0.887041333,1.01464E-05,3.17223E-06,,,Eri,1,10116,,0.361077145,,,
10620,10644,13974,660,Gl 92,8Del Tri,Deltoton,2.284191,34.224231,10.784,1151.61,-246.32,-6.6,4.84,4.676,G0V,0.607,7.36921,5.020051,6.065246,-0.00003252,0.00005069,-0.00001444,0.597999934,0.597325517,5.58316E-06,-1.19419E-06,Del,8,Tri,1,10620,,1.173815932,,,
119602,,,,Gl 909B,,,23.87236,75.543859,10.7898,295.07,54.16,0,11.7,11.535,M2,,2.692069,-0.089412,10.448184,-0.00000222,0.00001552,0.00000071,6.249769332,1.318489077,1.43054E-06,2.62551E-07,,,Cep,2,117345,Gl 909,0.002118361,,,
119106,,,,Gl 635B,,,16.688157,31.601207,10.7956,-467.97,391.28,0,5.4,5.234,K0 V,,-3.096312,-8.657766,5.656936,-0.00001945,0.00001835,0.00001744,4.368949303,0.551545105,-2.26878E-06,1.897E-06,,,Her,2,81444,Gl 635,0.70210166,,,
119133,,,,Gl 660B,,,17.197838,-1.853748,10.8015,-440.71,-312.04,0,12.2,12.033,,,-2.250561,-10.55866,-0.349411,-0.00002246,0.00000532,-0.00001633,4.502383401,-0.032354013,-2.13662E-06,-1.51283E-06,,,Oph,2,83865,Gl 660,0.00133906,,,
70750,70975,,,Gl 553.1,,,14.516991,-12.2961,10.8178,-405.22,-400.16,0,11.92,11.749,M4,1.591,-8.356758,-6.471623,-2.3038,-0.00000948,0.00001954,-0.0000205,3.800539383,-0.214607436,-1.96456E-06,-1.94003E-06,,,Lib,1,70750,,0.001739402,,12.014,11.744
118033,,,,Gl 47,,,1.021701,61.366958,10.8225,314.67,-778.83,8.7,10.83,10.658,dM2.5e,1.57,5.001794,1.371175,9.499372,0.00003434,0.00002653,-0.00001176,0.267480623,1.071055472,1.52556E-06,-3.77589E-06,,,Cas,1,118033,,0.004751164,,,
119048,,,,GJ 3928,,,15.925444,35.199694,10.8696,-207.65,156.47,0,13.68,13.499,m,,-4.590406,-7.603905,6.265541,-0.00000691,0.00000972,0.00000674,4.169271423,0.61435055,-1.00672E-06,7.58593E-07,,,CrB,1,119048,,0.000347056,,,
119506,,,,GJ 4281,,,22.481691,-13.422308,10.8814,-306.74,-1035.53,-21,17.14,16.957,M6.5,2.16,9.758009,-4.096832,-2.525614,-0.00003721,-0.00000193,-0.00004816,5.885692923,-0.234263468,-1.48712E-06,-5.02037E-06,,,Aqr,1,119506,,1.43615E-05,,,
117345,117712,223778,9038,Gl 909A,,,23.873533,75.544588,10.8909,341.82,41.88,1.7,6.36,6.175,K3V,0.977,2.717175,-0.089877,10.546133,-0.00000111,0.00001809,0.00000224,6.25007643,1.318501795,1.65719E-06,2.0304E-07,,,Cep,1,117345,Gl 909,0.295120923,,,
92808,93101,176029,,Gl 740,,,18.966705,5.90812,10.9075,-194.47,-1221.78,10.4,9.22,9.031,M2V,1.444,2.716642,-10.504041,1.122757,-0.00000564,-0.00001926,-0.00006316,4.965471753,0.103116148,-9.42817E-07,-5.92336E-06,,,Ser,1,92808,,0.021261799,,,
29243,29316,,,Gl 228A,,,6.181889,10.318066,10.9111,57.62,-926.7,55.5,10.41,10.221,M3,1.45,-0.510998,10.722973,1.954403,-0.00000612,0.00006441,-0.00003805,1.618414773,0.180084223,2.7935E-07,-4.49277E-06,,,Ori,1,29243,Gl 228,0.007105588,,,
57584,57757,102870,4540,Gl 449,5Bet Vir,Zavijava,11.844922,1.764718,10.929,740.96,-271.18,4.3,3.59,3.397,F8V,0.518,-10.914853,0.443379,0.336562,-0.00000643,-0.00003903,-0.00001423,3.100993262,0.030800138,3.59228E-06,-1.31472E-06,Bet,5,Vir,1,57584,,3.812413511,,,
119281,,,,GJ 1236,,,19.367372,7.042785,10.929,-734.88,-385.82,32,12.35,12.157,m,1.69,3.80097,-10.160476,1.34021,-0.0000242,-0.00004642,-0.00001627,5.070366151,0.122919786,-3.5628E-06,-1.8705E-06,,,Aql,1,119281,,0.001194538,,,
66250,66459,,,Gl 519,,,13.624646,35.717763,10.9361,319.53,-58.56,-15,9.06,8.866,M9,1.391,-8.087832,-3.663676,6.38434,0.00001668,-0.00001104,-0.00001148,3.566923945,0.623392564,1.54913E-06,-2.83907E-07,,,CVn,1,66250,,0.024751413,,,
94776,95071,,,Gl 754.1A,,,19.343035,-7.66668,10.9517,-54.81,-160.23,0,12.28,12.083,DAw...,0.07,3.738113,-10.189776,-1.461065,-0.00000312,0.00000006,-0.00000843,5.063994801,-0.133808817,-2.65726E-07,-7.76817E-07,,,Aql,1,94776,Gl 754.1,0.001278792,,12.421,12.051
118960,,,,Gl 545,,,14.335234,-9.621801,10.9769,-611.02,-866.17,75,12.9,12.698,M4,1.59,-8.865278,-6.214085,-1.835363,-0.00007429,-0.00001238,-0.00005825,3.752955581,-0.16793211,-2.96231E-06,-4.19933E-06,,,Vir,1,118960,,0.000725772,,,
114968,115332,,,GJ 4333,,,23.360406,17.29038,10.989,-536.53,-1385.25,0,11.7,11.495,M:,1.524,10.345664,-1.748718,3.26609,0.00001687,-0.00003184,-0.00007046,6.115740114,0.301774058,-2.60117E-06,-6.71588E-06,,,Peg,1,114968,,0.00219786,,11.774,11.604
118204,,,,GJ 3210,,,3.211895,-54.114162,10.989,23.39,-76.5,0,14.75,14.545,DZ7,0.52,4.295221,4.800344,-8.903141,-0.00000313,-0.00000163,-0.00000239,0.840872267,-0.944470303,1.13398E-07,-3.70902E-07,,,Hor,1,118204,,0.000132434,,,
57459,57632,102647,4534,Gl 448,94Bet Leo,Denebola,11.817663,14.57206,10.9999,-499.02,-113.78,-0.2,2.14,1.933,A3Vvar,0.09,-10.633926,0.508011,2.767546,-0.00000006,0.00002664,-0.00000592,3.093856966,0.25433043,-2.41932E-06,-5.51621E-07,Bet,94,Leo,1,57459,,14.68249968,,,
86134,86400,160346,,Gl 688,,,17.654699,3.555239,10.9999,-179.67,-98.24,22.4,6.53,6.323,K3V,0.959,-0.99114,-10.934101,0.682125,-0.00001163,-0.00002223,-0.00000381,4.621989365,0.062050623,-8.71065E-07,-4.76281E-07,,,Oph,1,86134,,0.257513499,,,
8750,8768,11507,,Gl 79,,,1.880314,-22.434857,11.0059,844.01,-0.81,14.1,8.89,8.682,K5/M0V,1.424,8.965111,4.808034,-4.20026,-0.00000955,0.00004598,-0.00000554,0.492265127,-0.391562114,4.09188E-06,-3.92699E-09,,,Cet,1,8750,,0.029322433,,,
88694,88972,166620,6806,Gl 706,,,18.160408,38.457777,11.0241,-316.17,-468.33,-19.1,6.38,6.168,K2V,0.876,0.362378,-8.624863,6.856197,-0.00001687,-0.00000098,-0.00003175,4.754383599,0.671214831,-1.53284E-06,-2.27053E-06,,,Her,1,88694,,0.297029784,,,
117965,,,,GJ 1004,,,0.204343,50.423483,11.0254,-417.33,-574.4,0,14.36,14.148,DA8,0.42,7.014344,0.375199,8.498096,0.00002483,-0.00002101,-0.00001956,0.053496851,0.880055796,-2.02327E-06,-2.78478E-06,,,Cas,1,117965,,0.000190897,,,
119285,,,,GJ 1238,,,19.404267,75.554496,11.0254,378.28,565.07,0,15.37,15.158,m+,1.94,0.989226,-2.566331,10.676836,0.00000836,0.00003456,0.00000754,5.080025331,1.318674721,1.83395E-06,2.73953E-06,,,Dra,1,119285,,7.53009E-05,,,
118397,,,,GJ 1086,,,5.85547,-0.17199,11.0497,78.67,194.71,0,14.55,14.333,DQP8,0.48,0.417995,11.041742,-0.033168,-0.00000421,0.00000019,0.00001043,1.532958522,-0.003001792,3.81403E-07,9.43971E-07,,,Ori,1,118397,,0.00016099,,,
3087,3093,3651,166,Gl 27,54    Psc,,0.656063,21.250472,11.0595,-461.07,-370.88,-32.9,5.88,5.661,K0V,0.85,10.155576,1.761632,4.008362,-0.00001957,-0.00002848,-0.00003073,0.17175681,0.370890711,-2.23533E-06,-1.79808E-06,,54,Psc,1,3087,,0.473805393,,,
41706,41824,,,GJ 2069A,,,8.527107,19.394298,11.0656,-229.48,-87.35,0,11.9,11.68,M5Ve,1.85,-6.412664,8.235479,3.674523,0.00000876,0.00000879,-0.00000442,2.232391508,0.338494359,-1.11255E-06,-4.23485E-07,,,Cnc,1,41706,GJ 2069,0.001853532,CU,12.03,11.19
64592,64797,115404,,Gl 505A,,,13.280843,17.017182,11.0717,631.21,-260.84,6.7,6.49,6.269,K2V,0.926,-9.997344,-3.483932,3.240244,0.00000109,-0.0000355,-0.00001138,3.476916607,0.297005862,3.06019E-06,-1.26459E-06,,,Com,1,64592,Gl 505,0.270644995,,,
118077,,,,Gl 63,,,1.639324,57.231476,11.0742,-161.11,-355.17,-17.5,11.19,10.968,dM3,1.39,5.449928,2.493787,9.311144,0.00000937,-0.00000522,-0.00002537,0.429173972,0.998877699,-7.81083E-07,-1.72189E-06,,,Cas,1,118077,,0.003571083,,,
21503,21556,,,Gl 173,,,4.628297,-11.038875,11.0988,-225.81,-193.6,-7,10.34,10.114,M1,1.505,3.828396,10.198489,-2.12513,0.0000082,-0.00001272,-0.00000885,1.211685299,-0.192664713,-1.09476E-06,-9.38599E-07,,,Eri,1,21503,,0.007841515,,,
56879,57050,,,GJ 1148,,,11.695765,42.751974,11.1037,-579.67,-89.54,0,11.86,11.633,M5,1.503,-8.127583,0.648794,7.537481,-0.00000078,0.00003136,-0.00000354,3.061944211,0.746162703,-2.81032E-06,-4.34102E-07,,,UMa,1,56879,,0.00193553,,11.937,11.767
22686,22738,,,GJ 2036A,,,4.891985,-55.860307,11.1086,132.86,73.93,0,10.73,10.502,M2Ve,1.58,1.783145,5.973835,-9.194274,-0.00000591,0.0000052,0.00000223,1.280718652,-0.974946287,6.44123E-07,3.58423E-07,,,Dor,1,22686,GJ 2036,0.005485295,,10.808,10.668
118118,,,,GJ 3140,,,2.170456,11.535282,11.1111,-18,-77.95,0,12.72,12.491,dM4,,9.175921,5.858512,2.221901,0.00000123,-0.00000037,-0.00000411,0.568224091,0.20132865,-8.72665E-08,-3.77907E-07,,,Ari,1,118118,,0.000878213,,,
118430,,,,GJ 3396,,,6.530652,41.498078,11.1111,-9.94,-189.74,0,14.83,14.601,m,,-1.152402,8.241792,7.362158,-0.00000041,0.00000678,-0.00000765,1.709720715,0.724278088,-4.81905E-08,-9.19881E-07,,,Aur,1,118430,,0.000125777,,,
118674,,,,GJ 3592,,,10.25025,-56.164511,11.1111,-114.78,61.03,11,15.1,14.871,DZ9,0.68,-5.549149,2.736238,-9.229788,-0.00000533,0.00000952,-0.00000751,2.683509297,-0.980255643,-5.56469E-07,2.95887E-07,,,Vel,1,118674,,9.80844E-05,,,
119241,,,,GJ 4078,,,18.826753,-57.431817,11.1111,-628.38,-232.45,0,12.7,12.471,m,,1.283731,-5.841749,-9.363896,-0.00003532,0.00000303,-0.00000674,4.928832504,-1.002374296,-3.04647E-06,-1.12693E-06,,,Pav,1,119241,,0.00089454,,,
119540,,,,GJ 1277,,,22.941805,-60.051167,11.1111,-513.9,-927.1,68,14.08,13.851,M4,1.79,5.336935,-1.518261,-9.630464,-0.00001577,-0.00002429,-0.00008519,6.006150377,-1.048090582,-2.49146E-06,-4.49469E-06,,,Tuc,1,119540,,0.000250957,,,
12744,12777,16895,799,Gl 107A,13The Per,,2.736634,49.228448,11.1272,334.03,-89.96,24.4,4.1,3.868,F7V,0.514,5.480091,4.772164,8.42701,0.00000323,0.0000267,0.00001573,0.716449135,0.859198497,1.61942E-06,-4.36138E-07,The,13,Per,1,12744,Gl 107,2.470586136,,,
42688,42808,74576,,Gl 320,,,8.721689,-38.882379,11.1408,-301.02,340.76,14.3,6.58,6.345,K2V,0.917,-5.66967,6.562556,-6.993424,-0.00000269,0.00002798,0.00000515,2.283332833,-0.678625541,-1.45939E-06,1.65205E-06,,,Vel,1,42688,,0.252348077,,,
48194,48331,85512,,Gl 370,,,9.85193,-43.502787,11.1582,461.28,-472.87,-9.6,7.67,7.432,K5V,1.156,-6.847058,4.315265,-7.681132,0.00000762,-0.00003429,-0.00001179,2.579229355,-0.75926687,2.23635E-06,-2.29254E-06,,,Vel,1,48194,,0.092725674,,,
118637,,,,Gl 356B,,,9.594543,35.810449,11.1794,-729.78,-245.6,0,13,12.758,,,-7.32672,5.339644,6.541129,0.00001699,0.00003655,-0.00001079,2.511845564,0.625010241,-3.53807E-06,-1.19069E-06,,,LMi,2,46945,Gl 356,0.000686752,,,
118999,,,,GJ 1187,,,14.964527,56.654821,11.1857,268.97,-624.54,10,15.53,15.287,m,1.95,-4.387858,-4.307567,9.344673,-0.00001399,-0.00003416,-0.00001007,3.917704056,0.988813165,1.304E-06,-3.02787E-06,,,Dra,1,118999,,6.68652E-05,,,
119103,,,,GJ 3967,,,16.66813,0.704918,11.1982,148.49,-148.49,0,13.69,13.444,m,1.7,-3.82569,-10.523536,0.13777,0.00000754,-0.00000285,-0.00000806,4.363706103,0.012303138,7.199E-07,-7.1991E-07,,,Oph,1,119103,,0.00036509,,,
118942,,,,Gl 537A,,,14.042259,46.340279,11.2233,578.21,-45.51,-41.1,9.85,9.599,dM3  e,1.48,-6.665435,-3.947816,8.118006,0.00003946,-0.0000132,-0.00003212,3.676254847,0.80879045,2.80324E-06,-2.20619E-07,,,CVn,1,118942,Gl 537,0.012600855,,,
118943,,,,Gl 537B,,,14.042259,46.340279,11.2233,578.21,-45.51,-28,9.95,9.699,dM3  e,,-6.665833,-3.948051,8.118491,0.0000315,-0.00001791,-0.00002243,3.676254847,0.80879045,2.80324E-06,-2.20619E-07,,,CVn,2,118942,Gl 537,0.011492116,,,
119278,,,,Gl 754.1B,,,19.342509,-7.664758,11.2259,-58.71,-180.7,10,12.12,11.869,dM5,1.63,3.830456,-10.445951,-1.49734,0.00000004,-0.00000939,-0.00001111,5.063857037,-0.133775263,-2.84634E-07,-8.76058E-07,,,Aql,2,94776,Gl 754.1,0.001557399,,,
118878,,,,Gl 505B,,,13.280837,17.015914,11.2271,596.99,-257.1,9,9.6,9.349,M1 V,,-10.138082,-3.533019,3.285603,-0.00000149,-0.00003493,-0.00001069,3.476914932,0.296983732,2.89429E-06,-1.24648E-06,,,Com,2,64592,Gl 505,0.015863536,,,
118168,,,,Gl 107B,,,2.736217,49.229839,11.2322,329.9,-82.25,25.1,10.06,9.808,M1 V,1.48,5.532529,4.817104,8.507513,0.00000341,0.00002678,0.00001652,0.716339887,0.859222775,1.5994E-06,-3.98774E-07,,,Per,2,12744,Gl 107,0.010394414,,,
119227,,,,GJ 4065,,,18.605374,13.606748,11.236,190.12,281.87,0,12.46,12.207,M3.5,,1.723552,-10.783775,2.643343,0.00000966,0.0000052,0.00001492,4.870875427,0.237482553,9.21728E-07,1.36655E-06,,,Her,1,119227,,0.001140775,,,
26270,26335,245409,,Gl 208,,,5.608608,11.327866,11.2397,-2.56,-57.6,21.2,8.78,8.526,K7,1.415,1.127296,10.963123,2.207773,0.00000238,0.00002175,0.00000118,1.46833027,0.197708559,-1.24112E-08,-2.79253E-07,,,Ori,1,26270,,0.033853221,V2689,8.824,8.754
428,428,,,Gl 2,,,0.086297,45.786567,11.2511,869.68,-151.13,0.1,9.95,9.694,M2,1.472,7.843761,0.177365,8.064194,0.00000491,0.00004756,-0.00000567,0.022592418,0.799126347,4.21633E-06,-7.32699E-07,,,And,1,428,,0.011545161,,10.005,9.895
77836,78072,142860,5933,Gl 603,41Gam Ser,,15.940882,15.661617,11.2537,311.2,-1282.17,6.6,3.85,3.594,F6V,0.478,-5.56255,-9.299226,3.038014,0.00000154,-0.0000305,-0.00006553,4.173313184,0.27334678,1.50874E-06,-6.21614E-06,Gam,41,Ser,1,77836,,3.179801428,,,
69451,69673,124897,5340,Gl 541,16Alp Boo,Arcturus,14.26103,19.18241,11.2575,-1093.45,-1999.4,-5,-0.05,-0.307,K2IIIp,1.239,-8.823448,-5.932531,3.698938,-0.00005905,0.0000322,-0.00010473,3.733529029,0.334796218,-5.3012E-06,-9.69336E-06,Alp,16,Boo,1,69451,,115.5579955,,,
47378,47513,,,Gl 361,,,9.686213,13.209566,11.26,-664.26,-141.54,11.4,10.38,10.122,M2,1.49,-9.011736,6.241614,2.573084,0.00000986,0.00003728,-0.00000486,2.535844752,0.230550419,-3.22042E-06,-6.86205E-07,,,Leo,1,47378,,0.007783949,,,
472,473,38,,Gl 4A,,,0.094664,45.812081,11.3071,878.73,-153.87,0.2,8.2,7.933,K2,1.41,7.878784,0.195428,8.107843,0.000005,0.0000483,-0.00000573,0.02478295,0.799571649,4.2602E-06,-7.45983E-07,,,And,1,472,Gl   4,0.058452084,,8.311,8.171
118570,,75632,,Gl 325A,,,8.926599,70.796381,11.3122,-1334.22,-352.51,44.3,8.7,8.432,K5 V,1.39,-2.578766,2.68337,10.684878,0.00002971,0.00007463,0.00003643,2.336978102,1.235629941,-6.46848E-06,-1.70904E-06,,,UMa,1,118570,Gl 325,0.036914756,,,
118571,,,,Gl 325B,,,8.926587,70.79595,11.3122,-1346.44,-383.54,44.3,8.9,8.632,K6 V,,-2.578797,2.68345,10.68485,0.00002908,0.00007625,0.00003587,2.33697514,1.23562242,-6.52773E-06,-1.85946E-06,,,UMa,2,118570,Gl 325,0.030704357,,,
48521,48659,,,,,,9.923297,-27.261306,11.3225,-103.67,-154.24,0,12.04,11.77,,1.635,-8.613627,5.206448,-5.186264,0.00000626,0.00000286,-0.00000753,2.597913097,-0.475799551,-5.02606E-07,-7.47777E-07,,,Ant,1,48521,,0.001706082,,12.157,11.927
28980,29052,,,,,,6.128819,-25.744864,11.3456,-184.15,-203.97,0,11.87,11.596,,1.6,-0.344573,10.213593,-4.928126,0.00001029,-0.00000453,-0.0000101,1.604521086,-0.449332645,-8.92784E-07,-9.88874E-07,,,Lep,1,28980,,0.002002627,,11.971,11.761
47515,47650,,,Gl 362,,,9.714579,70.039415,11.3546,-668.7,-263.78,6,11.19,10.914,M4,1.488,-3.202697,2.183459,10.672553,0.00000772,0.00003928,0.00000081,2.543270807,1.222418392,-3.24195E-06,-1.27884E-06,,,UMa,1,47515,,0.003753185,,11.27,11.11
118130,,,,GJ 3149B,,,2.276242,-30.967885,11.3636,662.4,255.6,0,13,12.722,M4,,8.064134,5.469104,-5.847226,-0.00001448,0.00003427,0.00001207,0.595918768,-0.540491561,3.21141E-06,1.23917E-06,,,For,2,118130,GJ 3149,0.000709905,,,
119207,,,,GJ 4048A,,,18.301116,38.775509,11.3636,-333.21,-1037.82,0,11.87,11.592,m,1.58,0.697458,-8.831631,7.116689,-0.00001548,-0.00003715,-0.00004456,4.791220978,0.676760302,-1.61545E-06,-5.0315E-06,,,Lyr,1,119207,GJ 4048,0.002010018,,,
119208,,,,GJ 4049B,,,18.300838,38.775489,11.3636,-333.21,-1037.82,0,13.53,13.252,m,1.77,0.696816,-8.831684,7.116686,-0.00001548,-0.00003715,-0.00004456,4.791148235,0.676759949,-1.61545E-06,-5.0315E-06,,,Lyr,2,119208,GJ 4049,0.000435712,,,
46945,47080,82885,3815,Gl 356A,11    LMi,,9.594334,35.810133,11.3688,-730.05,-260.62,14.9,5.4,5.121,G8IV-V,0.77,-7.450851,5.430348,6.651975,0.00000692,0.00004474,-0.00000273,2.511790702,0.625004734,-3.53938E-06,-1.26352E-06,,11,LMi,1,46945,Gl 356,0.779112191,SV,5.407,5.387
20865,20917,28343,,Gl 169,,,4.483369,21.922702,11.3921,-65.14,175.55,-31.4,8.3,8.017,K7V,1.363,4.086695,9.745911,4.253197,-0.0000096,-0.0000322,-0.000003,1.173743225,0.382623327,-3.15808E-07,8.5109E-07,,,Tau,1,20865,,0.054100341,,,
67711,67927,121370,5235,Gl 534,8Eta Boo,Muphrid,13.911411,18.397717,11.396,-60.95,-358.1,1,2.68,2.396,G0IV,0.58,-9.487671,-5.188142,3.596709,-0.00000795,-0.00000051,-0.00001845,3.641998952,0.321100736,-2.95494E-07,-1.73612E-06,Eta,8,Boo,1,67711,,9.585173977,,,
74958,75187,,,GJ 9520,,,15.364702,20.977756,11.4116,78.47,129.36,0,10.66,10.373,M9,2.1,-6.781787,-8.218354,4.085415,0.00000498,-0.00000079,0.00000668,4.022469571,0.366130917,3.80433E-07,6.27155E-07,,,Ser,1,74958,,0.006177319,OT,10.728,10.598
8036,8051,,,Gl 70,,,1.722273,4.32166,11.4129,-420.14,-763.36,-25.8,10.93,10.643,M2V:,1.525,10.242877,4.95912,0.860009,-0.00001069,-0.000031,-0.0000441,0.450889891,0.07542719,-2.0369E-06,-3.70087E-06,,,Psc,1,8036,,0.004817259,,10.995,10.875
116379,116745,222237,,Gl 902,,,23.660331,-72.722155,11.4207,141.07,-736.86,71.7,7.09,6.802,K3V,0.989,3.378804,-0.301207,-10.905962,-0.00001641,0.0000093,-0.00008214,6.194260215,-1.269241041,6.83927E-07,-3.5724E-06,,,Tuc,1,116379,,0.165653265,,,
91416,91699,,,GJ 4070,,,18.69974,31.83049,11.4469,-303.3,8.59,0,11.27,10.977,M4,1.579,1.771646,-9.562697,6.037186,-0.00001659,-0.00000282,0.0000004,4.895580532,0.555546851,-1.47044E-06,4.16455E-08,,,Lyr,1,91416,,0.003541604,,11.343,11.193
36727,36834,,,Gl 277.1,,,7.574383,62.941501,11.4745,-496.04,-104.92,0,10.4,10.101,M0,0.942,-2.090916,4.782662,10.218531,0.0000232,0.00001582,-0.00000265,1.982968833,1.098536424,-2.40487E-06,-5.08667E-07,,,Cam,1,36727,,0.00793597,,10.463,10.303
118540,,,,GJ 3500,,,8.455456,-44.986033,11.4943,-169.5,544.21,0,11.85,11.548,M3,,-4.873376,6.507064,-8.125716,-0.00000529,0.00002282,0.00002144,2.213633285,-0.785154391,-8.21759E-07,2.63842E-06,,,Vel,1,118540,,0.002093148,,,
118556,,,,Gl 317,,,8.683038,-23.455071,11.4943,-476.2,798.83,-53,11.98,11.678,m,1.52,-6.810779,8.046646,-4.573996,0.00004093,-0.00000727,0.00006241,2.273214154,-0.409368215,-2.30868E-06,3.87285E-06,,,Pyx,1,118556,,0.001856949,,,
118618,,,,GJ 3550,,,9.358201,73.114722,11.4943,-929.11,-341.85,0,15.02,14.718,m,1.9,-2.570256,2.130725,10.99876,0.00001897,0.0000515,-0.00000553,2.449971332,1.276092632,-4.50445E-06,-1.65731E-06,,,Cam,1,118618,,0.000112928,,,
119099,,,,GJ 3966,,,16.590942,35.015612,11.4943,129.58,-138.96,0,12.95,12.648,m,,-3.394369,-8.780522,6.595425,0.00000513,-0.00000675,-0.00000634,4.343498419,0.611137721,6.28222E-07,-6.73683E-07,,,Her,1,119099,,0.000759976,,,
96932,97241,,,GJ 4122,,,19.763806,32.387122,11.4956,387.66,193.87,0,10.61,10.307,,,4.324957,-8.69075,6.157469,0.00001676,0.00001481,0.00000912,5.174152259,0.565261914,1.87943E-06,9.39908E-07,,,Cyg,1,96932,,0.006564475,,10.811,10.481
72622,72848,131511,5553,Gl 567,,,14.889939,19.152798,11.5101,-442.75,216.84,-31,6,5.695,K2V,0.841,-7.906486,-7.463478,3.776241,0.00000771,0.00004125,0.00000103,3.89817699,0.334279394,-2.14651E-06,1.05127E-06,,,Boo,1,72622,,0.459198013,DE,6.047,5.977
118477,,,,Gl 275.2A,,,7.512394,48.202487,11.5607,-219.57,-1271.18,0,13.56,13.245,sdM5,1.71,-2.971549,7.109158,8.618559,-0.00000914,0.00005376,-0.00004747,1.966740176,0.841292097,-1.06451E-06,-6.16284E-06,,,Lyn,1,118477,Gl 275.2,0.000438531,,,
118478,,,,Gl 275.2B,,,7.513485,48.175745,11.5607,-219.57,-1271.18,0,14.63,14.315,DC,0.99,-2.975132,7.112019,8.614962,-0.00000915,0.00005374,-0.00004749,1.967025728,0.840825363,-1.06451E-06,-6.16284E-06,,,Lyn,2,118477,Gl 275.2,0.000163682,,,
117970,,,,Gl 12,,,0.2635,13.555642,11.5875,613.14,316.47,0,12.58,12.26,dM3.5,1.66,11.237909,0.776518,2.715989,-0.00000652,0.00003407,0.00001728,0.068984213,0.236590586,2.97259E-06,1.53428E-06,,,Psc,1,117970,,0.001086426,,,
84536,84794,,,Gl 669A,,,17.331727,26.500848,11.5915,-221.17,348.97,-33.7,11.26,10.939,M4,1.628,-1.805608,-10.214932,5.172121,-0.00000535,0.00004115,0.00000217,4.537435647,0.462527053,-1.07226E-06,1.69185E-06,,,Her,1,84536,Gl 669,0.003667752,V647,11.397,11.147
11933,11964,16157,,Gl 103,,,2.572931,-43.796352,11.6036,57.89,-293.65,41.9,8.89,8.567,K7V comp SB,1.39,6.546404,5.224808,-8.031079,0.00001321,0.00001471,-0.00004158,0.67359187,-0.764390548,2.80659E-07,-1.42366E-06,,,Eri,1,11933,,0.032598679,CC,8.983,8.813
119315,,,,Gl 772,,,19.941515,-1.043224,11.6144,-417.47,-670.69,76,13.7,13.375,DA6,0.28,5.653474,-10.147812,-0.21153,0.00001697,-0.00007873,-0.00003916,5.220676433,-0.018207691,-2.02395E-06,-3.25158E-06,,,Aql,1,119315,,0.000389045,,,
109209,109555,,,Gl 851,,,22.19169,18.426191,11.6171,329.21,178.44,-51.4,10.25,9.925,M2,1.465,9.808944,-5.024807,3.671819,-0.00003876,0.00004069,-0.00000708,5.809770837,0.321597699,1.59606E-06,8.65102E-07,,,Peg,1,109209,,0.009332543,,,
117995,,,,GJ 3039,,,0.543143,7.491764,11.6279,168.04,-64.51,0,12.7,12.372,m,,11.412285,1.633794,1.516088,-0.00000087,0.00000944,-0.00000361,0.142194472,0.130755951,8.14681E-07,-3.12734E-07,,,Psc,1,117995,,0.000979941,,,
118476,,,,GJ 3442,,,7.470206,-18.793988,11.6279,39.45,578.66,0,13.65,13.322,k-m,,-4.133107,10.202554,-3.746118,-0.00000601,0.00000891,0.00003088,1.955695317,-0.328016968,1.91259E-07,2.8054E-06,,,Pup,1,118476,,0.000408507,,,
118948,,,,Gl 540.2,,,14.218074,-12.026836,11.6279,-629,-408.48,0,13.86,13.532,dM5.5e,1.53,-9.50853,-6.239028,-2.422903,-0.00001545,0.00003227,-0.00002252,3.72228304,-0.209907883,-3.04948E-06,-1.98036E-06,,,Vir,1,118948,,0.000336667,,,
118993,,,,GJ 3873,,,14.907578,35.548775,11.6279,154.1,-815.57,0,12.31,11.982,M3.5,,-6.849563,-6.525978,6.760412,-0.00001337,-0.00002473,-0.0000374,3.90279469,0.620443163,7.47098E-07,-3.95399E-06,,,Boo,1,118993,,0.00140346,,,
13356,13389,,,Gl 118,,,2.872625,-63.67982,11.6455,979.1,630.58,94,11.36,11.029,M,1.549,3.770908,3.527811,-10.438969,0.00001667,0.00009128,-0.00007039,0.752051539,-1.111422528,4.74681E-06,3.05714E-06,,,Hor,1,13356,,0.003375981,,11.443,11.253
23638,23693,33262,1674,Gl 189,Zet Dor,,5.091853,-57.472704,11.6455,-31.87,117.42,-2.4,4.71,4.379,F7V,0.526,1.474776,6.085643,-9.818715,0.00000275,0.00000373,0.00000563,1.333044066,-1.003087911,-1.5451E-07,5.69268E-07,Zet,,Dor,1,23638,,1.543121066,,,
23652,23708,,,GJ 1075,,,5.096497,-57.553834,11.6591,-32.02,118.83,0,8.98,8.647,K7V,1.386,1.465829,6.081014,-9.839066,0.00000309,0.00000509,0.0000036,1.33425978,-1.004503894,-1.55237E-07,5.76104E-07,,,Dor,1,23652,,0.030283077,,,
69232,69454,,,,,,14.220196,-56.742061,11.6795,355.7,178.03,0,10.2,9.863,M2V:,1.5,-5.353243,-3.516911,-9.766517,0.00000401,-0.00002146,0.00000553,3.722838484,-0.990335787,1.72448E-06,8.63114E-07,,,Cen,1,69232,,0.00988098,,,
119277,,,,GJ 1234,,,19.316187,38.721926,11.6822,4.36,-249.96,0,14.57,14.232,DC7,0.44,3.078815,-8.578592,7.307698,0.00000322,-0.00000825,-0.00001104,5.056965829,0.675825099,2.11379E-08,-1.21185E-06,,,Lyr,1,119277,,0.000176685,,,
61748,61941,110379,4825,Gl 482A,29Gam Vir,Porrima,12.694345,-1.449375,11.685,-616.66,60.66,-19.9,2.74,2.402,F0V+...,0.368,-11.488622,-2.111702,-0.295552,0.00001361,0.00003802,0.00000395,3.323371774,-0.025296363,-2.98965E-06,2.94088E-07,Gam,29,Vir,1,61748,Gl 482,9.532350439,,,
63307,63510,,,Gl 494,,,13.012942,12.375723,11.6904,-618.79,-16.63,-11.1,9.76,9.421,M2,1.448,-11.0195,-2.992712,2.505483,0.00000131,0.0000367,-0.00000335,3.406780198,0.215997121,-2.99998E-06,-8.06245E-08,,,Vir,1,63307,,0.014845677,DT,9.802,9.692
108830,109176,210027,8430,Gl 848,24Iot Peg,,22.116847,25.345112,11.7261,296.73,26.93,-5.5,3.77,3.424,F5V,0.435,9.335368,-5.015491,5.019565,0.00000293,0.00001757,-0.00000102,5.790176883,0.442355645,1.43859E-06,1.3056E-07,Iot,24,Peg,1,108830,,3.718775833,,,
117957,,,,Gl 4B,,,0.094293,45.811586,11.7509,870.78,-127.03,0.1,9.02,8.67,M0.5 V,1.45,8.188103,0.202922,8.426006,0.00000404,0.00004972,-0.00000497,0.024685753,0.799563014,4.22166E-06,-6.15873E-07,,,And,2,472,Gl   4,0.029648314,,,
119021,,,,Gl 585,,,15.397503,17.465257,11.7509,-375.74,-1244.52,84,13.68,13.33,M4,1.78,-7.062474,-8.709702,3.528058,-0.00008164,-0.00006672,-0.00004181,4.031056751,0.304826231,-1.82164E-06,-6.03358E-06,,,Ser,1,119021,,0.000405509,,,
53829,53985,95650,,Gl 410,,,11.043982,21.96714,11.7716,141.43,-51.13,-13.9,9.57,9.216,K,1.437,-10.576702,2.703881,4.403412,0.00000972,-0.00001081,-0.00000802,2.891307688,0.383398923,6.85672E-07,-2.47885E-07,,,Leo,1,53829,,0.017930814,,,
92580,92871,,,Gl 735,,,18.924281,8.402507,11.773,92.03,-69.58,-13.5,10.1,9.746,M2Ve,1.539,2.790755,-11.307203,1.720327,0.00000197,0.00001396,-0.00000595,4.954365065,0.146651407,4.46174E-07,-3.37333E-07,,,Aql,1,92580,,0.011005252,V1285,10.143,10.043
73243,73470,,,Gl 572,,,15.015422,45.426209,11.7938,241.12,370.51,-10,9.15,8.792,M0,1.427,-5.829123,-5.876436,8.401216,0.00002547,0.0000061,0.00000758,3.931028343,0.792836905,1.16898E-06,1.79628E-06,,,Boo,1,73243,,0.026497201,,,
69749,69972,125072,,Gl 542,,,14.318081,-59.379037,11.798,-454.49,-810,-14.9,6.66,6.301,K3V,1.017,-4.936333,-3.427027,-10.152722,0.0000243,0.00004852,-0.00001048,3.74846473,-1.036359699,-2.20343E-06,-3.92699E-06,,,Cen,1,69749,,0.262784654,,,
118838,,110380,4826,Gl 482B,29Gam Vir,,12.694171,-1.449235,11.8301,-559.96,6.84,-19.6,3.52,3.155,F0 V,,-11.630574,-2.137246,-0.299172,0.00001389,0.00003521,0.0000009,3.323326236,-0.025293924,-2.71476E-06,3.31661E-08,Gam,29,Vir,2,61748,Gl 482,4.764309868,,,
118276,,,,GJ 3266,,,4.203735,64.73544,11.8343,490.27,-411.38,0,13.71,13.344,m,1.69,2.287923,4.502957,10.702311,-0.0000154,0.00003177,-0.00001007,1.100535329,1.129846569,2.3769E-06,-1.99445E-06,,,Cam,1,118276,,0.000400313,,,
3927,3937,,,GJ 3060A,,,0.842564,24.81672,11.8455,198.46,-41.74,0,12.01,11.642,,,10.491115,2.352447,4.971757,-0.00000151,0.00001134,-0.00000218,0.220582777,0.433133474,9.62161E-07,-2.02361E-07,,,Psc,1,3927,GJ 3060,0.001919553,FT,12.172,11.822
107213,107556,207098,8322,Gl 837,49Del Cap,Deneb Algedi,21.784011,-16.127286,11.8666,263.26,-296.23,-6.3,2.85,2.478,A5mF2 (IV),0.18,9.534405,-6.248606,-3.296196,-0.00000083,0.00001865,-0.00001458,5.703040681,-0.281474238,1.27632E-06,-1.43616E-06,Del,49,Cap,1,107213,,8.887917199,Del,2.93,2.82
36524,36626,,,Gl 277A,,,7.532709,36.219397,11.868,-224.41,-213.3,0.1,10.52,10.148,M3.5Ve,1.439,-3.739646,8.814115,7.01255,0.00000902,0.00001179,-0.00000984,1.972058546,0.632147725,-1.08797E-06,-1.03411E-06,,,Lyn,1,36522,Gl 277,0.007599762,VV,10.743,10.453
54487,54646,97101,,Gl 414A,,,11.184755,30.446017,11.8723,592.12,-197.1,-15.4,8.31,7.937,K8V,1.255,-10.002848,2.167892,6.015938,0.00000043,-0.00003496,-0.00001776,2.928161941,0.531383246,2.87068E-06,-9.55568E-07,,,UMa,1,54487,Gl 414,0.058237135,,,
118194,,,,GJ 1055,,,3.150009,10.02511,11.8765,289.56,-570.75,0,14.85,14.477,m,1.72,7.938658,8.58805,2.067458,-0.00000835,0.00001552,-0.00003236,0.824670414,0.174971185,1.40383E-06,-2.76707E-06,,,Cet,1,118194,,0.000140994,,,
119082,,,,GJ 3954,,,16.446541,-17.393765,11.9048,-324.4,-393.53,0,14.3,13.921,m,,-4.493949,-10.433779,-3.558784,-0.00001451,0.00001364,-0.00002167,4.305694311,-0.303578467,-1.57274E-06,-1.90788E-06,,,Oph,1,119082,,0.000235288,,,
119495,,,,GJ 9780,,,22.418084,-47.868717,11.9048,466.15,-625.38,0,12.51,12.131,M3.5,,7.311156,-3.213265,-8.828715,-0.00001367,0.0000354,-0.00002422,5.869040605,-0.835466722,2.25996E-06,-3.03195E-06,,,Gru,1,119495,,0.001223489,,,
119308,,,,GJ 1243,,,19.852496,46.481542,11.919,153.68,245.93,0,12.83,12.449,m,1.64,3.826298,-7.260781,8.643094,0.00000305,0.00001326,0.00000979,5.197371358,0.811255945,7.45062E-07,1.19232E-06,,,Cyg,1,119308,,0.000912851,,,
118731,,,,Gl 414B,,,11.184011,30.445753,11.9261,572.48,-210.63,-15,9.98,9.598,M2 V,1.52,-10.04729,2.179382,6.042833,-0.00000013,-0.00003384,-0.00001827,2.927967132,0.531378625,2.77546E-06,-1.02117E-06,,,UMa,2,54487,Gl 414,0.012612466,,,
11022,11048,,,Gl 96,,,2.370717,47.880029,11.9403,216.66,40.88,-37.3,9.4,9.015,M2,1.466,6.514448,4.657185,8.856375,-0.00002953,-0.0000057,-0.00002671,0.62065232,0.835664144,1.0504E-06,1.98192E-07,,,And,1,11022,,0.021577444,,,
118715,,,,Gl 403,,,10.868086,13.998953,11.9474,-1104.32,186.78,0,12.67,12.284,dM3,1.65,-11.087256,3.385307,2.890126,0.00002116,0.00006041,0.0000105,2.845258349,0.244327823,-5.35389E-06,9.05535E-07,,,Leo,1,118715,,0.001062674,,,
119197,,,,GJ 1223,,,18.046075,37.515462,11.976,162.04,-1138.53,0,14.85,14.458,m,1.77,0.114678,-9.49854,7.293091,0.00000989,-0.00004015,-0.00005242,4.724451376,0.654768339,7.85592E-07,-5.51973E-06,,,Her,1,119197,,0.000143483,,,
36522,36627,,,Gl 277B,,,7.532601,36.229837,11.9818,-258.15,-254.27,0.1,11.82,11.427,M4,1.567,-3.774746,8.897552,7.081553,0.00001036,0.00001397,-0.00001185,1.97203038,0.632329943,-1.25155E-06,-1.23274E-06,,,Lyn,2,36522,Gl 277,0.002339915,BL,11.92,11.73
108224,108569,,,Gl 842,,,21.992832,-59.752816,11.9861,886.92,-126.37,13.4,9.74,9.347,M2,1.479,5.223357,-3.028532,-10.354419,0.00002634,0.0000443,-0.00001554,5.757709884,-1.042883381,4.29991E-06,-6.12659E-07,,,Ind,1,108224,,0.015892785,,,
118921,,,,GJ 1179A,,,13.803766,23.61286,11.9904,-1472.94,144.42,0,15.32,14.926,dM4  :,1.96,-9.784265,-4.997088,4.802811,-0.00003598,0.00007776,0.00000769,3.613817567,0.41212216,-7.14101E-06,7.00178E-07,,,Boo,1,118921,GJ 1179,9.32395E-05,,,
118922,,,,GJ 1179B,,,13.801,23.579437,11.9904,-1472.94,144.42,0,15.65,15.256,DC9,1.1,-9.790376,-4.991272,4.796402,-0.00003593,0.00007779,0.00000769,3.61309325,0.411538808,-7.14101E-06,7.00178E-07,,,Boo,2,118921,GJ 1179,6.88018E-05,,,
50494,50636,89694,,,,,10.342351,-23.644523,12.0019,-49.84,-56.58,0,10.65,10.254,K1III,0.678,-9.975212,4.62288,-4.813494,0.00000242,0.00000208,-0.00000302,2.707621273,-0.412674781,-2.41631E-07,-2.74308E-07,,,Hya,1,50494,,0.006892869,,,
83841,84099,,,GJ 3992,,,17.192976,38.44276,12.0034,211.77,-44.85,0,11.54,11.143,,,-1.97155,-9.19237,7.462904,0.00001171,-0.00000417,-0.00000204,4.50111054,0.670952736,1.02669E-06,-2.17439E-07,,,Her,1,83841,,0.003039485,,11.627,11.427
118721,,,,GJ 1140,,,10.959883,-7.523175,12.0048,-808.03,56.5,0,14.31,13.913,DA6,0.32,-11.46294,3.200908,-1.571755,0.00001222,0.00004541,0.00000326,2.869290755,-0.131304181,-3.91744E-06,2.73929E-07,,,Crt,1,118721,,0.000237028,,,
15293,15330,20766,1006,Gl 136,Zet1Ret,,3.295903,-62.575322,12.0077,1337.83,648.71,12.2,5.53,5.133,G2V,0.641,3.596056,4.201871,-10.658337,-0.00003363,0.00008047,0.00000632,0.862865291,-1.092145401,6.48598E-06,3.14503E-06,Zet-1,,Ret,1,15293,,0.770548537,,,
114702,115064,,,,,,23.306396,-24.998454,12.0178,21.8,11.14,0,11.57,11.171,,,10.712884,-1.966966,-5.078648,0.0000005,0.0000012,0.00000059,6.101600227,-0.436305337,1.05689E-07,5.40082E-08,,,Scl,1,114702,,0.002962102,,,
15333,15371,20807,1010,Gl 138,Zet2Ret,,3.303309,-62.506363,12.0322,1331.1,646.84,11.5,5.24,4.838,G1V,0.6,3.603559,4.227199,-10.6734,-0.00003384,0.00007997,0.00000698,0.864804348,-1.090941839,6.45335E-06,3.13597E-06,Zet-2,,Ret,1,15333,,1.011113712,,,
35096,35191,,,Gl 268.3,,,7.272161,27.142499,12.0351,-37.74,-195.76,0,10.83,10.428,,1.52,-3.501308,10.121224,5.490474,0.00000038,0.00000564,-0.00001016,1.903847299,0.473725968,-1.82969E-07,-9.49071E-07,,,Gem,1,35096,,0.005872189,,10.886,10.736
119146,,,,Gl 669B,,,17.331421,26.50097,12.0467,-215,372.39,-34,12.97,12.566,dM5  e,1.64,-1.877194,-10.614647,5.374617,-0.00000526,0.00004238,0.00000395,4.537355513,0.462529174,-1.04235E-06,1.8054E-06,,,Her,2,84536,Gl 669,0.000819596,,,
118352,,,,GJ 3331A,,,5.11383,-21.581878,12.0482,-33.08,115.35,0,10.29,9.885,M2,1.52,2.575958,10.903377,-4.431695,0.00000245,0.00000197,0.00000626,1.338797603,-0.376674832,-1.60376E-07,5.59237E-07,,,Lep,1,118352,GJ 3331,0.009682779,,,
118353,,,,GJ 3332B,,,5.113552,-21.581858,12.0482,-33.08,115.35,0,11.66,11.255,M3:,1.51,2.576751,10.903192,-4.431691,0.00000245,0.00000197,0.00000626,1.338724913,-0.376674489,-1.60376E-07,5.59237E-07,,,Lep,2,118353,GJ 3332,0.002741574,,,
118816,,,,GJ 2092,,,12.443649,-66.212707,12.0482,-6.28,-179.89,55,13.97,13.565,DA/F,0.4,-4.827936,-0.563275,-11.027269,-0.00001303,-0.00000115,-0.00005571,3.257739623,-1.155629745,-3.04463E-08,-8.72131E-07,,,Mus,1,118816,,0.000326588,,,
118818,,,,GJ 3727A,,,12.481423,-10.664672,12.0482,-279.62,14.65,0,10.96,10.555,M2,1.51,-11.746178,-1.488318,-2.229648,-0.00000221,0.00001618,0.00000084,3.267628782,-0.186133632,-1.35564E-06,7.10446E-08,,,Vir,1,118818,GJ 3727,0.005223962,,,
118819,,,,GJ 3728B,,,12.481145,-10.664674,12.0482,-279.62,14.65,0,11,10.595,g,,-11.746287,-1.487463,-2.229649,-0.00000221,0.00001618,0.00000084,3.267555995,-0.186133672,-1.35564E-06,7.10446E-08,,,Vir,2,118819,GJ 3728,0.005035006,,,
118193,,,,GJ 1053,,,3.177732,73.774349,12.0627,1818.65,-1050,0,14.64,14.233,sdM6,1.79,2.267085,2.494214,11.582227,-0.00003886,0.00011522,-0.00001714,0.831928399,1.287605295,8.81706E-06,-5.09054E-06,,,Cas,1,118193,,0.000176522,,,
80442,80686,147584,6098,Gl 624,Zet TrA,,16.474422,-70.084401,12.1168,199.89,110.77,7.6,4.9,4.483,F9V,0.555,-1.604938,-3.802618,-11.392224,0.00000741,-0.00001264,-0.00000509,4.312993489,-1.223203548,9.69094E-07,5.37028E-07,Zet,,TrA,1,80442,,1.402167834,,,
22709,22762,,,Gl 180,,,4.897213,-17.773419,12.1183,408.76,-644.35,-15,10.9,10.483,M3,1.547,3.285536,11.062177,-3.699113,-0.00003047,-0.00001824,-0.00003136,1.282087456,-0.310204675,1.98172E-06,-3.1239E-06,,,Eri,1,22709,,0.005582131,,10.97,10.83
77022,77257,141004,5868,Gl 598,27Lam Ser,,15.77406,7.353073,12.1242,-225.51,-68.52,-68.5,4.42,4.002,G0Vvar,0.604,-6.61701,-10.039373,1.551618,0.00002689,0.00006488,-0.00001296,4.129639126,0.128335336,-1.0933E-06,-3.32194E-07,Lam,27,Ser,1,77022,,2.183735328,,,
101855,102186,196877,,Gl 798,,,20.705209,-52.699263,12.1492,81.54,-1065.84,-42.9,8.83,8.407,K7V,1.324,4.788986,-5.591699,-9.663966,-0.00004613,0.00006124,-0.00000314,5.420610919,-0.919775645,3.95317E-07,-5.16734E-06,,,Ind,1,101855,,0.037774611,,,
118640,,,,Gl 359,,,9.683913,22.024983,12.1655,472.93,-474.59,0,14.23,13.804,M4,1.78,-9.267294,6.426743,4.562194,-0.00002452,-0.00001693,-0.00002595,2.535242531,0.384408474,2.29283E-06,-2.30086E-06,,,Leo,1,118640,,0.00026206,,,
104095,104432,,,Gl 821,,,21.154837,-13.302505,12.1684,710.44,-1995.17,-61,10.87,10.444,M3,1.49,8.705568,-8.02691,-2.79973,-0.00003613,0.00009032,-0.00010019,5.538323374,-0.232172504,3.44431E-06,-9.67286E-06,,,Aqr,1,104095,,0.005786287,,10.934,10.804
171,171,224930,9088,Gl 914A,85    Peg,,0.036139,27.082256,12.1699,778.59,-918.72,-37.6,5.8,5.374,G3V,0.69,10.834733,0.102555,5.540428,-0.00000999,0.00004584,-0.00006577,0.009461082,0.472674536,3.77471E-06,-4.45408E-06,,85,Peg,1,171,Gl 914,0.617163168,,,
118575,,,,GJ 3518,,,8.922323,-23.870256,12.1951,-588.26,45.26,0,14,13.569,m,,-7.723554,8.044465,-4.934953,0.00002433,0.00002487,0.00000245,2.335858686,-0.416614569,-2.85196E-06,2.19446E-07,,,Pyx,1,118575,,0.000325387,,,
118597,,,,GJ 3533,,,9.117508,-22.146672,12.1951,-299.05,-413.12,0,14.3,13.869,k-m,,-8.228877,7.73763,-4.597295,0.00001882,0.00000658,-0.00002262,2.386957939,-0.38653234,-1.44984E-06,-2.00287E-06,,,Pyx,1,118597,,0.000246831,,,
118733,,,,GJ 3647,,,11.197753,33.536462,12.1951,-174.92,96.96,0,12.38,11.949,dM4,,-9.941643,2.119361,6.737397,0.00000525,0.00000945,0.00000478,2.931564937,0.585321685,-8.48036E-07,4.7008E-07,,,UMa,1,118733,,0.001446772,,,
118913,,,,GJ 3800,,,13.702744,-16.006068,12.1951,-509.82,-13.35,0,13.5,13.069,m,,-10.576796,-5.054138,-3.362667,-0.0000128,0.00002729,-0.00000076,3.587369972,-0.27935859,-2.47168E-06,-6.47226E-08,,,Vir,1,118913,,0.000515703,,,
7750,7765,10182,,,,,1.665572,15.259358,12.1981,125.98,-35.92,0,8.68,8.249,K0,,10.666898,4.970337,3.210403,-0.00000264,0.00000699,-0.00000205,0.436045685,0.266326037,6.10768E-07,-1.74145E-07,,,Psc,1,7750,,0.043691806,,8.998,8.238
41807,41926,72673,3384,Gl 309,,,8.547669,-31.500853,12.2085,-1113.64,761.73,15.7,6.38,5.947,K0V,0.78,-6.439391,8.178727,-6.379152,0.00002874,0.00007004,0.00003005,2.23777449,-0.549793598,-5.39908E-06,3.69297E-06,,,Pyx,1,41807,,0.364082664,,,
119587,,,,GJ 1288,,,23.714489,30.821963,12.21,-336.05,-268.27,0,14.36,13.926,m,1.77,10.456214,-0.783167,6.256063,0.00000663,-0.00002044,-0.00001364,6.20843859,0.53794474,-1.62922E-06,-1.3006E-06,,,Peg,1,119587,,0.000234207,,,
119438,,,,GJ 1263,,,21.777894,-0.176275,12.2249,752.64,-511.5,39,12.65,12.214,M3.5,1.61,10.215578,-6.718446,-0.037617,0.00005776,0.00001539,-0.00003043,5.701439389,-0.003076587,3.6489E-06,-2.4798E-06,,,Aqr,1,119438,,0.001133444,,,
9272,9291,,,Gl 82,,,1.989817,58.521133,12.2474,321.81,-195.33,-8.8,12.21,11.77,M4Ve,1.54,5.547005,3.182972,10.444918,-0.00000501,0.00001916,-0.00001373,0.520932996,1.021386451,1.56018E-06,-9.46987E-07,,,Cas,1,9272,,0.001706082,V596,12.348,12.058
119030,,,,Gl 590,,,15.609725,-37.901036,12.2549,-329.07,-826.93,0,12.8,12.358,M4,1.6,-5.664121,-7.837528,-7.528178,0.00000182,0.0000359,-0.00003877,4.086616381,-0.661497871,-1.59538E-06,-4.00906E-06,,,Lup,1,119030,,0.000992659,,,
26714,26779,37394,1925,Gl 211,,,5.688982,53.481058,12.2775,2.7,-523.61,1.8,6.21,5.764,K1V,0.84,0.594246,7.282002,9.866951,0.00000197,0.00002607,-0.00001707,1.489371958,0.933420544,1.309E-08,-2.53853E-06,,,Aur,1,26714,,0.430923323,V538,6.236,6.196
92776,93069,175224,,Gl 737A,,,18.9585,-55.99189,12.285,1.09,-441.72,-13.5,8.86,8.413,M2V,1.433,1.706149,-6.655863,-10.183654,-0.00000727,0.00002862,-0.00000327,4.963323686,-0.977242828,5.28447E-09,-2.14152E-06,,,Tel,1,92776,Gl 737,0.037566436,,,
118078,,,,Gl 64,,,1.633079,-4.995205,12.285,574.3,-345.07,0,12.84,12.393,DA7,0.35,11.136753,5.074421,-1.069684,-0.0000158,0.00003038,-0.00002047,0.427539024,-0.087182779,2.78428E-06,-1.67297E-06,,,Cet,1,118078,,0.00096117,,,
22574,22627,,,Gl 179,,,4.868257,6.476539,12.288,146.09,-310.14,-7.8,11.94,11.493,M4,1.59,3.564852,11.677498,1.386033,-0.00001003,-0.00000305,-0.00001926,1.274506813,0.113036935,7.08264E-07,-1.5036E-06,,,Ori,1,22574,,0.002201912,,12.079,11.849
36236,36338,,,GJ 1097,,,7.479288,-3.298158,12.288,435.61,-794.36,0,11.47,11.023,,1.486,-4.6331,11.359117,-0.706952,-0.000023,-0.00001232,-0.00004724,1.958072994,-0.057563709,2.1119E-06,-3.85117E-06,,,Mon,1,36236,,0.003394689,,11.532,11.392
47485,47620,,,Gl 360,,,9.709888,70.033886,12.2895,-670.68,-268.66,6.9,10.56,10.112,M3,1.463,-3.464414,2.368123,11.550894,0.00000814,0.00004284,0.00000117,2.542042771,1.222321897,-3.25155E-06,-1.3025E-06,,,UMa,1,47485,,0.007855973,,10.647,10.497
24227,24284,,,Gl 192,,,5.211726,19.66565,12.2926,275.09,238.42,-28.6,10.82,10.372,M5,1.55,2.371876,11.329749,4.136752,-0.00002267,-0.00002828,0.00000354,1.364426663,0.343230336,1.33367E-06,1.15589E-06,,,Tau,1,24227,,0.006183011,,10.885,10.765
102070,102401,,,Gl 806,,,20.75111,44.499073,12.3198,433.52,272.98,-24.4,10.79,10.337,M3,1.491,5.795698,-6.604754,8.634767,0.00000019,0.00003904,-0.00000586,5.432627975,0.776655342,2.10176E-06,1.32344E-06,,,Cyg,1,102070,,0.006385575,,10.841,10.721
49828,49969,,,Gl 381,,,10.201303,-2.684732,12.3335,521.57,-601.35,40,10.64,10.185,M0,1.566,-10.979393,5.589562,-0.577721,-0.00004906,-0.00001001,-0.00003783,2.67069498,-0.046857416,2.52864E-06,-2.91543E-06,,,Sex,1,49828,,0.007345139,,10.702,10.522
43464,43587,75732,3522,Gl 324A,55Rho1Cnc,Copernicus,8.876625,28.330819,12.3411,-485.48,-234.4,27.2,5.96,5.503,G8V,0.869,-7.429298,7.925466,5.85673,-0.00000011,0.00004258,0.00000086,2.323894965,0.494466065,-2.35367E-06,-1.1364E-06,Rho-1,55,Cnc,1,43464,Gl 324,0.548024532,,,
50862,51007,,,Gl 390,,,10.419679,-10.228694,12.3457,-689.12,120.68,7,10.15,9.692,M0,1.459,-11.124476,4.884423,-2.192331,0.00000895,0.00004111,0.00000584,2.727865702,-0.178524387,-3.34095E-06,5.85073E-07,,,Sex,1,50862,,0.011566448,,,
118014,,,,GJ 3052,,,0.738944,9.126822,12.3457,799.73,-20.94,0,13.8,13.342,m,,11.962011,2.34345,1.958278,-0.000009,0.00004701,-0.00000124,0.193455115,0.159293098,3.8772E-06,-1.01525E-07,,,Psc,1,118014,,0.000401051,,,
118273,,,,GJ 3263,,,4.122346,-24.48496,12.3457,192.21,-620.93,0,12.4,11.942,M3.5,,5.303193,9.905127,-5.116729,-0.00001741,-0.00000814,-0.00003382,1.079227766,-0.427343161,9.3186E-07,-3.01035E-06,,,Eri,1,118273,,0.001456129,,,
118301,,,,GJ 3285,,,4.431462,12.197744,12.3457,-130,-225.17,0,15.5,15.042,DC8,,4.817127,11.06379,2.608477,0.00000827,-0.00000049,-0.00001317,1.160154081,0.212890793,-6.30258E-07,-1.09164E-06,,,Tau,1,118301,,8.37915E-05,,,
118354,,,,GJ 3333,,,5.130265,17.984296,12.3457,95.77,-263.11,0,11.78,11.322,k,1.66,2.650664,11.439422,3.811813,-0.00000449,0.00000603,-0.00001498,1.343100285,0.31388518,4.64306E-07,-1.27561E-06,,,Tau,1,118354,,0.002577508,,,
118648,,,,GJ 3567,,,9.801829,60.257857,12.3457,-858.47,-193.46,0,12.73,12.272,M2,1.64,-5.137473,3.33436,10.719362,0.00001952,0.00004858,-0.00000574,2.566112897,1.051698008,-4.16198E-06,-9.3794E-07,,,UMa,1,118648,,0.001074484,,,
119150,,,,GJ 4004,,,17.491829,-80.175898,12.3457,-483.34,478.31,0,12.1,11.642,m,,-0.280605,-2.087699,-12.164665,-0.00003241,-0.00002412,0.00000488,4.5793501,-1.399333407,-2.3433E-06,2.3189E-06,,,Aps,1,119150,,0.001919553,,,
119264,,,,GJ 4098,,,19.141558,32.278403,12.3457,-219.2,-219.2,0,11.8,11.342,m,,3.073117,-9.975187,6.59302,-0.00001047,-0.00001056,-0.00001109,5.011248178,0.563364406,-1.06271E-06,-1.06273E-06,,,Lyr,1,119264,,0.002530463,,,
119419,,,,GJ 4201,,,21.539452,24.560645,12.3457,229.12,-20.05,0,12.66,12.202,m,,8.978476,-6.743168,5.131566,0.00000863,0.00001066,-0.00000109,5.639015264,0.428664125,1.11081E-06,-9.71809E-08,,,Peg,1,119419,,0.001146041,,,
119576,,,,GJ 4350,,,23.614195,-36.481144,12.3457,1149.23,42.14,0,13.72,13.262,M4,1.62,9.87607,-1.000247,-7.340237,0.00000845,0.00006828,0.00000203,6.182181731,-0.63671608,5.57162E-06,2.043E-07,,,Scl,1,119576,,0.000431718,,,
4559,4569,,,Gl 46,,,0.974398,-27.857032,12.3533,1293.37,-298.93,43,11.77,11.311,,1.558,10.568623,2.756147,-5.772468,0.00000999,0.00008265,-0.00003638,0.255096808,-0.486196922,6.27043E-06,-1.44925E-06,,,Scl,1,4559,,0.002603754,,11.864,11.694
77716,77952,141891,5897,Gl 601A,Bet TrA,,15.919083,-63.430727,12.3778,-188.45,-401.92,0.4,2.83,2.367,F2III,0.315,-2.869157,-4.734869,-11.070637,0.00000141,0.00002415,-0.00001115,4.167606127,-1.107075025,-9.13631E-07,-1.94856E-06,Bet,,TrA,1,77716,Gl 601,9.84464364,,,
84532,84790,,,Gl 671,,,17.331294,41.713822,12.3808,285.5,-822.44,-18.9,11.37,10.906,M4,1.56,-1.609655,-9.100608,8.238201,0.00001367,-0.00002112,-0.00004971,4.537322064,0.728043543,1.38414E-06,-3.9873E-06,,,Her,1,84532,,0.003780942,,11.447,11.287
118383,,,,GJ 3356,,,5.581001,13.880106,12.3916,-119.87,-392.08,0,11.81,11.344,M3.5,1.59,1.316956,11.957459,2.972633,0.00000778,0.00000483,-0.00002286,1.46110252,0.242253554,-5.81146E-07,-1.90088E-06,,,Ori,1,118383,,0.002525806,,,
56827,56998,101581,,Gl 435,,,11.684062,-44.405189,12.4008,-658,242.8,13.3,7.77,7.303,K5V,1.064,-8.829036,0.732039,-8.677271,-0.0000166,0.00004107,0.00000091,3.058880337,-0.775016754,-3.19007E-06,1.17713E-06,,,Cen,1,56827,,0.104423922,,,
26736,26801,233153,,Gl 212,,,5.691869,53.489801,12.4378,3.16,-517.26,2,9.78,9.306,M1,1.473,0.596305,7.376012,9.996908,0.00000193,0.00002621,-0.00001691,1.490127831,0.933573138,1.53201E-08,-2.50775E-06,,,Aur,1,26736,,0.01650441,,,
83793,84051,,,,,,17.183124,-52.515508,12.4735,-250.95,158.12,0,10.05,9.57,,1.457,-1.611037,-7.417776,-9.897948,-0.00001644,-0.00000419,0.00000582,4.49853124,-0.916568515,-1.21664E-06,7.66587E-07,,,Ara,1,83793,,0.012941958,,10.1,9.99
118499,,,,GJ 1101,,,7.937918,83.390574,12.4844,-272.5,-579.09,0,13.09,12.608,m,1.68,-0.697523,1.256312,12.401426,-0.0000025,0.00003844,-0.00000403,2.078141942,1.455440084,-1.32112E-06,-2.8075E-06,,,Cam,1,118499,,0.000788497,,,
119463,,,,Gl 843,,,22.033543,-19.483316,12.4844,916.64,78.58,0,12.03,11.548,M3,1.59,10.244071,-5.794892,-4.163952,0.00002871,0.0000475,0.00000448,5.768368073,-0.340048014,4.444E-06,3.80981E-07,,,Aqr,1,119463,,0.002093148,,,
16095,16134,21531,,Gl 142,,,3.464552,-19.804482,12.4938,537.17,303.87,37.9,8.39,7.907,K5V,1.337,7.242316,9.259198,-4.233158,0.00000068,0.00005368,0.00000418,0.907017536,-0.345653425,2.60427E-06,1.4732E-06,,,Eri,1,16095,,0.059868724,,,
40578,40693,69830,3259,Gl 302,,,8.306651,-12.632173,12.4938,279.3,-989.03,30.5,5.95,5.467,K0V,0.754,-6.92291,10.035411,-2.732344,-0.00002377,0.00000467,-0.00006527,2.174676114,-0.220473018,1.35408E-06,-4.79495E-06,,,Pup,1,40578,,0.566500112,,,
118278,,,,GJ 1068,,,4.174305,-53.603957,12.5,-782.9,-2395.3,27,13.58,13.095,pec,1.93,3.412879,6.586117,-10.062796,-0.00000403,-0.00011096,-0.00010841,1.092830471,-0.935565545,-3.79561E-06,-1.16127E-05,,,Dor,1,118278,,0.000503501,,,
118509,,,,GJ 3466A,,,7.914911,-29.347999,12.5,283.75,-459.44,0,13.38,12.895,M4,,-5.236433,9.554939,-6.126411,-0.00000852,-0.00002023,-0.00002427,2.072118926,-0.512219206,1.37566E-06,-2.22741E-06,,,Pup,1,118509,GJ 3466,0.000605341,,,
118610,,,,GJ 3543,,,9.273038,-18.623143,12.5,-294.03,149.82,0,10.75,10.265,M2,1.55,-8.952827,7.756458,-3.991777,0.00000947,0.00001537,0.0000086,2.427675544,-0.32503517,-1.4255E-06,7.26328E-07,,,Hya,1,118610,,0.006823387,,,
73467,73695,133640,5618,Gl 575A,44    Boo,Quadrans,15.063174,47.65406,12.5078,-436.24,18.94,-29.7,4.83,4.344,G2V + G2V,0.647,-5.858189,-6.055134,9.244209,-0.00000419,0.00003371,-0.00002168,3.943529793,0.831720249,-2.11495E-06,9.18237E-08,,44,Boo,1,73467,Gl 575,1.593675881,I,4.943,4.793
117981,,,,GJ 3028,,,0.341252,33.087264,12.5156,1053.92,-859.56,-30,16.05,15.563,M6,1.98,10.442926,0.935977,6.831626,-0.00000292,0.00006394,-0.00006044,0.089339513,0.577481699,5.10955E-06,-4.16726E-06,,,And,1,117981,,5.18561E-05,,,
118537,,,,GJ 3497,,,8.432069,69.038815,12.5156,-587.64,-1237.57,0,15.67,15.183,dM5.2,2.09,-2.661072,3.600649,11.687356,-0.00001304,0.00007758,-0.00002684,2.20751039,1.204954639,-2.84896E-06,-5.9999E-06,,,UMa,1,118537,,7.35868E-05,,,
118569,,,,Gl 324B,,,8.878014,28.317273,12.5313,-475.14,-234.83,25.2,13.14,12.65,M3.5,1.64,-7.548212,8.046658,5.94488,0.00000089,0.00004123,-0.00000033,2.324258756,0.494229652,-2.30354E-06,-1.13847E-06,,,Cnc,2,43464,Gl 324,0.000758578,,,
111969,112325,215415,,,,,22.751233,-2.656643,12.5345,9.14,-82.81,0,9.44,8.949,F8,0.66,11.857838,-4.020926,-0.580981,-0.00000004,0.0000006,-0.00000503,5.956258825,-0.046367164,4.4312E-08,-4.01474E-07,,,Aqr,1,111969,,0.022929786,,9.598,9.138
118261,,,,GJ 3250,,,3.789034,8.697946,12.5471,458.47,-631.03,0,14.51,14.017,k-m,1.87,6.784871,10.382436,1.89744,-0.00002016,0.00002012,-0.00003794,0.991966763,0.151807797,2.22273E-06,-3.05933E-06,,,Tau,1,118261,,0.000215377,,,
10371,10395,,,Gl 91,,,2.231541,-32.041249,12.5502,759.13,-534.67,45.5,10.31,9.817,,1.479,8.874205,5.867794,-6.658469,-0.00000696,0.00005076,-0.00005226,0.584216005,-0.559225283,3.68037E-06,-2.59215E-06,,,For,1,10371,,0.010308607,,,
118042,,,,GJ 1029,,,1.093517,28.492361,12.5628,1892.77,-165.59,0,14.8,14.305,m,1.89,10.591635,3.118568,5.992978,-0.00002788,0.00011195,-0.00000886,0.286282087,0.49728552,9.17641E-06,-8.02827E-07,,,Psc,1,118042,,0.000165196,,,
119430,,,,Gl 836.5,,,21.711216,20.997876,12.5628,-229.15,-629.59,0,13.24,12.745,DQ6,0.17,9.685246,-6.614751,4.501671,0.00000348,-0.00001928,-0.00003579,5.683983174,0.366482064,-1.11095E-06,-3.05236E-06,,,Peg,1,119430,,0.000695024,,,
118004,,,,Gl 26,,,0.649445,30.617216,12.5786,1559.31,46.28,-0.2,11.06,10.562,dM4,1.53,10.668796,1.83231,6.406276,-0.00001764,0.00009345,0.00000232,0.170024281,0.534371223,7.55975E-06,2.24367E-07,,,And,1,118004,,0.00519039,,,
59224,59406,,,GJ 3708A,,,12.186602,-19.960573,12.5897,-214.86,-183.44,0,11.67,11.17,,1.558,-11.819291,-0.577852,-4.297789,0.00000318,0.00001328,-0.00001052,3.190444869,-0.348377723,-1.04167E-06,-8.89342E-07,,,Crv,1,59224,GJ 3708,0.002964831,,11.755,11.595
24753,24813,34411,1729,Gl 197,15Lam Aur,,5.318995,40.099051,12.631,519.39,-664.79,66.5,4.69,4.183,G0V,0.63,1.713487,9.509166,8.136149,-0.00001742,0.00008264,0.00001267,1.392509585,0.699860475,2.51807E-06,-3.22299E-06,Lam,15,Aur,1,24753,,1.848417195,,,
119250,,,,Gl 737B,,,18.95863,-55.99311,12.6358,-44.28,-407.6,-15.8,10,9.492,K5 V,,1.754893,-6.84529,-10.474033,-0.00001001,0.00002813,-0.00000057,4.963357752,-0.977264133,-2.14675E-07,-1.97611E-06,,,Tel,2,92776,Gl 737,0.013905929,,,
118086,,,,GJ 3112,,,1.716467,-67.298954,12.6582,-317.92,-990.21,51,13.88,13.368,DA7,0.44,4.401269,2.121971,-11.679988,-0.00002387,-0.00003317,-0.00007158,0.449369946,-1.174588323,-1.54132E-06,-4.80069E-06,,,Hyi,1,118086,,0.000391562,,,
118309,,,,GJ 3292,,,4.488294,14.232849,12.6582,234.61,170.46,0,13.5,12.988,m,,4.73009,11.321245,3.112185,-0.00001427,0.00000318,0.00001014,1.175032593,0.248410079,1.13742E-06,8.26399E-07,,,Tau,1,118309,,0.000555648,,,
118385,,,,GJ 3357,,,5.598663,-7.64487,12.6582,146.73,457.02,0,12.8,12.288,M4,1.63,1.315746,12.476504,-1.683954,-0.00000856,0.00000466,0.00002779,1.465726485,-0.133428144,7.11367E-07,2.21571E-06,,,Ori,1,118385,,0.001058766,,,
118458,,,,Gl 261,,,7.03144,-6.452051,12.6582,-77.57,-886.61,0,15.27,14.758,DA,0.88,-3.355322,12.122235,-1.422423,0.00000622,-0.00000461,-0.00005406,1.840826709,-0.112609527,-3.7607E-07,-4.29842E-06,,,Mon,1,118458,,0.000108843,,,
118885,,,,GJ 3780,,,13.393797,-25.912612,12.6582,-621.76,-221.4,0,12.9,12.388,m,,-10.636021,-4.062776,-5.531631,-0.00000808,0.00003776,-0.00001222,3.506487888,-0.452260402,-3.01438E-06,-1.07337E-06,,,Hya,1,118885,,0.000965606,,,
119223,,,,GJ 4062,,,18.532923,40.684013,12.6582,-85.24,401.04,0,11.99,11.478,m,,1.334826,-9.505655,8.251714,-0.00000741,0.00001516,0.00001866,4.851907766,0.710069986,-4.13255E-07,1.9443E-06,,,Lyr,1,119223,,0.002232544,,,
119359,,,,GJ 4154,,,20.778963,-81.726957,12.6582,508.44,-537.66,0,11.5,10.988,m,,1.212276,-1.359366,-12.526474,0.00000159,0.00004513,-0.00000475,5.439919777,-1.426404479,2.46499E-06,-2.60667E-06,,,Oct,1,119359,,0.003505904,,,
10772,10798,14412,683,Gl 95,,,2.316255,-25.945687,12.6695,-218.07,444.51,7,6.33,5.816,G8V,0.724,9.361391,6.492719,-5.543174,0.00002274,-0.00000053,0.00002142,0.606394196,-0.452837669,-1.05723E-06,2.15505E-06,,,For,1,10772,,0.410771213,,,
54878,55042,304043,,,,,11.267069,-57.547669,12.6727,-2465.03,1179.06,0,11.66,11.146,M,1.49,-6.675224,1.297428,-10.693708,-0.00003114,0.00016031,0.00003886,2.94971185,-1.004396297,-1.19508E-05,5.71624E-06,,,Car,1,54878,,0.003031098,,11.783,11.573
119324,,,,GJ 1248,,,20.063917,5.994821,12.6743,-487.52,-780.2,0,12.09,11.575,k-m,1.6,6.484264,-10.809259,1.323686,-0.0000231,-0.00001971,-0.00004767,5.252721279,0.104629371,-2.36356E-06,-3.78254E-06,,,Aql,1,119324,,0.002041738,,,
119378,,,,Gl 810A,,,20.927416,-14.03562,12.6743,1411.5,-445.04,0,12.45,11.935,M3.5 J,1.59,8.527838,-8.858071,-3.073835,0.0000579,0.0000649,-0.00002653,5.478784624,-0.244967787,6.84315E-06,-2.15763E-06,,,Aqr,1,119378,Gl 810,0.001465548,,,
119379,,,,Gl 810B,,,20.927146,-14.065635,12.6743,1411.5,-445.04,0,14.55,14.035,,1.72,8.526094,-8.857511,-3.080276,0.0000579,0.00006491,-0.00002652,5.478713936,-0.245491644,6.84315E-06,-2.15763E-06,,,Aqr,2,119378,Gl 810,0.000211836,,,
119142,,,,GJ 1215,,,17.295538,11.668777,12.6904,-331.38,-413.63,0,15.1,14.583,m,1.88,-2.27914,-12.217362,2.56668,-0.00002098,-0.00000132,-0.00002492,4.527961258,0.203658572,-1.60658E-06,-2.00533E-06,,,Oph,1,119142,,0.000127879,,,
110964,111313,,,Gl 863,,,22.550617,9.377975,12.7097,537.93,140.05,-6.5,10.36,9.839,M0V:,1.501,11.647816,-4.644822,2.070994,0.00000488,0.00003374,0.00000743,5.903737756,0.163676538,2.60796E-06,6.78982E-07,,,Peg,1,110964,,0.010101829,,,
103578,103910,,,GJ 9716,,,21.053922,-56.963432,12.721,-357.97,353.22,0,12.88,12.357,M4,1.653,4.972575,-4.834249,-10.664304,-0.00000229,-0.00002856,0.00001187,5.511903926,-0.994199438,-1.73549E-06,1.71246E-06,,,Ind,1,103578,,0.000993574,,13.098,12.558
7903,7918,10307,483,Gl 67,,,1.696383,42.613369,12.7389,791.35,-180.16,3.1,4.96,4.434,G2V,0.618,8.465575,4.02816,8.624862,-0.00001209,0.00004837,-0.00000604,0.444111922,0.743743593,3.83657E-06,-8.7344E-07,,,And,1,7903,,1.466898282,,,
119003,,,,Gl 575B,,,15.063245,47.653692,12.7567,-389.14,25.85,3.4,5.96,5.431,dG2,,-5.975127,-6.175778,9.428438,-0.0000181,0.0000159,0.00000365,3.943548203,0.831713828,-1.8866E-06,1.25305E-07,,,Boo,2,73467,Gl 575,0.58559856,,,
65869,66077,,,Gl 516A,,,13.545718,16.810847,12.76,252.95,-221.83,-1.9,11.38,10.851,M4Ve,1.54,-11.228139,-4.809091,3.690353,0.00000422,-0.00001521,-0.0000137,3.546260619,0.293404638,1.22634E-06,-1.07546E-06,,,Com,1,65869,Gl 516,0.003977407,VW,11.456,11.276
58401,58576,104304,4587,Gl 454,,,12.012347,-10.446014,12.7632,141.98,-483.34,0.1,5.54,5.01,K0IV,0.76,-12.5516,-0.040575,-2.314084,0.00000535,-0.00000877,-0.00002943,3.144825148,-0.182317337,6.88338E-07,-2.3433E-06,,,Vir,1,58401,,0.862978548,,,
80095,80337,147513,6094,Gl 620.1A,,,16.400355,-39.19298,12.7779,72.64,3.41,17,5.37,4.838,G3/G5V,0.625,-4.027174,-9.047466,-8.07489,-0.00000142,-0.00001426,-0.00001082,4.293602859,-0.684046548,3.52169E-07,1.65321E-08,,,Sco,1,80095,Gl 620.1,1.011113712,,,
51312,51459,90839,4112,Gl 395,36    UMa,,10.510461,55.980536,12.7796,-177.02,-33.45,8.6,4.82,4.287,F8V,0.541,-6.613102,2.718087,10.592404,-0.00000197,0.00001267,0.00000613,2.751632358,0.977044674,-8.58217E-07,-1.6217E-07,,36,UMa,1,51312,,1.679577314,,,
25888,25953,,,Gl 206,,,5.537405,9.820807,12.7943,-177.94,-219.44,21.7,11.55,11.015,M4Ve,1.637,1.523068,12.514663,2.182323,0.00001388,0.00002268,-0.00000963,1.449689305,0.171405424,-8.62677E-07,-1.06388E-06,,,Ori,1,25888,,0.003419794,V998,11.618,11.448
36809,36915,,,GJ 3452,,,7.589423,54.849721,12.7975,-121.45,16.47,0,11.36,10.824,M0,1.591,-2.978085,6.739117,10.463809,0.00000723,0.00000228,0.00000059,1.9869063,0.957308231,-5.88806E-07,7.98488E-08,,,Lyn,1,36809,,0.004077557,,11.44,11.27
84976,85235,158633,6518,Gl 675,,,17.416831,67.306705,12.8025,-531,3.65,-38.3,6.44,5.904,K0V,0.759,-0.75131,-4.88157,11.811056,-0.00003024,0.00002015,-0.00003605,4.559715695,1.174723607,-2.57436E-06,1.76957E-08,,,Dra,1,84976,,0.378791304,,,
118389,,,,GJ 2045,,,5.703557,-5.463772,12.8041,-129.97,961.25,0,15.28,14.743,m,1.86,0.988201,12.70756,-1.21916,0.00000848,0.00000505,0.00005939,1.493187842,-0.095360804,-6.30112E-07,4.66029E-06,,,Ori,1,118389,,0.000110357,,,
119214,,,,GJ 4054,,,18.355259,61.014146,12.8041,92.29,-673.71,0,15.65,15.113,DC:9,0.97,0.576401,-6.177955,11.200251,0.0000091,-0.00003589,-0.00002026,4.805395468,1.06489773,4.47435E-07,-3.26623E-06,,,Dra,1,119214,,7.84874E-05,,,
118757,,,,GJ 3668,,,11.518761,-14.954321,12.8205,383.13,-1336.15,0,14.29,13.75,m,1.81,-12.288125,1.556362,-3.308316,0.00001824,-0.00002631,-0.00008024,3.015604511,-0.261002143,1.85747E-06,-6.47785E-06,,,Crt,1,118757,,0.000275423,,,
119129,,,,GJ 1210,,,17.1279,7.367094,12.8205,-520.48,-389.37,0,14.01,13.47,m,1.88,-2.87781,-12.384707,1.643922,-0.00003221,0.00000429,-0.000024,4.484073721,0.128580046,-2.52336E-06,-1.88769E-06,,,Oph,1,119129,,0.000356451,,,
119152,,,,GJ 1218,,,17.469961,-62.458882,12.8205,-294.4,-945.21,28,12.68,12.14,m,1.48,-0.820535,-5.871614,-11.368941,-0.00001275,0.00004099,-0.00005256,4.57362515,-1.090113133,-1.42729E-06,-4.58252E-06,,,Ara,1,119152,,0.001213389,,,
119559,,,,GJ 4326,,,23.291086,19.61375,12.8205,251.14,-67.29,0,12.1,11.56,M4,1.59,11.869231,-2.22845,4.303555,0.00000426,0.00001508,-0.00000394,6.097591982,0.34232452,1.21756E-06,-3.26241E-07,,,Peg,1,119559,,0.002070141,,,
119614,,,,GJ 4387,,,23.997386,-34.111986,12.8205,715.88,-624.51,0,12.8,12.26,M4,,10.614642,-0.006882,-7.189893,-0.00002172,0.00004451,-0.00003214,6.282500845,-0.595366463,3.47068E-06,-3.02769E-06,,,Scl,1,119614,,0.001086426,,,
98385,98698,190007,,Gl 775,,,20.046401,3.326188,12.8601,-92.28,120.76,-29.7,7.46,6.914,K4V,1.128,6.55367,-11.039385,0.746132,-0.00002065,0.00002351,0.00000575,5.248135586,0.058052938,-4.47386E-07,5.85461E-07,,,Aql,1,98385,,0.149416996,V1654,7.476,7.446
91147,91430,,,GJ 2138,,,18.645762,-14.490563,12.8866,110.63,-569.18,0,11.28,10.729,M1V:,1.556,2.099274,-12.298787,-3.224492,0.00000532,0.00000993,-0.00003443,4.881449054,-0.252908036,5.36349E-07,-2.75946E-06,,,Sct,1,91147,,0.00445041,,11.366,11.186
118754,,,,Gl 428B,,,11.411412,-61.647146,12.8899,-486.24,60.56,4.5,8.3,7.749,M0 Ve,,-6.048871,0.940339,-11.343825,-0.00000079,0.00003087,-0.00000225,2.987500553,-1.075945665,-2.35736E-06,2.93623E-07,,,Cen,2,55525,Gl 428,0.069246846,,,
60259,60444,,,GJ 3722,,,12.392492,67.188314,12.8966,236.96,-121.73,0,11.19,10.638,,,-4.973677,-0.512951,11.887881,-0.00000546,-0.00001546,-0.00000295,3.244346704,1.172657301,1.14881E-06,-5.90164E-07,,,Dra,1,60259,,0.004839494,,11.251,11.121
119569,,,,Gl 897B,,,23.546218,-16.752248,12.9032,323.61,-235.11,0,11.4,10.847,,,12.268507,-1.464349,-3.719139,-0.00000181,0.0000206,-0.00001408,6.164385515,-0.292381888,1.56891E-06,-1.13986E-06,,,Aqr,2,115842,Gl 897,0.003992087,,,
46447,46580,82106,,Gl 349,,,9.498563,5.655134,12.9066,-504.1,110,27.6,7.2,6.646,K3V,1.002,-10.18691,7.822785,1.271847,-0.00000253,0.00004171,0.00000963,2.486717911,0.098700713,-2.44395E-06,5.33295E-07,,,Hya,1,46447,,0.191249364,,,
118338,,,,GJ 1073,,,4.876173,40.707664,12.9199,1188.22,-1115.81,0,13.43,12.874,k,1.61,2.839277,9.373306,8.426357,-0.00005798,0.00006523,-0.00005296,1.276579213,0.710482766,5.76065E-06,-5.4096E-06,,,Aur,1,118338,,0.000617163,,,
119137,,,,GJ 1214,,Onkaria,17.255194,4.961607,12.9199,540.56,-707.03,0,14.67,14.114,m,1.74,-2.493928,-12.627569,1.117419,0.00003247,-0.00001033,-0.00004412,4.517399161,0.086596372,2.62071E-06,-3.42777E-06,,,Oph,1,119137,,0.00019697,,,
118705,,,,Gl 401B,,,10.760817,-19.113784,12.9366,-1866.43,-660.94,0,16.5,15.941,DQ9,,-11.585692,3.896597,-4.236027,0.00005012,0.00010664,-0.00003917,2.817175353,-0.333598457,-9.04871E-06,-3.20431E-06,,,Hya,2,52469,Gl 401,3.661E-05,,,
118360,,,,Gl 194B,,,5.277926,46.000842,12.9383,80.57,-422.38,33.9,0.96,0.401,G0 III,,1.689045,8.828648,9.308413,0.00000314,0.00004332,0.00000654,1.381757779,0.802866153,3.90614E-07,-2.04777E-06,,,Aur,2,24549,Gl 194,60.20048637,,,
13185,13218,,,,,,2.836049,-53.13897,12.955,-117.39,502.88,0,10.72,10.158,M,1.51,5.725956,5.254333,-10.365203,0.0000236,0.00001165,0.00001894,0.742475966,-0.927449995,-5.69123E-07,2.43803E-06,,,Hor,1,13185,,0.007530087,,10.769,10.639
115197,115562,,,Gl 895,,,23.408485,57.854308,12.9618,-62.51,-282.75,-33.8,10.03,9.467,M2,1.465,6.813946,-1.063728,10.974472,-0.00000392,-0.00000336,-0.00003872,6.128327006,1.009748164,-3.03057E-07,-1.37081E-06,,,Cas,1,115197,,0.014229839,,,
118106,,,,GJ 3131,,,2.055738,-21.228423,12.987,-227.91,-399.57,0,11.21,10.642,M3,1.46,10.394482,6.20517,-4.702425,-0.00000046,-0.00001699,-0.00002345,0.538190862,-0.370505874,-1.10494E-06,-1.93717E-06,,,Cet,1,118106,,0.004821698,,,
118220,,,,GJ 3224,,,3.428413,5.865782,12.987,-156.06,-140.52,0,14.7,14.132,m+,,8.055286,10.100146,1.327251,0.00000825,-0.00000542,-0.0000088,0.897556471,0.102377203,-7.566E-07,-6.81246E-07,,,Tau,1,118220,,0.000193731,,,
118331,,,,GJ 3309,,,4.74059,27.863045,12.987,101.61,-407.52,0,11.26,10.692,M2.5,1.53,3.717307,10.862953,6.069601,-0.00000217,0.00001342,-0.00002268,1.241083477,0.486301881,4.92619E-07,-1.97573E-06,,,Tau,1,118331,,0.004604686,,,
119119,,,,GJ 3981,,,16.973699,13.96687,12.987,-379.94,6.63,0,13.13,12.562,m,,-3.345687,-12.150849,3.134553,-0.00002304,0.00000644,0.00000041,4.443704015,0.243767867,-1.842E-06,3.2148E-08,,,Her,1,119119,,0.000822621,,,
119598,,,,GJ 4368,,,23.843327,9.949119,12.987,576.69,320.98,0,11.5,10.932,M1,1.45,12.780938,-0.524501,2.24381,-0.00000199,0.00003642,0.0000199,6.242168427,0.173644889,2.79587E-06,1.55616E-06,,,Peg,1,119598,,0.003691476,,,
27818,27887,40307,,,,,5.901186,-60.023471,12.9955,-51.76,-60.44,0,7.17,6.601,K3V,0.935,0.167969,6.490966,-11.257094,0.00000317,-0.00000338,-0.0000019,1.544926996,-1.047607206,-2.5094E-07,-2.93021E-07,,,Pic,1,27818,,0.199342546,,,
66415,66625,,,Gl 521,,,13.656698,46.186493,13.009,-43.17,390.83,-65.3,10.24,9.669,M2,1.368,-8.172025,-3.784736,9.386835,0.00005695,0.00002938,-0.00003113,3.57531516,0.806106381,-2.09294E-07,1.8948E-06,,,CVn,1,66415,,0.011814083,,10.28,10.17
25559,25623,36003,,Gl 204,,,5.473916,-3.499555,13.0208,-306.64,-797.13,-56,7.65,7.077,K5V,1.113,1.784269,12.872953,-0.794769,0.0000109,-0.00006232,-0.00004673,1.433067783,-0.061078761,-1.48663E-06,-3.8646E-06,,,Ori,1,25559,,0.128587869,,,
118371,,,,GJ 1077,,,5.281536,-78.293131,13.0208,74.82,-1097.45,-17,11.91,11.337,M1.5 V,1.48,0.493796,2.595246,-12.749097,-0.00001798,-0.00006922,0.00000295,1.382703009,-1.366472919,3.62738E-07,-5.3206E-06,,,Men,1,118371,,0.002542143,,,
118083,,,,GJ 3106,,,1.685598,63.813579,13.0378,-7.44,6.68,-7,10.07,9.494,B5,0.47,5.202182,2.457266,11.699318,-0.000003,-0.00000194,-0.00000624,0.441288568,1.113757063,-3.60701E-08,3.23759E-08,,,Cas,1,118083,,0.013880337,,,
118740,,,,Gl 422,,,11.268799,-57.548501,13.0378,-2476.23,1149.43,-72,11.65,11.074,m,1.47,-6.865479,1.334231,-10.998789,0.00000826,0.0001578,0.00010111,2.950164725,-1.004410821,-1.20051E-05,5.57258E-06,,,Car,1,118740,,0.003238918,,,
19834,19884,27274,,Gl 167,,,4.26572,-53.309808,13.0446,784.91,396.09,-23.2,7.64,7.063,K5V,1.115,3.418184,7.004311,-10.460011,-0.00004201,0.00002708,0.00003399,1.116762997,-0.93043168,3.80535E-06,1.9203E-06,,,Dor,1,19834,,0.130256679,,,
91156,91438,172051,6998,Gl 722,,,18.648168,-21.051871,13.0839,-74.88,-151.87,38.6,5.85,5.266,G5V,0.673,2.062141,-12.035562,-4.700031,0.00000096,-0.0000337,-0.00002317,4.882078873,-0.367424464,-3.63028E-07,-7.36287E-07,,,Sgr,1,91156,,0.681710526,,,
76130,76362,,,,,,15.596552,-80.202211,13.0873,-94.7,38.05,0,11.65,11.066,,,-1.310709,-1.800542,-12.896414,-0.00000626,0.00000161,0.00000041,4.083167636,-1.399792643,-4.59119E-07,1.84472E-07,,,Aps,1,76130,,0.003262872,,,
119032,,,,Gl 592,,,15.616248,-14.132335,13.089,-454.77,-621.36,0,12.7,12.115,M4,1.58,-7.41696,-10.300351,-3.195841,-0.0000178,0.00002467,-0.00003823,4.088324122,-0.246655785,-2.20479E-06,-3.01243E-06,,,Lib,1,119032,,0.001241652,,,
88934,89211,166348,,Gl 707,,,18.205934,-43.44485,13.1044,132.84,-418.12,-2,8.38,7.793,K7V,1.297,0.512718,-9.500436,-9.011307,0.00000736,0.00002018,-0.00001788,4.766302386,-0.758255669,6.44026E-07,-2.0271E-06,,,CrA,1,88934,,0.066496686,,,
118361,,,,Gl 195A,,,5.289768,45.84191,13.1062,69.08,-404.14,31.2,10.2,9.613,dM2,1.5,1.688048,8.974037,9.403799,0.0000032,0.00004076,0.00000501,1.384858087,0.800092258,3.34909E-07,-1.95932E-06,,,Aur,1,118361,Gl 195,0.012439416,,,
118362,,,,Gl 195B,,,5.289768,45.84191,13.1062,69.08,-404.14,0,13.7,13.113,M4  :,,1.687842,8.972945,9.402655,-0.00000091,0.00001892,-0.00001789,1.384858087,0.800092258,3.34909E-07,-1.95932E-06,,,Aur,2,118361,Gl 195,0.000495222,,,
24549,24608,34029,1708,Gl 194A,13Alp Aur,Capella,5.27815,45.997991,13.1234,75.52,-427.13,22.2,0.08,-0.51,M1: comp,0.795,1.712633,8.954439,9.440007,0.00000192,0.00003559,-0.00000254,1.381816413,0.802816393,3.66131E-07,-2.07078E-06,Alp,13,Aur,1,24549,Gl 194,139.3156803,,,
118548,,,,GJ 3506,,,8.598685,68.069293,13.1234,-807.68,-606.42,0,11.67,11.08,M3,1.57,-3.081984,3.811172,12.173742,0.00001742,0.00006015,-0.0000144,2.251130493,1.188033277,-3.91574E-06,-2.94003E-06,,,UMa,1,118548,,0.003221069,,,
86695,86963,,,,,,17.770673,-32.102313,13.1337,-77.62,-270.12,0,11.39,10.798,M2V:,1.439,-0.667558,-11.105518,-6.979678,-0.00000438,0.00000942,-0.00001457,4.652351283,-0.560291065,-3.76312E-07,-1.30958E-06,,,Sco,1,86695,,0.00417638,,11.65,10.73
80058,80300,,,Gl 620.1B,,,16.392729,-39.22949,13.1579,75.52,0.05,52,11.01,10.414,DA,-0.165,-4.163462,-9.303609,-8.321719,-0.00001243,-0.00003957,-0.00003363,4.291606377,-0.68468376,3.66131E-07,2.42406E-10,,,Sco,2,80095,Gl 620.1,0.005948398,,11.086,10.926
117991,,,,GJ 3036,,,0.481432,50.376583,13.1579,422.95,121.28,0,13.15,12.554,m,,8.32468,1.055316,10.134907,-0.0000093,0.00002602,0.00000493,0.126038705,0.879237232,2.05052E-06,5.87982E-07,,,Cas,1,117991,,0.000828705,,,
118046,,,,GJ 1031,,,1.13818,-28.806489,13.1579,698.34,-128.17,0,13.42,12.824,dM5,1.7,11.02148,3.385191,-6.340172,-0.00001684,0.00004143,-0.00000716,0.297974927,-0.502768085,3.38565E-06,-6.21376E-07,,,Scl,1,118046,,0.000646249,,,
118401,,,,GJ 3372B,,,5.998584,58.573628,13.1579,-17.44,-249.39,0,13.56,12.964,m,,0.00257,6.860561,11.227779,0.00000112,0.00001357,-0.00000829,1.570425574,1.022302661,-8.45515E-08,-1.20908E-06,,,Cam,2,118401,GJ 3372,0.000568068,,,
118744,,,,Gl 425B,,,11.35747,-20.454159,13.1579,184.65,-137.13,0,11,10.404,m,,-12.154318,2.063994,-4.598132,0.00000104,-0.00001212,-0.0000082,2.973378633,-0.356992427,8.95208E-07,-6.6483E-07,,,Crt,2,55289,Gl 425,0.006003438,,,
118796,,,,GJ 3704,,,12.092411,69.539074,13.1579,-465.43,-65.41,0,13.07,12.474,M4,,-4.598264,-0.110303,12.327779,-0.00000463,0.00002958,-0.00000146,3.1657858,1.213685807,-2.25647E-06,-3.17121E-07,,,Dra,1,118796,,0.000892072,,,
118935,,,,GJ 3817,,,13.970703,12.578441,13.1579,-229.35,745.52,0,12.26,11.664,M3,1.66,-11.170511,-6.335541,2.865474,0.00000178,0.00001783,0.00004641,3.657521452,0.219535209,-1.11192E-06,3.61437E-06,,,Boo,1,118935,,0.001881049,,,
119203,,,,GJ 4044,,,18.218547,26.029617,13.1579,206.81,-36.47,0,13.32,12.724,m,,0.67617,-11.803909,5.774157,0.00001323,-0.00000027,-0.00000209,4.769604358,0.454302522,1.00264E-06,-1.76792E-07,,,Her,1,119203,,0.000708598,,,
55289,55454,98712,,Gl 425A,,,11.357405,-20.453783,13.1631,178.48,-115.16,7.4,8.57,7.973,K4/K5V,1.34,-12.159172,2.065062,-4.599891,-0.00000637,-0.00001047,-0.00000953,2.973361635,-0.35698586,8.65295E-07,-5.58311E-07,,,Crt,1,55289,Gl 425,0.056337815,SZ,8.621,8.541
111421,111766,,,Gl 865,,,22.641409,-65.378505,13.1804,833.28,-160.26,-26,11.5,10.9,,1.593,5.147553,-1.911906,-11.981825,-0.00000057,0.00005701,0.00001991,5.927507103,-1.141070174,4.03986E-06,-7.76962E-07,,,Tuc,1,111421,,0.003801894,,11.596,11.396
60720,60910,,,Gl 469,,,12.482664,8.425518,13.1839,-634.01,-258.24,0,11.99,11.39,M:,1.668,-12.937629,-1.643566,1.931752,-0.00000751,0.00003989,-0.00001633,3.267953729,0.14705303,-3.07377E-06,-1.25198E-06,,,Vir,1,60720,,0.002421029,,12.093,11.883
21764,21818,29697,,Gl 174,,,4.688574,20.901512,13.1891,-233.61,-254.55,7,8.09,7.489,K3V,1.092,4.147652,11.602164,4.7054,0.00001827,0.00000674,-0.00001265,1.227465706,0.364800206,-1.13257E-06,-1.23409E-06,,,Tau,1,21764,,0.08798325,V834,8.167,7.997
118444,,,,GJ 1092,,,6.818074,37.117718,13.1926,215.72,-1595.48,0,13.76,13.158,m,1.66,-2.235979,10.279369,7.961136,-0.00002657,0.00005727,-0.00008134,1.784967673,0.647826396,1.04584E-06,-7.73512E-06,,,Aur,1,118444,,0.000475116,,,
55990,56157,,,,,,11.511619,-8.095262,13.2013,-354.75,262.48,0,11.98,11.377,,1.548,-12.963068,1.666525,-1.858998,0.00000055,0.00002282,0.00001663,3.013734689,-0.14128898,-1.71988E-06,1.27254E-06,,,Crt,1,55990,,0.002450191,,12.098,11.758
70956,71181,128165,,Gl 556,,,14.558039,52.90879,13.2188,-192.19,247.53,11.5,7.24,6.634,K3V,0.997,-6.250274,-4.948629,10.544408,-0.00000329,0.00001311,0.00001895,3.811285724,0.923432589,-9.31763E-07,1.20006E-06,,,Boo,1,70956,,0.193374855,,,
118695,,,,GJ 3612,,,10.594395,69.450418,13.2275,-1649.62,-584.16,0,11.93,11.323,k-m,1.55,-4.331017,1.673496,12.385818,0.00000528,0.00011132,-0.00001314,2.773606053,1.212138462,-7.99758E-06,-2.8321E-06,,,UMa,1,118695,,0.002575135,,,
66878,67090,,,Gl 525,,,13.751408,17.78544,13.2398,451.03,-1831.59,20.4,9.79,9.181,,1.42,-11.304998,-5.580201,4.044197,-0.00003721,-0.00005065,-0.00010556,3.600110103,0.310414492,2.18666E-06,-8.8798E-06,,,Boo,1,66878,,0.018518252,,,
90508,90790,170657,,Gl 716,,,18.521935,-18.908812,13.2521,-140.13,-194.59,-41.6,6.81,6.199,K1V,0.861,1.707699,-12.419752,-4.294394,-0.00001495,0.00004266,0.00000196,4.849031121,-0.33002102,-6.79369E-07,-9.43399E-07,,,Sgr,1,90508,,0.288668902,,,
64806,65011,,,Gl 507A,,,13.325984,35.110155,13.2661,387.72,-778.72,-4.9,9.48,8.866,M0,1.47,-10.204905,-3.692103,7.629975,-0.00001475,-0.00003185,-0.00004385,3.488734398,0.6127878,1.87972E-06,-3.77534E-06,,,CVn,1,64806,Gl 507,0.024751413,,9.532,9.412
22210,22263,30495,1532,Gl 177,58    Eri,,4.793413,-16.934456,13.2767,130.41,169.2,21.7,5.49,4.875,G3V,0.632,3.945704,12.072764,-3.867261,-0.0000004,0.0000258,0.00000395,1.254912697,-0.295562014,6.32246E-07,8.20305E-07,,58,Eri,1,22210,,0.977237221,IX,5.502,5.472
118277,,,,Gl 164,,,4.216249,52.612881,13.2802,-365.77,-833.25,0,13.5,12.884,M3.5,1.67,3.630659,7.200111,10.551799,0.00004022,0.00002747,-0.00003256,1.103811514,0.918268005,-1.7733E-06,-4.03972E-06,,,Per,1,118277,,0.000611505,,,
117955,,,,GJ 3001,,,0.044479,-34.226836,13.2979,148.24,-735.2,0,14.9,14.281,DC9,0.46,10.994187,0.128112,-7.479679,-0.00002676,0.00000925,-0.00003919,0.011644551,-0.597370982,7.18688E-07,-3.56436E-06,,,Scl,1,117955,,0.000168888,,,
119108,,,,GJ 3971,,,16.672695,67.602032,13.2979,-254.24,371.3,0,15.65,15.031,m,1.95,-1.725977,-4.763978,12.2947,-0.00000788,0.00002639,0.00000912,4.364901297,1.179878044,-1.23259E-06,1.80012E-06,,,Dra,1,119108,,8.46447E-05,,,
119246,,,,Gl 732A,,,18.894977,-38.616057,13.2979,327.16,-955.55,0,12.7,12.081,sdG0,1.53,2.412492,-10.1063,-8.299201,0.00001159,0.00004228,-0.00004814,4.946693281,-0.673977338,1.58612E-06,-4.63262E-06,,,CrA,1,119246,Gl 732,0.00128115,,,
119247,,,,Gl 732B,,,18.894963,-38.616127,13.2979,312.11,-960.57,0,16,15.381,,,2.412442,-10.106301,-8.299214,0.0000106,0.00004225,-0.00004839,4.946689633,-0.673978555,1.51315E-06,-4.65696E-06,,,CrA,2,119246,Gl 732,6.13197E-05,,,
31780,31862,,,GJ 3403,,,6.660505,-55.609673,13.2996,-394.43,12.72,0,9.8,9.181,K7V,1.377,-1.292411,7.39997,-10.974948,0.00002493,0.00000504,0.00000046,1.743716126,-0.970571886,-1.91225E-06,6.16683E-08,,,Car,1,31780,,0.018518252,,,
76597,76832,,,Gl 597,,,15.687543,75.992789,13.3103,777.67,-759.83,-46.1,12.22,11.599,M4,1.65,-1.833098,-2.649211,12.914122,0.00002068,-0.00005829,-0.00005761,4.106989026,1.32632437,3.77025E-06,-3.68376E-06,,,UMi,1,76597,,0.001997101,UU,12.348,11.988
106470,106811,,,Gl 835,,,21.63343,27.723743,13.3174,472.04,-75.3,-13.3,9.83,9.208,,1.495,9.597367,-6.84533,6.195318,0.00000974,0.00003049,-0.00001063,5.663618794,0.483870589,2.28851E-06,-3.65065E-07,,,Peg,1,106470,,0.018063421,,9.887,9.777
118418,,,,GJ 1088,,,6.182198,-43.409631,13.3333,122.14,729.85,28,12.32,11.695,M3.5,1.59,-0.462003,9.676115,-9.163757,-0.00001042,0.00005279,0.00001458,1.618495662,-0.757640989,5.92151E-07,3.53842E-06,,,Pup,1,118418,,0.0018281,,,
118460,,,,GJ 3423,,,7.056432,34.70004,13.3333,-87.27,157.43,0,13.17,12.545,m,,-2.993213,10.545314,7.590383,0.00000701,-0.00000403,0.00000837,1.847369674,0.605629947,-4.23097E-07,7.63247E-07,,,Gem,1,118460,,0.000835603,,,
118666,,,,GJ 3586,,,10.158662,51.284033,13.3333,-450.23,-802.3,0,13.47,12.845,k-m,1.66,-7.388842,3.866705,10.40339,-0.00002237,0.00004454,-0.00003243,2.659531393,0.895075226,-2.18278E-06,-3.88967E-06,,,UMa,1,118666,,0.00063387,,,
119016,,,,GJ 3900,,,15.319892,-12.75336,13.3333,-690.35,-204.49,0,12.58,11.955,M3,1.52,-8.394087,-9.932405,-2.943388,-0.0000322,0.00003102,-0.00001289,4.010738315,-0.22258813,-3.34691E-06,-9.914E-07,,,Lib,1,119016,,0.001438799,,,
119457,,,,GJ 4239,,,21.948672,-1.902227,13.3333,1278.45,618.03,0,14.64,14.015,dM5,1.76,11.450041,-6.817448,-0.442586,0.00004344,0.00007031,0.00003992,5.746148835,-0.033200121,6.1981E-06,2.99628E-06,,,Aqr,1,119457,,0.000215774,,,
118559,,,,Gl 319C,,,8.714474,9.553721,13.3422,202.59,-638.64,22.4,11.79,11.164,M3.5,1.54,-8.583478,9.973174,2.214625,-0.00002914,0.00001378,-0.00003693,2.281444,0.16674389,9.82184E-07,-3.0962E-06,,,Cnc,3,42629,Gl 319,0.002981261,,,
119302,,,,Gl 767B,,,19.773297,32.015188,13.3511,467.92,-406.76,-3.5,11.1,10.472,M2  :,1.52,5.068899,-10.122082,7.077911,0.00003197,0.00000379,-0.00002422,5.176637088,0.558770447,2.26854E-06,-1.97201E-06,,,Cyg,2,96983,Gl 767,0.005638973,,,
83505,83762,,,Gl 655,,,17.118752,21.554011,13.3618,-465.66,-29.36,-49.9,11.61,10.981,M3,1.56,-2.841689,-12.097749,4.908669,-0.00001867,0.00005242,-0.00002052,4.481678873,0.376188465,-2.25758E-06,-1.42341E-07,,,Her,1,83505,,0.00352858,,11.681,11.491
117990,,,,GJ 1012,,,0.477674,-6.664612,13.369,-330.13,-804.93,51,12.19,11.56,M4,1.48,13.177536,1.65655,-1.551872,0.00004808,-0.00001552,-0.00005786,0.125054702,-0.11631943,-1.60052E-06,-3.90242E-06,,,Cet,1,117990,,0.002070141,,,
119256,,,,Gl 742,,,19.002774,70.665069,13.369,88.39,522.58,0,13.2,12.57,DXP5,0.05,1.14891,-4.274632,12.614979,-0.00000276,0.00003235,0.00001122,4.97491447,1.233338119,4.28527E-07,2.53352E-06,,,Dra,1,119256,,0.000816582,,,
119319,,,,Gl 774A,,,20.067376,-65.60169,13.4048,112.25,-852.64,72,11.35,10.714,m,1.48,2.853729,-4.746991,-12.211049,-0.00000406,0.00002092,-0.00008995,5.253626633,-1.144965482,5.44203E-07,-4.13373E-06,,,Pav,1,119319,Gl 774,0.004512321,,,
119320,,,,Gl 774B,,,20.067376,-65.60169,13.4048,112.25,-852.64,33,12.82,12.184,m,1.56,2.853304,-4.746284,-12.209233,-0.00001256,0.00003505,-0.00005363,5.253626633,-1.144965482,5.44203E-07,-4.13373E-06,,,Pav,2,119319,Gl 774,0.001165199,,,
67209,67422,120476,,Gl 528A,,,13.817785,26.979911,13.4084,-427.38,-89.94,-20.7,7.05,6.413,K2,1.11,-10.621222,-5.474195,6.083013,0.00000168,0.00003212,-0.00001481,3.617487662,0.470888273,-2.072E-06,-4.36041E-07,,,Boo,1,67209,Gl 528,0.23702819,,,
19289,19337,281621,,,,,4.143704,33.637037,13.4463,524.64,126.47,0,10.18,9.537,M1,1.495,5.228784,9.898763,7.448307,-0.00003237,0.00001194,0.00000686,1.084819266,0.587077053,2.54353E-06,6.13144E-07,,,Per,1,19289,,0.013341357,,,
118207,,,,Gl 130.1B,,,3.269926,58.169449,13.4608,473.05,-352.6,22.1,11.2,10.555,M2,,4.652856,5.362845,11.437412,-0.00000268,0.000044,0.00000707,0.856064726,1.015248416,2.29341E-06,-1.70944E-06,,,Cam,2,15182,Gl 130.1,0.005223962,,,
118751,,,,Gl 427,,,11.403768,21.360564,13.4771,-1049.99,3.66,51,14.24,13.592,DA7,0.28,-12.40108,1.951838,4.909793,-0.00003725,0.00007529,0.00001922,2.985499386,0.372812173,-5.0905E-06,1.77684E-08,,,Leo,1,118751,,0.000318566,,,
46720,46853,82328,3775,Gl 354A,25The UMa,,9.547715,51.6773,13.4789,-947.06,-535.6,15.3,3.17,2.522,F6IV,0.475,-6.693935,5.005096,10.57472,0.00000729,0.00007181,-0.00000942,2.49958585,0.901939037,-4.59148E-06,-2.59666E-06,The,25,UMa,1,46720,Gl 354,8.534930716,,,
118634,,,,Gl 354B,,,9.548199,51.678697,13.4862,-947.75,-538.4,0,13.8,13.151,,,-6.697339,5.007531,10.580543,0.00001496,0.00006617,-0.00002182,2.499712608,0.901963416,-4.59482E-06,-2.61022E-06,,,UMa,2,46720,Gl 354,0.000478189,,,
7499,7513,9826,458,Gl 61,50Ups And,Titawin,1.613299,41.405459,13.4916,-172.57,-381.01,-28.7,4.1,3.45,F8V,0.536,9.229933,4.147969,8.92295,-0.00000042,-0.00001256,-0.0000381,0.422360683,0.722661584,-8.36643E-07,-1.84719E-06,Ups,50,And,1,7499,,3.630780548,,,
117963,,,,GJ 3009,,,0.139936,-57.088906,13.5135,-358.03,-37.63,0,12.07,11.416,M4,1.54,7.337478,0.268395,-11.344782,-0.00000121,-0.00002351,-0.00000134,0.036635254,-0.996389384,-1.73578E-06,-1.82435E-07,,,Phe,1,117963,,0.002363742,,,
118801,,,,GJ 3709B,,,12.188031,-19.972025,13.5135,-194.29,-157.33,0,12.62,11.966,m,1.68,-12.685408,-0.624923,-4.615688,0.00000289,0.00001289,-0.00000969,3.190819045,-0.348577602,-9.41945E-07,-7.62757E-07,,,Crv,2,118801,GJ 3709,0.001424295,,,
110097,110443,211970,,GJ 1267,,,22.37119,-54.560618,13.5318,-185.33,232.67,0,8.98,8.323,K7V,1.329,7.143656,-3.24539,-11.024756,0.00000629,-0.00001621,0.00000885,5.856763789,-0.95226242,-8.98505E-07,1.12802E-06,,,Gru,1,110097,,0.040813139,,,
28298,28368,,,GJ 3371A,,,5.993819,58.593024,13.5336,8.61,-248.72,0,10.25,9.593,M1,1.48,0.01141,7.052533,11.550757,-0.00000054,0.00001393,-0.0000085,1.569178159,1.022641183,4.17425E-08,-1.20583E-06,,,Cam,1,28298,GJ 3371,0.012670682,EG,10.445,10.205
111606,111960,214749,,Gl 868,,,22.678708,-29.67448,13.5501,380.21,-17.42,1,7.83,7.17,K4/K5V,1.143,11.075688,-3.991693,-6.708276,0.00000877,0.00002339,-0.0000015,5.937271967,-0.51791738,1.84331E-06,-8.44545E-08,,,PsA,1,111606,,0.118032064,,,
119153,,,,GJ 4006,,,17.436256,1.804922,13.5685,0,40,0,10.9,10.237,,0.67,-1.994294,-13.414334,0.427362,0.00000001,0.00000008,0.00000263,4.564801099,0.031501824,0,1.93925E-07,,,Oph,1,119153,,0.007001644,,,
8055,8070,10436,,Gl 69,,,1.72806,63.823401,13.5777,-394.18,-581.75,-50.7,8.42,7.756,K5V,1.202,5.386964,2.618057,12.184745,0.00002168,-0.00001831,-0.00006343,0.45240509,1.11392848,-1.91104E-06,-2.8204E-06,,,Cas,1,8055,,0.068801832,,,
12066,12097,,,Gl 104,,,2.598139,20.219884,13.5943,251.92,-140.35,-22.3,10.68,10.013,M2,1.47,9.917443,8.022999,4.698446,-0.00002459,0.00000146,-0.00001656,0.68019107,0.352903552,1.22134E-06,-6.80436E-07,,,Ari,1,12066,,0.008605973,,,
16670,16711,22496,,Gl 146,,,3.583561,-48.419141,13.6073,404.54,307.45,19.5,8.57,7.901,K7V,1.31,5.339596,7.283334,-10.178661,-0.00000472,0.00003869,-0.00000146,0.938174114,-0.84507344,1.96127E-06,1.49056E-06,,,Hor,1,16670,,0.060200486,,,
119488,,,,Gl 853B,,,22.304323,-53.627522,13.611,431.69,-637.61,0,9.9,9.231,,,7.289631,-3.466212,-10.959288,-0.00001835,0.00004027,-0.00002495,5.8392582,-0.935976827,2.09289E-06,-3.0912E-06,,,Gru,2,109763,Gl 853,0.017684794,,,
96983,97292,331161,,Gl 767A,,,19.7733,32.017051,13.6129,464.87,-392.5,-4.4,9.74,9.07,M1+...,1.517,5.168078,-10.320545,7.217152,0.00003187,0.00000487,-0.00002435,5.176637882,0.558802964,2.25375E-06,-1.90289E-06,,,Cyg,1,96983,Gl 767,0.020511622,,9.807,9.677
23463,23518,,,Gl 184,,,5.056498,53.12847,13.6221,1304.13,-1537.29,66,9.96,9.289,M0,1.389,1.998265,7.925906,10.89792,-0.00005374,0.00013908,-0.00000691,1.323788191,0.927266725,6.3226E-06,-7.45299E-06,,,Cam,1,23463,,0.016764863,,10.012,9.902
83731,83990,154577,,Gl 656,,,17.16953,-60.728771,13.6221,71.14,589.82,8.8,7.38,6.709,K0V,0.889,-1.436698,-6.503692,-11.88283,-0.00000369,-0.00003849,0.00001119,4.494972418,-1.059917005,3.44896E-07,2.85953E-06,,,Ara,1,83731,,0.180467915,,,
50199,50341,,,Gl 386,,,10.279432,-11.961779,13.6426,-417.27,-604.17,-20,10.99,10.316,M0,1.506,-12.014959,5.81047,-2.827516,0.00003748,0.00001253,-0.00003485,2.69114893,-0.208772421,-2.02298E-06,-2.9291E-06,,,Hya,1,50199,,0.006510285,,11.048,10.938
119034,,,,GJ 1194A,,,15.667113,43.492188,13.6426,1170.96,-342.41,-108,12.48,11.806,m,1.57,-5.672725,-8.105364,9.385795,0.00010046,0.00000843,-0.00009245,4.101640713,0.759081882,5.67697E-06,-1.66007E-06,,,Boo,1,119034,GJ 1194,0.001650441,,,
119035,,,,GJ 1194B,,,15.667391,43.490538,13.6426,1170.96,-342.41,0,13.8,13.126,m,,-5.674589,-8.10928,9.389312,0.00005449,-0.00005719,-0.00001643,4.10171346,0.759053081,5.67697E-06,-1.66007E-06,,,Boo,2,119034,GJ 1194,0.000489328,,,
60903,61094,,,Gl 471,,,12.521058,8.810603,13.6463,-636.2,-521.37,19,9.74,9.065,M0:,1.441,-13.360166,-1.833881,2.090212,-0.00002998,0.00003837,-0.00003111,3.278005358,0.15377403,-3.08438E-06,-2.52767E-06,,,Vir,1,60903,,0.020606299,,,
118926,,,,Gl 528B,,,13.817695,26.978358,13.6519,-450.76,-91.71,-20.9,8.03,7.354,dK6,,-10.813751,-5.572951,6.192753,0.00000081,0.00003398,-0.00001511,3.617464178,0.470861177,-2.18535E-06,-4.44618E-07,,,Boo,2,67209,Gl 528,0.099632264,,,
118058,,,,GJ 1035,,,1.335319,84.15857,13.6612,-978.01,458.13,0,14.77,14.093,m,1.79,1.307277,0.473484,13.590263,-0.00000616,-0.00007119,0.00000309,0.349585666,1.468844139,-4.74153E-06,2.2211E-06,,,Cep,1,118058,,0.000200817,,,
543,544,166,8,Gl 5,,,0.110209,29.021502,13.6705,379.94,-178.34,-5.5,6.07,5.391,K0V,0.752,11.948982,0.344882,6.632053,0.00000009,0.00002519,-0.00001306,0.028852629,0.506520758,1.842E-06,-8.64617E-07,,,And,1,543,,0.607575146,V439,6.091,6.051
97725,98036,188512,7602,Gl 771A,60Bet Aql,Alshain,19.921887,6.406763,13.6986,46.35,-481.32,-40.7,3.71,3.027,G8IVvar,0.855,6.563854,-11.925647,1.528534,-0.00001553,0.0000346,-0.00003641,5.215537811,0.111819116,2.24711E-07,-2.33351E-06,Bet,60,Aql,1,97725,Gl 771,5.360434578,,,
118347,,,,GJ 3326,,,5.070825,11.058065,13.6986,-68.37,198.56,0,13.75,13.067,m,,3.238262,13.048443,2.627442,0.0000038,-0.00000355,0.00001294,1.327538884,0.192999637,-3.31467E-07,9.62636E-07,,,Ori,1,118347,,0.000516654,,,
118696,,,,Gl 398,,,10.600516,5.120819,13.6986,-633.62,90.18,21,12.6,11.917,dM4  e,1.6,-12.739357,4.888216,1.222781,-0.00000441,0.00004676,0.00000788,2.775208536,0.089375149,-3.07188E-06,4.37186E-07,,,Sex,1,118696,,0.001490047,,,
119314,,,,Gl 771B,,,19.921754,6.404961,13.708,43.5,-478.02,0,11.4,10.715,M3,,6.568143,-11.934418,1.529196,0.00000424,-0.00000171,-0.00003157,5.215503122,0.111787651,2.10894E-07,-2.31753E-06,,,Aql,2,97725,Gl 771,0.004508167,,,
48199,48336,,,,,,9.852673,-12.329856,13.7137,1137.36,-1457.41,0,10.04,9.354,M0,1.446,-11.335551,7.141095,-2.928416,-0.00002281,-0.000075,-0.00009466,2.579423859,-0.215196579,5.51408E-06,-7.06572E-06,,,Hya,1,48199,,0.01579065,,,
55525,55691,99279,,Gl 428A,,,11.411291,-61.647566,13.7137,-510.94,77.96,4.7,7.22,6.534,K7V+...,1.271,-6.43535,0.999927,-12.068684,-0.00000155,0.00003462,-0.00000177,2.987468902,-1.075953005,-2.47711E-06,3.77961E-07,,,Cen,1,55525,Gl 428,0.212031312,,,
116405,116771,222368,8969,Gl 904,17Iot Psc,,23.665844,5.626292,13.7137,376.32,-437,5.5,4.13,3.444,F7V,0.507,13.595494,-1.192399,1.34449,0.0000106,0.00002418,-0.00002836,6.195703568,0.098197312,1.82445E-06,-2.11864E-06,Iot,17,Psc,1,116405,,3.650900525,,,
27123,27188,,,Gl 215,,,5.763355,62.236777,13.7287,297.76,-785.27,-19.6,9.02,8.332,M0,1.379,0.395848,6.382741,12.148099,-0.00001749,0.00003807,-0.00004208,1.508842716,1.086236676,1.44358E-06,-3.8071E-06,,,Cam,1,27123,,0.040476225,,,
118576,,,,GJ 3520,,,8.998684,72.964388,13.7363,889.98,-6.21,0,14.32,13.631,m,1.7,-2.84609,2.845088,13.13359,-0.00004221,-0.0000416,-0.00000012,2.355849945,1.273468801,4.31474E-06,-3.01215E-08,,,UMa,1,118576,,0.000307326,,,
118588,,,,Gl 333,,,8.992336,-47.43561,13.7363,-498.47,676.11,22,12.19,11.501,M3,1.56,-6.557034,6.58416,-10.117857,-0.00001063,0.0000577,0.00001387,2.354188014,-0.827907569,-2.41665E-06,3.27787E-06,,,Vel,1,118588,,0.002185748,,,
118274,,,,Gl 162,,,4.143698,33.638601,13.7552,555.39,128.22,36.8,10.18,9.488,M1,1.51,5.349329,10.127479,7.620771,-0.00002032,0.00004082,0.00002797,1.084817472,0.587104343,2.69261E-06,6.21638E-07,,,Per,1,118274,,0.013957255,,,
119565,,,,Gl 895.2,,,23.479836,5.246769,13.7552,-416,-258.93,34,13.04,12.348,DAV4,0.16,13.57247,-1.859795,1.258009,0.00003211,-0.00003239,-0.00001401,6.14700674,0.091573388,-2.01682E-06,-1.25535E-06,,,Psc,1,119565,,0.001001844,,,
118897,,,,Gl 516B,,,13.545737,16.810196,13.7627,263.55,-198.6,-1.5,12.3,11.606,dM3.5e,,-12.110414,-5.187082,3.98018,0.00000475,-0.00001709,-0.00001313,3.546265626,0.293393274,1.27773E-06,-9.6283E-07,,,Com,2,65869,Gl 516,0.001984266,,,
42101,42220,,,Gl 310,,,8.607345,67.295115,13.776,-1065.06,66.83,11.6,9.28,8.584,M2,1.417,-3.35397,4.126168,12.708527,0.0000549,0.00004523,0.00001267,2.253397536,1.174521324,-5.16356E-06,3.24001E-07,,,UMa,1,42101,,0.032092238,,9.334,9.224
103109,103441,,,Gl 813,,,20.957034,22.362729,13.7779,773.07,-211.88,-31.1,11.98,11.284,M3,1.533,8.907683,-9.110321,5.241957,0.00002012,0.00005328,-0.00002519,5.48653858,0.390303246,3.74795E-06,-1.02722E-06,,,Vul,1,103109,,0.002669316,,12.068,11.848
107084,107427,,,,,,21.758263,-21.558525,13.7798,122.84,-94.8,0,10.95,10.254,,0.448,10.671331,-7.097006,-5.063408,0.00000261,0.00000812,-0.00000589,5.69629999,-0.376267252,5.95545E-07,-4.59603E-07,,,Cap,1,107084,,0.006892869,,11.015,10.885
109763,110109,211415,8501,Gl 853A,,,22.304289,-53.627073,13.7855,439.86,-632.6,-13.5,5.36,4.663,G1V,0.614,7.382862,-3.511159,-11.09963,-0.00002551,0.00004468,-0.00001396,5.839249105,-0.935969,2.1325E-06,-3.06693E-06,,,Gru,1,109763,Gl 853,1.187955028,,,
118884,,,,GJ 3779,,,13.382486,24.4648,13.7931,-628.69,-878.15,0,12.93,12.232,M3.5,1.62,-11.741394,-4.445238,5.712194,-0.00003764,0.00003069,-0.00005344,3.503526676,0.426991311,-3.04798E-06,-4.25738E-06,,,Com,1,118884,,0.001114808,,,
119507,,,,GJ 1270,,,22.496298,41.480923,13.8313,1200.24,472.79,0,13.25,12.546,m,1.65,9.569856,-3.973742,9.161447,0.0000115,0.00008237,0.00002375,5.889517079,0.723978688,5.81893E-06,2.29213E-06,,,Lac,1,119507,,0.000834834,,,
118915,,,,Gl 524,,,13.746682,-54.106532,13.8504,-246.04,-364.78,0,12.5,11.793,k,1.54,-7.286065,-3.584845,-11.220327,0.00001051,0.00002358,-0.00001436,3.598873034,-0.944337134,-1.19284E-06,-1.76848E-06,,,Cen,1,118915,,0.001670321,,,
119376,,,,GJ 4169,,,20.89251,10.616098,13.8504,-476.36,-456.81,0,13.97,13.263,m,1.73,9.351397,-9.893137,2.551625,-0.00001936,-0.00002608,-0.00003015,5.469646209,0.185285871,-2.30946E-06,-2.2147E-06,,,Del,1,119376,,0.00043132,,,
118688,,237903,,Gl 394,,,10.507347,56.000271,13.8696,-176.13,-37.12,9.1,8.69,7.98,K7 Ve,1.33,-7.171195,2.954541,11.498842,-0.00000221,0.00001372,0.00000632,2.750816992,0.977389108,-8.53902E-07,-1.79943E-07,,,UMa,1,118688,,0.05597576,,,
119609,,,,GJ 1292,,,23.962079,23.303973,13.8696,1032.38,-1032.38,0,11.72,11.01,k-m,1.54,12.737479,-0.126174,5.486942,0.00002818,0.00006913,-0.00006374,6.273257712,0.406731061,5.00512E-06,-5.0051E-06,,,Peg,1,119609,,0.003435579,,,
79297,79537,145417,,Gl 615,,,16.230275,-57.57051,13.887,-853.99,-1410.79,10,7.53,6.817,K0V,0.815,-3.328428,-6.661907,-11.721426,-0.00001806,0.0000925,-0.00005957,4.249075999,-1.004794953,-4.14026E-06,-6.8397E-06,,,Nor,1,79297,,0.163380417,,,
65508,65714,,,Gl 512A,,,13.472522,-2.360283,13.8889,151.08,-486.61,-41.6,11.23,10.517,M4+...,1.539,-12.85831,-5.218036,-0.571972,0.00004446,0.00000707,-0.00003098,3.527097958,-0.041194716,7.32457E-07,-2.35915E-06,,,Vir,1,65508,Gl 512,0.005410034,,11.319,11.159
118016,,,,GJ 3053,,,0.750074,-15.272806,13.8889,311.88,-581.66,0,14.2,13.487,m,,13.140875,2.614184,-3.658547,-0.00001421,0.00001858,-0.00003778,0.196368872,-0.266560749,1.51204E-06,-2.81997E-06,,,Cet,1,118016,,0.000350913,,,
118356,,,,GJ 3336,,,5.172638,48.843676,13.8889,190.89,-407.5,0,11.39,10.677,M2,1.53,1.964199,8.926966,10.457186,-0.00000811,0.00002294,-0.00001805,1.354193505,0.85248296,9.25461E-07,-1.97564E-06,,,Aur,1,118356,,0.004668743,,,
119013,,,,GJ 3898,,,15.210632,45.727614,13.8889,-400,347.71,0,13.35,12.637,m,,-6.467731,-7.222867,9.944859,-0.00000889,0.00003045,0.00001634,3.982134229,0.798097427,-1.93925E-06,1.68575E-06,,,Boo,1,119013,,0.000767715,,,
119216,,,,GJ 4055,,,18.391345,28.166966,13.8889,-68.09,-177.38,0,12.49,11.777,M3,1.61,1.252237,-12.179915,6.556153,-0.00000398,-0.00000608,-0.00001053,4.814842874,0.491606302,-3.3011E-07,-8.59963E-07,,,Her,1,119216,,0.001695118,,,
119217,,,,GJ 4056,,,18.40147,1.683412,13.8889,170.57,-196.22,0,11.84,11.127,g,1.56,1.456471,-13.806294,0.408012,0.00001146,0.00000082,-0.00001321,4.817493495,0.029381075,8.26947E-07,-9.51321E-07,,,Ser,1,119217,,0.003084608,,,
119503,,,,GJ 4279,,,22.450899,6.826136,13.8889,209.87,-7.33,0,13.22,12.507,dM3   :,1.66,12.671824,-5.440709,1.650791,0.00000563,0.00001296,-0.00000049,5.877631532,0.119138546,1.01748E-06,-3.55271E-08,,,Peg,1,119503,,0.000865366,,,
78117,78353,,,Gl 606,,,15.998162,-8.253199,13.8985,204.3,-23.15,0,10.49,9.775,M0,1.497,-6.883011,-11.908487,-1.9951,0.00001203,-0.00000669,-0.00000154,4.188308888,-0.144045505,9.90474E-07,-1.12234E-07,,,Lib,1,78117,,0.010715193,,10.546,10.436
79431,79672,146233,6060,Gl 616,18    Sco,,16.260352,-8.369442,13.9005,232.16,-495.84,12,5.49,4.775,G1V,0.652,-6.049152,-12.350743,-2.023308,0.00001085,-0.00001342,-0.00003484,4.256950309,-0.146074313,1.12554E-06,-2.4039E-06,,18,Sco,1,79431,,1.071519305,,,
46636,46769,,,Gl 353,,,9.532323,36.320227,13.9063,-207.2,-524.86,20.1,10.19,9.474,M0,1.475,-8.946689,6.745552,8.236775,-0.00002155,0.00003374,-0.00001633,2.495556402,0.633907554,-1.00453E-06,-2.54459E-06,,,LMi,1,46636,,0.014138391,,,
118725,,,,GJ 3637,,,11.02196,3.005732,13.9082,1017.73,-417.4,0,14.07,13.354,m,1.73,-13.436255,3.517564,0.729289,-0.00001883,-0.000066,-0.0000281,2.885542277,0.052459911,4.93409E-06,-2.02362E-06,,,Leo,1,118725,,0.000396643,,,
52448,52600,,,Gl 400A,,,10.755971,38.511762,13.9159,-34.9,147.61,-3.2,9.16,8.442,M2,1.416,-10.316481,3.484004,8.665069,0.00000905,-0.00000057,0.00000575,2.815906498,0.672157047,-1.692E-07,7.15633E-07,,,LMi,1,52448,Gl 400,0.036576319,,,
118952,,,,GJ 1182,,,14.258888,4.656888,13.9276,-753.45,-745.6,4,14.3,13.581,m,1.72,-11.524344,-7.739159,1.130779,-0.00003515,0.00003767,-0.00004984,3.732968134,0.081278023,-3.65283E-06,-3.61476E-06,,,Vir,1,118952,,0.00032181,,,
119425,,,,Gl 836,,,21.650204,-24.159135,13.947,990.14,-677.96,36,13.43,12.708,M3.5,1.56,10.394035,-7.344588,-5.708874,0.00005077,0.00004609,-0.00005689,5.668010025,-0.421656443,4.80033E-06,-3.28684E-06,,,Cap,1,119425,,0.000719118,,,
17378,17420,23356,,,,,3.732037,-19.110899,13.9489,309.86,156.52,0,7.1,6.377,K2V,0.927,7.373935,10.924326,-4.566838,-0.00001543,0.00001459,0.00001,0.977044935,-0.333548118,1.50224E-06,7.5883E-07,,,Eri,1,17378,,0.245019134,,,
16811,16852,22484,1101,Gl 147,10    Tau,,3.614551,0.401662,13.9626,-232.69,-482,27.9,4.29,3.565,F9V,0.575,8.163865,11.327087,0.097883,0.00002959,0.00001413,-0.00003242,0.946287207,0.007010317,-1.12811E-06,-2.3368E-06,,10,Tau,1,16811,,3.265878322,,,
115951,116317,,,Gl 899,,,23.567592,0.179413,13.9782,-997.02,-936.24,20,11.16,10.433,M3,1.454,13.888839,-1.579024,0.043771,0.00001289,-0.00006946,-0.00006338,6.169981222,0.00313135,-4.83369E-06,-4.53902E-06,,,Psc,1,115951,,0.005845208,,11.239,10.889
52039,52190,,,,,,10.662311,-37.920428,13.9841,189.48,-129.43,0,11.02,10.292,,1.529,-10.361981,3.784815,-8.59416,0.00000066,-0.00001392,-0.00000692,2.791386416,-0.661836323,9.18625E-07,-6.27494E-07,,,Ant,1,52039,,0.006655796,,11.099,10.939
52444,52596,,,,,,10.754638,-30.807492,14.0036,-29.91,-233.36,0,11.22,10.489,,1.503,-11.393975,3.852314,-7.172016,0.00000834,-0.00000068,-0.00001361,2.815557586,-0.537692166,-1.45008E-07,-1.13136E-06,,,Hya,1,52444,,0.005551368,,11.297,11.147
118337,,,,GJ 1072,,,4.847341,22.125547,14.0056,616.36,-409.51,0,15.21,14.478,m,1.95,3.855879,12.388021,5.275032,-0.00003684,0.00002244,-0.00002576,1.269030915,0.386163638,2.9882E-06,-1.98536E-06,,,Tau,1,118337,,0.000140864,,,
70642,70865,,,Gl 552,,,14.491589,15.532641,14.0076,-1053.37,1300.01,7.5,10.67,9.938,M3,1.471,-10.725239,-8.192278,3.751075,-0.00003051,0.0000667,0.00008711,3.793889212,0.271095722,-5.10688E-06,6.30263E-06,,,Boo,1,70642,,0.009221467,,10.739,10.609
47606,47741,,,GJ 3564,,,9.732126,26.969006,14.0272,-581.58,-99.99,0,12.08,11.345,M:,1.542,-10.362206,6.994208,6.361454,0.00001957,0.0000345,-0.00000606,2.5478646,0.470697955,-2.81958E-06,-4.84765E-07,,,Leo,1,47606,,0.002523481,,12.193,11.973
15599,15638,,,Gl 133,,,3.355735,79.967257,14.043,410.35,284.79,-10.2,11.21,10.473,M2:,1.59,1.56136,1.883392,13.82817,-0.00003485,0.00000174,-0.00000689,0.878529413,1.395691928,1.98943E-06,1.3807E-06,,,Cep,1,15599,,0.005633782,,11.285,11.145
97633,97944,188088,7578,Gl 770,,,19.904931,-23.941071,14.0489,-122.67,-409.86,-5.1,6.22,5.482,K3/K4V,1.017,6.141341,-11.276216,-5.700981,-0.00001503,0.00001014,-0.0000234,5.211098794,-0.417850509,-5.94721E-07,-1.98706E-06,,,Sgr,1,97633,,0.558727439,V4200,6.24,6.2
53565,53721,95128,4277,Gl 407,47    UMa,Chalawan,10.99112,40.430257,14.0627,-315.92,55.15,11.6,5.03,4.29,G0V,0.624,-10.333319,2.794615,9.120037,-0.00000074,0.00002251,0.00001056,2.877468446,0.705641099,-1.53162E-06,2.67375E-07,,47,UMa,1,53565,,1.674942876,,,
10786,10812,,,GJ 1046,,,2.31941,-36.778083,14.0726,1394.12,549.99,47,11.59,10.848,,1.51,9.256838,6.431751,-8.425761,-0.00000419,0.00011289,0.00000127,0.607220124,-0.641898649,6.75888E-06,2.66643E-06,,,For,1,10786,,0.003988412,,11.687,11.497
25157,25220,35171,,Gl 201,,,5.393993,17.324119,14.0845,253.35,-4.66,37.8,7.93,7.186,K2,1.104,2.124277,13.277023,4.194138,-0.00001123,0.00003927,0.00001121,1.412144003,0.302362923,1.22828E-06,-2.25923E-08,,,Tau,1,25157,,0.116305432,,,
118025,,,,GJ 3061B,,,0.842415,24.81669,14.0845,215.19,-45.74,0,13.3,12.556,m,,12.474213,2.796668,5.911497,-0.00000193,0.00001462,-0.00000283,0.220543687,0.433132952,1.04327E-06,-2.21754E-07,,,Psc,2,118025,GJ 3061,0.00082718,,,
118534,,,,GJ 3490B,,,8.270174,-35.882029,14.0845,4.7,19.44,0,11,10.256,,,-6.389985,9.454797,-8.255182,-0.0000007,0.00000046,0.00000108,2.165126566,-0.626259554,2.27862E-08,9.42429E-08,,,Pup,2,118534,GJ 3490,0.006880183,,,
118979,,,,GJ 3861,,,14.614197,58.347395,14.0845,613.8,-658.22,0,11.74,10.996,m,,-5.725999,-4.673453,11.989367,-0.00000316,-0.00005666,-0.00002358,3.82598789,1.018354159,2.97579E-06,-3.19113E-06,,,Dra,1,118979,,0.003480166,,,
119192,,,,GJ 4038,,,17.950882,15.777541,14.0845,-177.13,-203.77,0,12.21,11.466,m,,-0.174307,-13.552741,3.829618,-0.00001214,-0.00000363,-0.00001339,4.69952996,0.275370041,-8.5875E-07,-9.8791E-07,,,Her,1,119192,,0.002257356,,,
119516,,,,GJ 4288A,,,22.639798,-29.350562,14.0845,-13.61,-259.64,0,10.92,10.176,m,,11.506381,-4.279885,-6.903544,-0.00000847,0.00000216,-0.00001545,5.927085148,-0.512263941,-6.59831E-08,-1.25878E-06,,,PsA,1,119516,GJ 4288,0.007406278,,,
119517,,,,GJ 4289B,,,22.640075,-29.352221,14.0845,-13.61,-259.64,0,12.64,11.896,m,,11.506504,-4.27898,-6.903899,-0.00000847,0.00000216,-0.00001545,5.927157751,-0.512292902,-6.59831E-08,-1.25878E-06,,,PsA,2,119517,GJ 4289,0.001519148,,,
119538,,,,Gl 878,,,22.90632,60.993001,14.0845,-679.09,-122.19,0,12.76,12.016,M3,1.6,6.551417,-1.930077,12.317746,-0.00000609,-0.00004654,-0.00000405,5.996860656,1.064528687,-3.29232E-06,-5.92384E-07,,,Cep,1,119538,,0.001360191,,,
87666,87938,,,GJ 4040,,,17.964158,46.588641,14.0865,-17.74,575.75,0,11.79,11.046,M:,1.56,-0.09084,-9.680261,10.232975,-0.00000094,0.00002857,0.00002702,4.703005523,0.813125177,-8.60059E-08,2.79131E-06,,,Her,1,87666,,0.003323533,,11.859,11.689
119164,,,,Gl 684B,,,17.582791,61.875387,14.0885,244.61,-503.75,0,8.06,7.316,K3 V,1.1,-0.723504,-6.601661,12.424993,0.0000133,-0.00003199,-0.00001621,4.603163899,1.079929229,1.1859E-06,-2.44226E-06,,,Dra,2,85773,Gl 684,0.103181064,,,
92913,93206,,,Gl 739,,,18.985393,-48.274466,14.0944,154.68,-494.09,0,11.13,10.385,M4,1.446,2.393269,-9.070282,-10.519238,0.00000379,0.00002706,-0.00002247,4.970364309,-0.842548379,7.4991E-07,-2.39542E-06,,,Tel,1,92913,,0.00610942,,11.213,10.983
85824,86087,,,Gl 685,,,17.592864,61.681564,14.0984,263.74,-514.14,-16.3,9.98,9.234,M1,1.456,-0.711409,-6.649864,12.411043,0.00001547,-0.00002481,-0.00003134,4.605801026,1.076546386,1.27865E-06,-2.49262E-06,,,Dra,1,85824,,0.017635996,,,
116361,116727,222404,8974,Gl 903,35Gam Cep,Errai,23.65582,77.632276,14.1024,-48.85,127.18,-43.1,3.21,2.464,K1IV,1.031,3.008186,-0.271815,13.774751,-0.00001816,-0.00000171,-0.00004119,6.193079298,1.354938819,-2.36831E-07,6.16586E-07,Gam,35,Cep,1,116361,,9.003264311,,,
119169,,,,GJ 1220,,,17.523022,82.091971,14.1044,-280.85,484.48,0,14.18,13.433,m,1.76,-0.242511,-1.925318,13.97027,-0.00001497,0.00003495,0.00000456,4.587516313,1.432775181,-1.3616E-06,2.34884E-06,,,UMi,1,119169,,0.000368808,,,
118703,,,,Gl 400B,,,10.755925,38.512884,14.1103,-37.35,155.58,-4.1,12.2,11.452,,,-10.460251,3.532722,8.786221,0.0000102,-0.00000075,0.00000572,2.815894502,0.672176632,-1.81078E-07,7.54268E-07,,,LMi,2,52448,Gl 400,0.002286652,,,
118197,,,,Gl 127B,,,3.201183,-28.986359,14.1123,333.57,638.07,0,6.7,5.952,G7 V,,8.257153,9.176422,-6.83884,-0.00000281,0.00003099,0.00003818,0.838067625,-0.505907403,1.61719E-06,3.09343E-06,,,For,2,14843,Gl 127,0.362409856,,,
119236,,,,GJ 4073,,,18.722753,40.672072,14.1243,-119.53,598.17,0,18.23,17.48,m,,2.014827,-10.521425,9.205213,-0.00001306,0.00002467,0.00003107,4.901605169,0.709861577,-5.79498E-07,2.90003E-06,,,Lyr,1,119236,,8.87156E-06,,,
112415,112774,216133,,Gl 875,,,22.83873,-7.090107,14.1303,-103.03,103.08,-5.7,9.86,9.109,K5,1.452,13.379153,-4.19766,-1.744098,-0.0000068,-0.00000526,0.00000773,5.979165437,-0.123745711,-4.99504E-07,4.99746E-07,,,Aqr,1,112415,,0.019787913,,,
118889,,,,Gl 512B,,,13.472533,-2.358662,14.1603,172.8,-447.82,0,13.69,12.935,M4,1.68,-13.109922,-5.320189,-0.582763,0.00000563,-0.00001052,-0.00003071,3.527100878,-0.041166413,8.37758E-07,-2.17108E-06,,,Vir,2,65508,Gl 512,0.000583445,,,
118783,,,,GJ 3693,,,11.898074,6.997776,14.1643,328.03,-891.57,-60,17.89,17.134,M6  :,1.72,-14.05074,0.375012,1.725275,0.00005281,-0.00002395,-0.00006825,3.114908581,0.122134231,1.59033E-06,-4.32244E-06,,,Vir,1,118783,,1.22011E-05,,,
4139,4148,5133,,Gl 42,,,0.883633,-30.356915,14.1723,620.5,31.31,-7,7.15,6.393,K2V,0.936,11.903358,2.803906,-7.162437,-0.00001473,0.00004033,0.00000547,0.231334484,-0.529828121,3.00827E-06,1.51795E-07,,,Scl,1,4139,,0.241434873,,,
36879,36985,,,,,,7.601966,-3.110779,14.1743,36.32,-253.45,0,9.87,9.112,,1.455,-5.763367,12.926823,-0.769192,-0.00000189,-0.00000188,-0.00001739,1.990190038,-0.054293344,1.76084E-07,-1.22876E-06,,,Mon,1,36879,,0.019733313,,,
61708,61901,110315,,Gl 481,,,12.685133,15.376664,14.1784,118.77,-372.48,24.5,7.91,7.152,K2,1.109,-13.451746,-2.439019,3.759651,-0.000029,-0.00001355,-0.00001804,3.320959985,0.268373418,5.75813E-07,-1.80583E-06,,,Com,1,61708,,0.120005182,,,
85773,86036,160269,6573,Gl 684A,26    Dra,,17.58317,61.874554,14.1904,277.38,-525.62,-16.3,5.23,4.47,G0V,0.602,-0.728444,-6.649556,12.514635,0.00001635,-0.00002597,-0.00003175,4.603263177,1.079914688,1.34478E-06,-2.54828E-06,,26,Dra,1,85773,Gl 684,1.419057522,,,
118494,,,,Gl 282B,,,7.667549,-3.6019,14.1965,69.42,-260.92,-13.4,8.94,8.179,K5,1.33,-5.990527,12.838979,-0.891832,0.00000193,-0.00001544,-0.00001706,2.00735971,-0.062865011,3.36558E-07,-1.26498E-06,,,Mon,2,37243,Gl 282,0.046601511,,,
67477,67691,234078,,Gl 532,,,13.86663,49.950907,14.2045,422.99,-139.62,-44.8,8.82,8.058,K5,1.317,-8.069732,-4.290756,10.873144,0.00003321,-0.00001533,-0.00004126,3.630275277,0.8718078,2.05071E-06,-6.76897E-07,,,UMa,1,67477,,0.052095475,,,
37243,37349,61606,,Gl 282A,,,7.66648,-3.597507,14.2106,69.66,-277.94,-21.1,7.18,6.417,K2V,0.891,-5.993117,12.853921,-0.891662,0.00000526,-0.00002264,-0.00001776,2.007079778,-0.062788344,3.37721E-07,-1.34749E-06,,,Mon,1,37243,Gl 282,0.236156552,V869,7.204,7.154
12810,12843,17206,818,Gl 111,1Tau1Eri,,2.751715,-18.572563,14.2207,330.93,36.28,25.6,4.47,3.705,F5/F6V,0.481,10.131041,8.892749,-4.529443,0.0000042,0.00003404,-0.00000597,0.720397335,-0.324152367,1.60439E-06,1.7589E-07,Tau-1,1,Eri,1,12810,,2.870780582,,,
14843,14879,20010,963,Gl 127A,Alp For,Dalim,3.201249,-28.987618,14.2369,371.49,612.26,-20,3.8,3.033,F8V,0.543,8.329775,9.25728,-6.899408,-0.00001733,0.00001907,0.00004687,0.838085047,-0.505929377,1.80103E-06,2.96832E-06,Alp,,For,1,14843,Gl 127,5.330893422,,,
118747,,,,GJ 3655,,,11.363683,-13.218445,14.245,-503.72,-79.78,30,19.57,18.802,M8,,-13.677072,2.299785,-3.257674,-0.00002245,0.00003904,-0.00001238,2.975005382,-0.230705394,-2.4421E-06,-3.86789E-07,,,Crt,1,118747,,2.62543E-06,,,
119028,,,,Gl 589A,,,15.588991,17.71319,14.245,-1200.98,-147.46,-43.2,12.41,11.642,M4.5:,1.58,-8.006574,-10.953242,4.333403,-0.00004397,0.0000804,-0.00002314,4.081188313,0.309153481,-5.82252E-06,-7.14911E-07,,,Ser,1,119028,Gl 589,0.001919553,,,
119029,,,,Gl 589B,,,15.588991,17.71319,14.245,-1200.98,-147.46,0,14.99,14.222,M6,1.81,-8.007815,-10.954941,4.334075,-0.0000688,0.00004642,-0.0000097,4.081188313,0.309153481,-5.82252E-06,-7.14911E-07,,,Ser,2,119028,Gl 589,0.00017832,,,
54804,54966,,,Gl 421B,,,11.2558,-18.145042,14.2633,319.28,-708.04,18,9.97,9.199,K7V,1.34,-13.297719,2.624087,-4.441978,-0.00000648,-0.00002122,-0.00005226,2.94676151,-0.316690731,1.54791E-06,-3.43267E-06,,,Crt,2,54801,Gl 421,0.018213776,,,
81685,81935,150689,,,,,16.737506,-38.943634,14.2633,-19.18,-59.79,0,7.52,6.749,K2V,1.024,-3.600231,-10.49304,-8.965276,-0.00000041,0.00000289,-0.00000322,4.381868698,-0.679694635,-9.29873E-08,-2.8987E-07,,,Sco,1,81685,,0.173940214,,,
102091,102422,198149,7957,Gl 807,3Eta Cep,,20.754811,61.838782,14.2653,86.08,817.89,-86.8,3.41,2.639,K0IV,0.912,4.44524,-5.055924,12.575933,-0.00005612,0.00007285,-0.00005157,5.433596752,1.079290349,4.17328E-07,3.96524E-06,Eta,3,Cep,1,102091,,7.663020723,,,
118205,,,,GJ 3211,,,3.239133,0.655176,14.2653,-53.46,27.24,0,10.9,10.129,,,9.435625,10.697717,0.16312,0.00000276,-0.00000246,0.00000188,0.848002923,0.011434984,-2.59181E-07,1.32058E-07,,,Cet,1,118205,,0.007733926,,,
118290,,,,Gl 168.1,,,4.369416,19.483471,14.2653,0,0,0,15.04,14.269,,1,5.568165,12.241568,4.757976,0,0,0,1.143910534,0.340050724,0,0,,,Tau,1,118290,,0.000170765,,,
91913,92200,173818,,Gl 726,,,18.790903,-3.639831,14.2776,-132.61,-273.46,16,8.81,8.037,K5,1.295,2.92932,-13.944585,-0.906412,-0.00000587,-0.00001669,-0.00001993,4.919446873,-0.063527032,-6.42911E-07,-1.32577E-06,,,Aql,1,91913,,0.053112898,,,
70252,70475,,,GJ 3846,,,14.41555,8.887619,14.2796,546.31,158.16,0,12.23,11.456,M:,1.613,-11.379876,-8.338961,2.206154,0.00002372,-0.00002951,0.00001082,3.773982124,0.155118214,2.64859E-06,7.66781E-07,,,Boo,1,70252,,0.002278243,,12.461,12.011
118114,,,,GJ 3136,,,2.148029,49.450521,14.2857,268.7,-268.7,0,12.47,11.695,M5  :,1.54,7.856824,4.952006,10.854915,0.00000204,0.00002328,-0.0000121,0.562352733,0.863074403,1.30269E-06,-1.30269E-06,,,Per,1,118114,,0.0018281,,,
118235,,,,GJ 3237,,,3.611437,3.492598,14.2857,119.8,-90.27,0,13.86,13.085,dM5  :,,8.346749,11.560952,0.870279,-0.0000065,0.00000517,-0.00000624,0.945471999,0.060957338,5.80807E-07,-4.37651E-07,,,Tau,1,118235,,0.000508159,,,
118512,,,,GJ 3467,,,7.969214,7.285271,14.2857,-329.2,-23.02,0,13.77,12.995,m,,-6.986042,12.328612,1.811564,0.00001973,0.00001142,-0.00000158,2.086335464,0.127151959,-1.59601E-06,-1.11599E-07,,,CMi,1,118512,,0.000552077,,,
118820,,,,GJ 3729,,,12.484185,41.730565,14.2857,-183.7,-211.32,0,12.9,12.125,m,,-10.575662,-1.347627,9.50897,-0.00001127,0.00001139,-0.00001092,3.268351882,0.728335761,-8.90603E-07,-1.0245E-06,,,CVn,1,118820,,0.001230269,,,
119069,,,,GJ 3943,,,16.219731,-70.158924,14.2857,-253.15,-587.8,0,13.75,12.975,k-m,,-2.179455,-4.331315,-13.437668,0.00000154,0.00004208,-0.00001382,4.246315539,-1.224504232,-1.22731E-06,-2.84976E-06,,,TrA,1,119069,,0.000562341,,,
67274,67487,120467,,Gl 529,,,13.829135,-22.111093,14.3,-1748.63,-494.56,-36.8,8.16,7.383,K4/K5V,1.257,-11.757882,-6.104264,-5.382448,-0.00001347,0.0001296,-0.0000176,3.620459202,-0.385911369,-8.4776E-06,-2.39769E-06,,,Vir,1,67274,,0.097006313,,,
10593,10617,,,GJ 3148A,,,2.278092,-30.988389,14.3246,683.13,251.49,0,12.02,11.24,,1.583,10.160024,6.897399,-7.375226,-0.0000192,0.0000443,0.00001497,0.596403006,-0.540849423,3.31191E-06,1.21926E-06,,,For,1,10593,GJ 3148,0.002779713,,12.119,11.889
118869,,114379,4969,Gl 501B,42Alp Com,,13.166389,17.528977,14.3246,-425.99,145.02,-27.7,5.17,4.39,F5 V,,-13.026264,-4.106054,4.313973,0.00001976,0.00003725,0.00000107,3.446952643,0.30593836,-2.06526E-06,7.03072E-07,Alp,42,Com,2,64037,Gl 501,1.527566058,,,
84604,84862,157214,6458,Gl 672,72    Her,,17.34432,32.467743,14.3266,135.4,-1040.55,-79.1,5.38,4.599,G0V,0.619,-2.064569,-11.909033,7.690492,0.0000143,0.00002741,-0.0001044,4.540732389,0.566669021,6.56438E-07,-5.04473E-06,,72,Her,1,84604,,1.260085459,,,
69995,70218,,,Gl 546,,,14.365909,29.629618,14.3472,-631.45,-307.15,-37.2,8.56,7.776,K5V,1.275,-10.154189,-7.239812,7.092966,-0.00000717,0.00004883,-0.00003738,3.760986135,0.517134396,-3.06136E-06,-1.48911E-06,,,Boo,1,69995,,0.067546057,,,
42319,42438,72905,3391,Gl 311,3Pi 1UMa,,8.653257,65.020907,14.3554,-27.73,87.9,-12.7,5.63,4.845,G1.5Vb,0.618,-3.880282,4.657464,13.012521,0.00000854,-0.00000724,-0.00000919,2.265417447,1.134828902,-1.34439E-07,4.26151E-07,Pi-1,3,UMa,1,42319,,1.00461579,Pi-1,5.651,5.611
119064,,,,Gl 611B,,,16.080799,39.158113,14.3658,-618.09,48.64,0,14.23,13.443,m,1.72,-5.364796,-9.762361,9.071466,-0.0000367,0.0000226,0.00000263,4.209943329,0.683437994,-2.99658E-06,2.35833E-07,,,CrB,2,78536,Gl 611,0.000365426,,,
61513,61706,,,Gl 480,,,12.647904,11.696165,14.3699,-1156.18,-244.87,-4.4,11.49,10.703,M4,1.475,-13.869551,-2.375376,2.913084,-0.00001267,0.00007954,-0.00001762,3.311213579,0.204136596,-5.60532E-06,-1.18716E-06,,,Vir,1,61513,,0.00455827,,11.559,11.409
101668,101997,196761,7898,Gl 796,,,20.669925,-23.773867,14.3823,500.83,460.76,-45.3,6.36,5.571,G8/K0V,0.719,8.468665,-10.075057,-5.797743,0.00000778,0.00004501,0.00004808,5.411373606,-0.414932262,2.42809E-06,2.23383E-06,,,Cap,1,101668,,0.51475432,,,
103468,103800,,,Gl 816,,,21.032956,-6.318749,14.3823,-229.21,-445.23,0,11.23,10.441,M3,1.527,10.194874,-10.020454,-1.58291,-0.00001364,-0.000009,-0.00003085,5.506415071,-0.110282969,-1.11124E-06,-2.15854E-06,,,Aqr,1,103468,,0.005802298,,11.33,11.15
15182,15220,,,Gl 130.1A,,,3.270442,58.16738,14.3864,431.2,-324.95,22,10.53,9.74,M2,1.43,4.972459,5.731781,12.222746,-0.00000232,0.00004321,0.00000716,0.856199699,1.015212298,2.09052E-06,-1.5754E-06,,,Cam,1,15182,Gl 130.1,0.011066238,,10.656,10.446
25215,25278,35296,1780,Gl 202,111    Tau,,5.407071,17.383534,14.3864,250.4,-7.42,38.1,5,4.21,F8V SB,0.544,2.122676,13.564563,4.298277,-0.00001148,0.00003959,0.00001115,1.415567931,0.303399903,1.21397E-06,-3.59732E-08,,111,Tau,1,25215,,1.803017741,V1119,5.026,4.986
79191,79431,,,,,Sharjah,16.211604,-18.875503,14.3968,24.12,-210.89,0,11.34,10.549,,1.486,-6.147626,-12.156552,-4.657551,0.00000365,0.00000349,-0.00001393,4.244187941,-0.329439681,1.16937E-07,-1.02242E-06,,,Sco,1,79191,,0.00525291,,11.396,11.286
119351,,,,Gl 794,,,20.572776,25.064026,14.4092,-370.98,-545.87,71,11.52,10.727,DA3,-0.07,8.143568,-10.204518,6.10572,0.00003086,-0.0000802,-0.00000377,5.385940252,0.437449785,-1.79856E-06,-2.64647E-06,,,Vul,1,119351,,0.004458615,,,
95983,96285,184489,,Gl 763,,,19.577733,4.582516,14.4259,524.89,312.09,-57.4,9.35,8.554,K5,1.39,5.771903,-13.16999,1.152512,0.00000943,0.00006993,0.00001707,5.125438526,0.079979998,2.54474E-06,1.51306E-06,,,Aql,1,95983,,0.032991343,,,
118641,,,,Gl 363,,,9.707183,55.985737,14.43,-735.23,-501.54,0,12.5,11.704,M3.5,1.53,-6.660402,4.560523,11.961003,0.00000504,0.00005887,-0.00001962,2.541334604,0.977135437,-3.5645E-06,-2.43152E-06,,,UMa,1,118641,,0.001813009,,,
118066,,,,GJ 3093A,,,1.379181,0.532646,14.4509,-213.4,-517.75,0,13.97,13.171,m,1.76,13.51852,5.104909,0.13434,0.0000056,-0.00001386,-0.00003627,0.361068617,0.009296429,-1.03459E-06,-2.5101E-06,,,Cet,1,118066,GJ 3093,0.000469462,,,
118067,,,,GJ 3094B,,,1.379181,0.532646,14.4509,-213.4,-517.75,0,15,14.201,m,,13.51852,5.104909,0.13434,0.0000056,-0.00001386,-0.00003627,0.361068617,0.009296429,-1.03459E-06,-2.5101E-06,,,Cet,2,118067,GJ 3094,0.000181803,,,
119178,,,,GJ 4026,,,17.768321,24.649302,14.4509,-328.54,502.06,0,12.67,11.871,m,1.51,-0.796246,-13.109941,6.026936,-0.00002209,0.00001603,0.00003197,4.651735433,0.430211477,-1.59281E-06,2.43405E-06,,,Her,1,119178,,0.001554533,,,
119221,,,,Gl 714,,,18.503346,-58.276292,14.4509,-30,-428.95,-3.4,9.85,9.051,M1,1.48,0.998356,-7.532662,-12.291695,-0.00000568,0.00002687,-0.00001285,4.844164549,-1.017113177,-1.45444E-07,-2.07962E-06,,,Pav,1,119221,,0.020873727,,,
73962,74190,,,GJ 3892,,,15.159887,3.166823,14.453,-601.06,482.52,0,11.46,10.66,M:,1.511,-9.768264,-10.622276,0.798432,-0.00002974,0.00002988,0.00003376,3.968849129,0.055271482,-2.91402E-06,2.33932E-06,,,Vir,1,73962,,0.00474242,,11.537,11.367
118893,,,,GJ 1171,,,13.508662,19.157206,14.4718,-486.79,-1301.97,0,14.73,13.927,,1.8,-12.617921,-5.259969,4.749084,-0.00004083,0.00001997,-0.00008627,3.536559546,0.334356324,-2.36002E-06,-6.31215E-06,,,Com,1,118893,,0.000233991,,,
119213,,,,Gl 712,,,18.36846,6.339692,14.4718,-1148.72,54.17,-48,12.58,11.777,M3,1.48,1.385039,-14.314009,1.597747,-0.00008497,0.0000412,-0.00000164,4.808851481,0.110648493,-5.56915E-06,2.62633E-07,,,Oph,1,119213,,0.001695118,,,
35256,35353,,,GJ 3438,,,7.302283,39.27481,14.4907,-212.36,-115.83,0,10.3,9.495,M1,1.508,-3.750777,10.57187,9.173201,0.00001234,0.00000984,-0.0000063,1.911733213,0.685474751,-1.02955E-06,-5.6156E-07,,,Aur,1,35256,,0.013867558,,,
67095,67308,120036,,GJ 1177A,,,13.795043,-32.430021,14.4907,87.18,-18.62,0,8.13,7.325,K5/M1V+K5,1.322,-10.904945,-5.538541,-7.770915,0.0000034,-0.00000514,-0.0000011,3.611533688,-0.566010644,4.22661E-07,-9.02723E-08,,,Cen,1,67095,GJ 1177,0.102329299,,,
118698,,,,GJ 3614,,,10.648823,-20.682637,14.4928,-307.18,538.55,0,16.46,15.654,DQP9,,-12.719236,4.696902,-5.118732,-0.00000507,0.00002488,0.0000354,2.787855258,-0.360980114,-1.48925E-06,2.61097E-06,,,Hya,1,118698,,4.7687E-05,,,
118814,,,,GJ 1157,,,12.384302,-46.626819,14.4928,-718.87,-327.61,42,13.62,12.814,k,1.61,-9.904109,-0.999035,-10.536322,-0.00001779,0.00004896,-0.00004703,3.242202773,-0.813791517,-3.48518E-06,-1.58828E-06,,,Cen,1,118814,,0.000652229,,,
118918,,,,GJ 1177B,,,13.795156,-32.432276,14.4928,103.08,-61.45,0,9.12,8.314,,1.36,-10.906067,-5.539571,-7.772522,0.00000534,-0.00000541,-0.00000364,3.611563358,-0.566050008,4.99746E-07,-2.97894E-07,,,Cen,2,67095,GJ 1177,0.041152858,,,
118985,,,,GJ 3866,,,14.790219,-17.706073,14.4928,-1116.46,-349.88,0,16.48,15.674,DC9,0.94,-10.2838,-9.211754,-4.407754,-0.00004679,0.0000634,-0.00002342,3.872070298,-0.309029269,-5.41275E-06,-1.69625E-06,,,Lib,1,118985,,4.68166E-05,,,
119009,,,,GJ 3893,,,15.167867,19.356916,14.4928,3.21,-459.99,0,13.35,12.544,m,,-9.23455,-10.084104,4.803665,-0.00000707,-0.00000805,-0.00003049,3.970938259,0.337841912,1.55625E-08,-2.23008E-06,,,Boo,1,119009,,0.000836373,,,
119097,,,,Gl 630.1A,,,16.572877,57.160243,14.4928,-1125.35,1165.33,-118.6,12.9,12.094,dM4  e,1.6,-2.869043,-7.313399,12.17162,-0.00002453,0.00015415,-0.00005747,4.338769019,0.997634447,-5.45585E-06,5.64968E-06,,,Dra,1,119097,Gl 630.1,0.001265902,,,
119098,,,,Gl 630.1B,,,16.573424,57.166948,14.4928,-1125.35,1165.33,0,15,14.194,DQ8,0.49,-2.868675,-7.315549,12.177632,-0.00004854,0.00009287,0.00004441,4.338912264,0.997751459,-5.45585E-06,5.64968E-06,,,Dra,2,119097,Gl 630.1,0.000182978,,,
119138,,,,GJ 3997,,,17.264058,18.998838,14.4928,169.07,-17.77,0,10.36,9.554,M2,1.55,-2.62387,-13.449755,4.718116,0.00001158,-0.00000267,-0.00000118,4.519719722,0.33159227,8.19674E-07,-8.61465E-08,,,Her,1,119138,,0.01313409,,,
14409,14445,19305,,Gl 123,,,3.107427,1.965174,14.5054,389.59,-925.46,-30.2,9.07,8.262,M0V,1.358,9.958335,10.534844,0.497411,-0.00003958,-0.00000199,-0.0000661,0.813522474,0.034298754,1.88879E-06,-4.48676E-06,,,Cet,1,14409,,0.043171784,,,
44000,44127,76644,3569,Gl 331A,9Iot UMa,Talitha,8.986828,48.041826,14.5096,-441.12,-215.21,9,3.12,2.312,A7IV,0.223,-6.835882,6.883318,10.789878,0.00000975,0.00003422,-0.00000328,2.35274611,0.83848805,-2.13861E-06,-1.04337E-06,Iot,9,UMa,1,44000,Gl 331,10.35618977,,,
78536,78775,144579,,Gl 611A,,,16.082469,39.156509,14.5201,-571.24,52.59,-60,6.66,5.85,G8V,0.734,-5.417667,-9.869644,9.168246,-0.00001123,0.00006311,-0.00003588,4.210380627,0.683410006,-2.76945E-06,2.54964E-07,,,CrB,1,78536,Gl 611,0.398107171,,,
70274,70497,126660,5404,Gl 549A,23The Boo,,14.419967,51.850744,14.5307,-236.06,-399.07,-11.4,4.04,3.229,F7V,0.497,-7.233871,-5.313642,11.426925,-0.00002186,0.00000458,-0.00002653,3.775138559,0.904966194,-1.14445E-06,-1.93475E-06,The,23,Boo,1,70274,Gl 549,4.450409766,,,
112549,112909,,,Gl 875.1,,,22.864856,31.754215,14.5391,527.01,-50.59,-3.7,11.66,10.847,M3.5Ve,1.5,11.820871,-3.620079,7.651569,0.0000096,0.00003591,-0.00000502,5.986005401,0.554215598,2.55502E-06,-2.45267E-07,,,Peg,1,112549,,0.003992087,GT,11.755,11.585
118573,,,,Gl 326A,,,8.901531,-13.12357,14.556,326.71,-526.93,0,12.52,11.705,M6   J,1.61,-9.762143,10.278856,-3.304967,-0.00001091,-0.00002199,-0.00003621,2.330415288,-0.229049502,1.58393E-06,-2.55464E-06,,,Hya,1,118573,Gl 326,0.00181134,,,
118574,,,,Gl 326B,,,8.901531,-13.12357,14.556,326.71,-526.93,0,12.8,11.985,,,-9.762143,10.278856,-3.304967,-0.00001091,-0.00002199,-0.00003621,2.330415288,-0.229049502,1.58393E-06,-2.55464E-06,,,Hya,2,118573,Gl 326,0.001399587,,,
44594,44722,,,Gl 334,,,9.112597,-8.806835,14.5582,-308.85,210.2,37.1,9.5,8.684,M0,1.418,-10.468481,9.868812,-2.228966,-0.00001399,0.00004314,0.00000885,2.385672293,-0.153708271,-1.49735E-06,1.01908E-06,,,Hya,1,44594,,0.029268469,,,
75578,75807,,,,,,15.486163,-6.973433,14.5582,-15.71,5.55,0,12.47,11.654,,,-8.838383,-11.432415,-1.767498,-0.00000091,0.00000064,0.00000039,4.054268026,-0.121709363,-7.61642E-08,2.69072E-08,,,Lib,1,75578,,0.001898454,,,
118966,,,,Gl 549B,,,14.419897,51.830481,14.5709,-240.66,-403.71,-11.3,11.5,10.683,M3,1.5,-7.25717,-5.330217,11.45498,-0.00002238,0.00000465,-0.00002671,3.77512021,0.904612548,-1.16675E-06,-1.95725E-06,,,Boo,2,70274,Gl 549,0.004643014,,,
119421,,,,GJ 4203A,,,21.563479,1.784283,14.5773,-5.76,-659.97,0,13.35,12.532,dM,1.68,11.705144,-8.676479,0.453888,0.00000093,-0.0000012,-0.00004661,5.645305487,0.031141618,-2.79253E-08,-3.19964E-06,,,Aqr,1,119421,GJ 4203,0.000845668,,,
119422,,,,GJ 4204B,,,21.563479,1.784283,14.5773,-5.76,-659.97,0,14.5,13.682,m,,11.705144,-8.676479,0.453888,0.00000093,-0.0000012,-0.00004661,5.645305487,0.031141618,-2.79253E-08,-3.19964E-06,,,Aqr,2,119422,GJ 4204,0.000293224,,,
37182,37288,,,Gl 281,,,7.6564,2.183663,14.5815,-147.94,-246.63,10,9.66,8.841,M0,1.379,-6.122453,13.222316,0.555601,0.00000492,0.00001427,-0.00001703,2.004440732,0.038112106,-7.17233E-07,-1.1957E-06,,,CMi,1,37182,,0.025327948,,,
27965,28035,,,,,,5.928664,-26.856506,14.5836,314.74,-10.22,0,10.7,9.881,,1.054,0.242947,13.008355,-6.588253,-0.00002225,0.00000009,-0.00000064,1.552120669,-0.468734456,1.5259E-06,-4.9548E-08,,,Lep,1,27965,,0.009718517,,10.774,10.634
42406,42525,,,,,,8.669986,41.285405,14.59,-27.92,-45.57,0,9.95,9.13,F8,0.47,-7.054428,8.392324,9.626632,0.00000014,0.0000029,-0.00000242,2.26979701,0.720566247,-1.3536E-07,-2.2093E-07,,,Lyn,1,42406,,0.019408859,,,
35200,35296,57095,,Gl 269A,,,7.291546,-46.979242,14.5943,-18.46,585.03,59,6.7,5.879,K2V,0.975,-3.303102,9.393701,-10.670375,-0.00002246,0.00006782,-0.00001588,1.908922355,-0.819942459,-8.94966E-08,2.83631E-06,,,Pup,1,35200,Gl 269,0.387614487,,,
119329,,,,Gl 781.1B,,,20.129216,-31.754582,14.6007,285.68,-736.53,0,12.5,11.678,M3.5,1.63,6.567789,-10.535628,-7.684085,0.00000265,0.00003397,-0.00004433,5.269816393,-0.554222014,1.38502E-06,-3.57082E-06,,,Sgr,2,98834,Gl 781.1,0.001856949,,,
13341,13375,,,Gl 116,,,2.868615,34.389355,14.6049,994.66,-988.88,-45.7,9.6,8.778,K6:,1.315,8.809932,8.223946,8.248817,-0.00004734,0.00005215,-0.00008417,0.751001619,0.60020748,4.82225E-06,-4.79423E-06,,,Per,1,13341,,0.026841081,,,
28864,28936,,,,,,6.107419,10.748428,14.6071,4.67,-21.03,0,9.73,8.907,F0,0.377,-0.403523,14.345151,2.724181,-0.00000034,0.00000027,-0.00000146,1.598918492,0.187595454,2.26408E-08,-1.01956E-07,,,Ori,1,28864,,0.023834168,,,
106354,106696,205390,,Gl 833,,,21.611417,-50.845385,14.6199,424.07,-199.27,28.1,7.14,6.315,K2V,0.879,7.48459,-5.403649,-11.337122,0.00002343,0.00002016,-0.0000312,5.657855612,-0.887419371,2.05595E-06,-9.66088E-07,,,Ind,1,106354,,0.259417936,,,
107815,108159,,,Gl 838.6,,,21.912611,-46.992734,14.6349,-311.69,-365.58,59,11.99,11.163,M3,1.56,8.528789,-5.187865,-10.702409,0.00000747,-0.00003043,-0.00006182,5.736708241,-0.82017794,-1.51112E-06,-1.77238E-06,,,Gru,1,107815,,0.002984008,,12.091,11.871
118580,,,,Gl 331B,,,8.987235,48.043582,14.637,-443.1,-231.65,15,10.8,9.973,dM1   J,,-6.896425,6.943415,10.885428,0.00000646,0.00003811,0.00000042,2.352852552,0.838518688,-2.14821E-06,-1.12306E-06,,,UMa,2,44000,Gl 331,0.008928942,,,
118581,,,,Gl 331C,,,8.987235,48.043582,14.637,-443.1,-231.65,0,11,10.173,,,-6.896063,6.94305,10.884857,0.00001369,0.00003083,-0.00001099,2.352852552,0.838518688,-2.14821E-06,-1.12306E-06,,,UMa,3,44000,Gl 331,0.00742677,,,
86693,86961,,,,,,17.770176,-32.103551,14.6434,-49.82,-319.82,0,10.49,9.662,M2V:,1.463,-0.745891,-12.381817,-7.78225,-0.0000028,0.00001226,-0.00001923,4.652221231,-0.560312659,-2.41534E-07,-1.55053E-06,,,Sco,1,86693,,0.011890497,,,
54790,54952,97584,,Gl 420A,,,11.253471,73.475206,14.6456,-403.84,112.05,8.1,7.68,6.851,K5,1.043,-4.086332,0.809146,14.040758,0.00001074,0.0000271,0.0000102,2.946151735,1.282384256,-1.95787E-06,5.43234E-07,,,Dra,1,54790,Gl 420,0.158343412,,,
33729,33817,52698,,Gl 259,,,7.02048,-25.948716,14.6477,206.58,40.89,12.6,6.71,5.881,K1V,0.882,-3.477108,12.703851,-6.409393,-0.00001754,0.00000853,-0.00000303,1.837957285,-0.452890536,1.00153E-06,1.9824E-07,,,CMa,1,33729,,0.386901132,,,
76816,77052,140538,5853,Gl 596.1A,23Psi Ser,,15.733839,2.515173,14.6585,-44.96,-144.73,19.4,5.86,5.03,G5V,0.684,-8.187523,-12.141967,0.643281,-0.00001398,-0.00001502,-0.0000094,4.119109359,0.043898054,-2.17972E-07,-7.01671E-07,Psi,23,Ser,1,76816,Gl 596.1,0.847227414,,,
118264,,,,GJ 3252,,,3.84994,-0.877712,14.6628,39.89,-518.47,0,18.02,17.189,m,,7.823561,12.399159,-0.22461,-0.0000027,0.00000104,-0.00003685,1.00791182,-0.015318971,1.93392E-07,-2.5136E-06,,,Eri,1,118264,,1.15985E-05,,,
118487,,,,GJ 1099,,,7.571665,0.986295,14.6628,47.56,-618.17,0,11.93,11.099,m,1.47,-5.863499,13.437015,0.252394,-0.0000034,-0.00000065,-0.00004393,1.982257228,0.01721409,2.30577E-07,-2.99698E-06,,,CMi,1,118487,,0.003165192,,,
78950,79190,144628,,Gl 613,,,16.161905,-56.445149,14.6692,-136.14,334.48,37.9,7.11,6.278,K3V,0.856,-3.753024,-7.18752,-12.224964,-0.00002767,-0.00003208,-0.00001916,4.231176806,-0.985153692,-6.60025E-07,1.6216E-06,,,Nor,1,78950,,0.268410808,,,
119039,,,,Gl 596.1B,,,15.73386,2.513094,14.6714,-55.77,-149.97,0,12,11.168,,,-8.194576,-12.152574,0.643307,-0.00000355,0.00000183,-0.00001066,4.119114979,0.043861758,-2.70381E-07,-7.27051E-07,,,Ser,2,76816,Gl 596.1,0.002970298,,,
102154,102485,197692,7936,Gl 805,16Psi Cap,,20.76826,-25.270898,14.6778,-51.38,-156.66,25.8,4.13,3.297,F5V,0.426,8.799322,-9.937473,-6.266031,0.00000993,-0.00001673,-0.00002134,5.437117756,-0.441060367,-2.49097E-07,-7.59509E-07,Psi,16,Cap,1,102154,,4.18022829,,,
118735,,,,Gl 420B,,,11.254729,73.475852,14.6778,-396.21,105.42,8.6,11.4,10.567,M2,,-4.095369,0.810378,14.072027,0.00001006,0.00002675,0.00001057,2.94648115,1.28239553,-1.92088E-06,5.1111E-07,,,Dra,2,54790,Gl 420,0.005166542,,,
118322,,,,GJ 3305,,,4.627228,-2.491582,14.7059,356.5,-50.1,0,10.59,9.753,M1,1.45,5.167235,13.753344,-0.639303,-0.00002385,0.0000088,-0.00000357,1.211405353,-0.04348631,1.72836E-06,-2.42901E-07,,,Eri,1,118322,,0.010934527,,,
118734,,,,GJ 3649,,,11.210515,18.932597,14.7059,-250.45,-165.14,0,10.77,9.933,M1,1.5,-13.61425,2.854701,4.771412,-0.00000008,0.00001826,-0.00001114,2.934905862,0.330436146,-1.21422E-06,-8.00641E-07,,,Leo,1,118734,,0.009264031,,,
118880,,,,GJ 3775,,,13.300421,2.234318,14.7059,-357.32,-43.87,0,12.97,12.133,m,,-13.851312,-4.906725,0.573329,-0.00000862,0.00002397,-0.00000313,3.482042092,0.038996208,-1.73234E-06,-2.12697E-07,,,Vir,1,118880,,0.001221237,,,
118925,,,,GJ 3809A,,,13.816837,2.79116,14.7059,166.34,-237.55,0,11.19,10.353,M2:,1.57,-13.057987,-6.726043,0.716113,0.0000047,-0.00001092,-0.00001691,3.617239454,0.048714932,8.06439E-07,-1.15169E-06,,,Vir,1,118925,GJ 3809,0.006292164,,,
119011,,,,GJ 3894,,,15.197526,-10.240098,14.7059,-976.67,-214.74,0,14.26,13.423,M4,1.66,-9.690432,-10.748226,-2.61432,-0.0000499,0.00004863,-0.00001507,3.97870308,-0.178723433,-4.73503E-06,-1.04106E-06,,,Lib,1,119011,,0.00037222,,,
119448,,,,GJ 4228,,,21.863527,13.604378,14.7059,184.51,-119.82,0,13.93,13.093,m,,12.115182,-7.58424,3.459069,0.00000868,0.00001008,-0.0000083,5.723857881,0.237441193,8.9453E-07,-5.80904E-07,,,Peg,1,119448,,0.000504429,,,
30557,30630,45088,,Gl 233A,,,6.436181,18.756904,14.7297,-119.32,-164.06,-8.4,6.78,5.939,K0,0.938,-1.589214,13.856519,4.736364,0.00000896,-0.00000337,-0.00001386,1.684988365,0.327369738,-5.7848E-07,-7.95385E-07,,,Gem,1,30557,Gl 233,0.366775232,OU,6.81,6.75
77934,78170,142709,,Gl 604,,,15.961333,-42.624235,14.7319,-256.88,-191.39,35.6,8.06,7.219,K5V,1.118,-5.514853,-9.332453,-9.976471,-0.00002471,-0.00000576,-0.00003471,4.178667147,-0.743933246,-1.24539E-06,-9.27885E-07,,,Nor,1,77934,,0.112823612,,,
17567,17609,23453,,Gl 154,,,3.772254,26.215501,14.7493,386.94,-198.16,36.3,9.61,8.766,K5,1.437,7.287317,11.045047,6.515626,-0.0000013,0.00004826,0.00000369,0.987573772,0.45754681,1.87594E-06,-9.60707E-07,,,Tau,1,17567,,0.027139385,,,
37974,38082,,,Gl 289,,,7.804536,20.368131,14.7732,1451.22,-989.83,48.4,11.46,10.613,M2,1.51,-6.302434,12.33287,5.141973,-0.00012489,0.00001601,-0.00004922,2.043222754,0.35549095,7.03571E-06,-4.79883E-06,,,Gem,1,37974,,0.004952221,,11.536,11.366
118471,,,,Gl 269B,,,7.291416,-46.977775,14.7732,-18.9,569.69,0,7.9,7.053,K4 V,,-3.343222,9.508888,-10.800525,-0.00000862,0.00002859,0.00002783,1.908888333,-0.81991685,-9.16298E-08,2.76192E-06,,,Pup,2,35200,Gl 269,0.131461929,,,
118422,,,,Gl 231.3,,,6.3224,-6.656294,14.7929,-80.43,-655.08,0,13.06,12.21,M4,1.7,-1.238692,14.64088,-1.714691,0.00000621,-0.00000493,-0.00004666,1.655200543,-0.116174246,-3.89936E-07,-3.17592E-06,,,Mon,1,118422,,0.001137627,,,
118873,,,,GJ 3770,,,13.216483,-47.469579,14.7929,-2119.17,-59.19,0,17.05,16.2,DC9+,1.4,-9.497656,-3.128759,-10.901162,-0.00004469,0.00014528,-0.00000287,3.460067173,-0.828500453,-1.0274E-05,-2.86976E-07,,,Cen,1,118873,,2.88403E-05,,,
66465,66675,118926,,Gl 521.1,,,13.668648,-4.186104,14.7973,-385.78,482.23,5,9.61,8.759,M0V,1.376,-13.371935,-6.24388,-1.080151,-0.00001862,0.00002185,0.00003413,3.578443598,-0.073061294,-1.87031E-06,2.33792E-06,,,Vir,1,66465,,0.027314924,,,
104307,104644,,,GJ 9724,,,21.197089,-43.613646,14.8038,215.97,-688.32,0,11.98,11.128,M1:,1.586,7.959631,-7.177825,-10.211543,-0.00001492,0.00003433,-0.00003576,5.54938496,-0.761201721,1.04705E-06,-3.33707E-06,,,Mic,1,104307,,0.003081768,,12.11,11.87
74952,75181,136352,5699,Gl 582,Nu 2Lup,,15.363507,-48.317628,14.8126,-1622.71,-275.1,-69.4,5.65,4.797,G2V,0.639,-6.271902,-7.595081,-11.06222,-0.00005041,0.00012196,0.00003987,4.02215684,-0.84330169,-7.86712E-06,-1.33372E-06,Nu-2,,Lup,1,74952,,1.050025872,,,
119567,,,,GJ 4338B,,,23.489324,41.469995,14.8148,398.48,-34.86,0,12.44,11.587,M3 :,1.61,11.001755,-1.479341,9.810771,0.00000546,0.00002814,-0.00000188,6.149490616,0.72378796,1.93189E-06,-1.69016E-07,,,And,2,119567,GJ 4338,0.002019296,,,
118892,,,,Gl 514.1,,,13.500746,-8.708398,14.8368,-1097.95,-484.25,0,14.25,13.393,M4  :,1.65,-13.548315,-5.614946,-2.246377,-0.00002539,0.00007496,-0.00003443,3.534486952,-0.151990222,-5.32301E-06,-2.34773E-06,,,Vir,1,118892,,0.000382648,,,
100597,100923,,,Gl 791,,,20.461576,-27.747707,14.8412,-202.72,-876.94,-16,11.41,10.553,M3,1.504,7.890496,-10.500156,-6.909686,-0.00003801,0.0000263,-0.00004822,5.356827975,-0.484288843,-9.82814E-07,-4.25153E-06,,,Mic,1,100597,,0.005233594,,11.471,11.311
92725,93017,176051,7162,Gl 738A,,,18.950441,32.901273,14.8721,202.85,-143.97,-45.8,5.2,4.338,G0V,0.594,3.074982,-12.101832,8.0782,0.00000588,0.00003625,-0.00003416,4.961213864,0.574235551,9.83445E-07,-6.97986E-07,,,Lyr,1,92725,Gl 738,1.602507239,,,
28032,28103,40136,2085,Gl 225,16Eta Lep,,5.940082,-14.1677,14.8787,-42.23,139.02,-1.4,3.71,2.847,F1V,0.337,0.226289,14.424355,-3.64172,0.00000306,0.00000102,0.00001007,1.555109716,-0.247273015,-2.04737E-07,6.73988E-07,Eta,16,Lep,1,28032,,6.327031549,,,
61952,62145,110833,,Gl 483,,,12.737411,51.759302,14.881,-378.76,-183.86,10.6,7.01,6.147,K3V,0.936,-9.039804,-1.767085,11.687872,-0.00002205,0.00002353,0.00000031,3.334646533,0.903370234,-1.83628E-06,-8.91378E-07,,,CVn,1,61952,,0.302830769,,,
119182,,,,GJ 4029,,,17.833107,22.683357,14.881,-766.69,-143.48,0,20.1,19.237,m,,-0.599918,-13.716844,5.738679,-0.00005543,-0.00000158,-0.00000955,4.668696535,0.395899269,-3.71702E-06,-6.9562E-07,,,Her,1,119182,,1.75873E-06,,,
119222,,,,GJ 1228,,,18.505852,54.789391,14.881,-247.58,274.96,0,15.5,14.637,DXP8,0.49,1.132589,-8.505061,12.158345,-0.00001984,0.0000137,0.00001144,4.844820614,0.956255272,-1.2003E-06,1.33306E-06,,,Dra,1,119222,,0.000121675,,,
119566,,,,GJ 4337A,,,23.489603,41.473332,14.881,398.48,-34.86,0,11.87,11.007,M2,1.52,11.050456,-1.485069,9.855261,0.00000548,0.00002827,-0.00000188,6.149563571,0.723846189,1.93189E-06,-1.69016E-07,,,And,1,119566,GJ 4337,0.003445085,,,
85769,86032,159561,6556,Gl 681,55Alp Oph,Rasalhague,17.582241,12.560035,14.8965,110.08,-222.61,12.6,2.08,1.215,A5III,0.155,-1.587067,-14.453242,3.239454,0.00000615,-0.00001685,-0.00001289,4.603020023,0.219213961,5.33683E-07,-1.07924E-06,Alp,55,Oph,1,85769,,28.44461107,,,
118467,,,,GJ 1096,,,7.271613,33.153884,14.9031,-129.79,-399.44,0,14.48,13.614,m+,1.75,-4.077299,11.791939,8.15035,0.0000037,0.00001798,-0.00002416,1.903703941,0.578644438,-6.2924E-07,-1.93655E-06,,,Gem,1,118467,,0.000312176,,,
84263,84521,,,GJ 2128,,,17.27805,8.058392,14.9076,-280.74,-67.09,0,11.49,10.623,M3.5,1.517,-2.773224,-14.497538,2.089781,-0.00002005,0.00000314,-0.0000048,4.523383012,0.140645466,-1.36107E-06,-3.25261E-07,,,Oph,1,84263,,0.004906819,,11.55,11.43
98834,99150,,,Gl 781.1A,,,20.129153,-31.753991,14.9076,290.03,-753.34,0,12.19,11.323,M,1.56,6.705597,-10.757328,-7.845469,0.00000263,0.0000354,-0.00004629,5.26979984,-0.554211688,1.40611E-06,-3.6523E-06,,,Sgr,1,98834,Gl 781.1,0.002575135,,12.327,11.967
118071,,,,GJ 3097,,,1.426766,9.757924,14.9254,223.54,-413.43,0,13.13,12.26,dM3.5,1.68,13.695193,5.367509,2.529644,-0.00000118,0.00001691,-0.00002948,0.373526351,0.170307898,1.08375E-06,-2.00438E-06,,,Psc,1,118071,,0.001086426,,,
118090,,,,GJ 3117A,,,1.863638,64.435033,14.9254,187.36,-208.08,-15,11.37,10.5,dM2,,5.688831,3.019458,13.46346,-0.0000002,0.00001524,-0.00002034,0.487899292,1.124603487,9.08347E-07,-1.0088E-06,,,Cas,1,118090,GJ 3117,0.005495409,,,
118091,,,,GJ 3118B,,,1.863635,64.4317,14.9254,187.36,-208.08,0,14.5,13.63,DA6,,5.689817,3.019976,13.463777,0.00000564,0.00001834,-0.0000065,0.487898614,1.12454531,9.08347E-07,-1.0088E-06,,,Cas,2,118091,GJ 3118,0.00030761,,,
118202,,,,GJ 3208,,,3.236543,28.679658,14.9254,309.58,-770.1,0,16.77,15.9,m,2.15,8.6682,9.81443,7.16288,0.00000092,0.00003488,-0.00004888,0.847324967,0.500554454,1.50089E-06,-3.73357E-06,,,Ari,1,118202,,3.80189E-05,,,
118266,,,,GJ 3256,,,3.907242,-9.15983,14.9254,211.6,-167.71,0,11.22,10.35,M3,1.53,7.675213,12.578295,-2.375961,-0.00001407,0.00000633,-0.00001198,1.022913598,-0.159869195,1.02587E-06,-8.13076E-07,,,Eri,1,118266,,0.006309573,,,
118977,,,,GJ 3856,,,14.53622,16.01323,14.9254,171.19,-55.62,0,13.61,12.74,m,,-11.298319,-8.841002,4.11731,0.00000676,-0.00001044,-0.00000387,3.805573421,0.279483586,8.29953E-07,-2.69668E-07,,,Boo,1,118977,,0.000698232,,,
119283,,,,GJ 4109,,,19.419073,28.353942,14.9254,172.62,371.89,0,12.48,11.61,M3.5,1.56,4.768335,-12.238717,7.088325,0.000007,0.00001644,0.00002368,5.083901432,0.494869648,8.36885E-07,1.80296E-06,,,Cyg,1,119283,,0.00197697,,,
119498,,,,GJ 4276,,,22.421205,59.41303,14.9254,132.85,-312.97,0,12.91,12.04,m,,6.955262,-3.050273,12.848647,0.00002171,0.00000097,-0.00001152,5.869857616,1.036953,6.44075E-07,-1.51733E-06,,,Cep,1,119498,,0.001330454,,,
119578,,,,GJ 4352,,,23.635523,-16.237384,14.9254,-263.08,-60.74,0,11.34,10.47,M2,1.57,14.264856,-1.365336,-4.173405,-0.00000304,-0.00001883,-0.00000422,6.187765393,-0.283395821,-1.27545E-06,-2.94456E-07,,,Aqr,1,119578,,0.00564937,,,
34027,34115,,,Gl 258,,,7.073777,68.288802,14.9298,346.92,54.34,0,11.95,11.08,M5,1.527,-1.532346,5.306124,13.870685,-0.00002311,-0.00001048,0.00000145,1.851910552,1.191864431,1.68192E-06,2.63448E-07,,,Cam,1,34027,,0.003221069,,12.037,11.817
5236,5247,,,Gl 52,,,1.118624,63.941327,14.9321,1548.21,319.28,2.9,9,8.129,K7V,1.289,6.280112,1.894184,13.414196,-0.00005098,0.00010168,0.00001282,0.29285514,1.115986677,7.50593E-06,1.54791E-06,,,Cas,1,5236,,0.048797773,,,
42644,42762,,,Gl 319B,,,8.714507,9.553099,14.9343,223.69,-616.13,0,11.83,10.959,M5,1.55,-9.607013,11.162238,2.47852,-0.0000171,-0.00000495,-0.00004399,2.281452719,0.166733035,1.08448E-06,-2.98708E-06,,,Cnc,2,42629,Gl 319,0.003600808,,11.964,11.684
59020,59199,105452,4623,Gl 455.3,1Alp Crv,Alchiba,12.140225,-24.728875,14.9365,100.18,-39.33,2.9,4.02,3.149,F0IV/V,0.334,-13.557668,-0.497944,-6.248321,-0.00000124,-0.0000073,-0.00000383,3.178303548,-0.431600297,4.85686E-07,-1.90677E-07,Alp,1,Crv,1,59020,,4.7907113,,,
109292,109638,,,GJ 9773,,,22.209986,8.55325,14.9611,116.05,-661.45,0,11.99,11.115,M3,1.553,13.199692,-6.682168,2.225142,0.00001017,0.00000429,-0.00004744,5.81456075,0.149282367,5.62626E-07,-3.2068E-06,,,Peg,1,109292,,0.00311889,,12.097,11.857
118407,,,,Gl 225.2B,,,6.005588,-31.029362,14.9656,-400.1,391.81,0,9.1,8.225,,,-0.018552,12.824058,-7.714427,0.000029,0.0000147,0.00002436,1.572259165,-0.541564537,-1.93974E-06,1.89955E-06,,,Col,2,28371,Gl 225.2,0.044668359,,,
118408,,,,Gl 225.2C,,,6.005588,-31.029362,14.9656,-400.1,391.81,105,8.3,7.425,K5 V,,-0.018559,12.828658,-7.717196,0.00002886,0.00010671,-0.00003101,1.572259165,-0.541564537,-1.93974E-06,1.89955E-06,,,Col,3,28371,Gl 225.2,0.09332543,,,
119253,,,,Gl 738B,,,18.950359,32.900837,14.979,154.75,-156.38,0,7.7,6.823,K1 V,,3.09699,-12.189266,8.136394,0.00001241,-0.00000321,-0.00000953,4.961192314,0.574227941,7.50249E-07,-7.58127E-07,,,Lyr,2,92725,Gl 738,0.162480034,,,
113999,114361,218511,,GJ 1279,,,23.16146,-67.732824,14.9835,-316.98,-215.17,0,8.29,7.412,K5V,1.201,5.541349,-1.236543,-13.866135,-0.00001913,-0.00001932,-0.00000592,6.063656014,-1.182160794,-1.53676E-06,-1.04317E-06,,,Ind,1,113999,,0.094449573,,,
118172,,,,GJ 3181,,,2.776303,16.420875,14.9925,-809.58,-552.25,-34,16.86,15.981,M6,2.02,10.74547,9.555065,4.237752,0.00002267,-0.00005859,-0.00004833,0.726834451,0.286598332,-3.92495E-06,-2.67741E-06,,,Ari,1,118172,,3.52858E-05,,,
19346,19394,,,Gl 163,,,4.154237,-53.373698,14.9948,1043.71,581.95,66,11.79,10.91,M,1.48,4.156435,7.921972,-12.034456,-0.00003269,0.00010097,-0.00002894,1.08757674,-0.931546764,5.06005E-06,2.82137E-06,,,Dor,1,19346,,0.003767038,,11.882,11.682
1365,1368,,,Gl 14,,,0.285074,40.948295,15.0038,567.93,82.78,3,8.99,8.109,M0,1.37,11.300858,0.845066,9.833173,-0.0000047,0.00004107,0.00000656,0.07463226,0.714682575,2.7534E-06,4.01329E-07,,,And,1,1365,,0.049704991,,,
12229,12261,,,,,,2.631318,-58.75308,15.0105,78.97,206.57,0,12.36,11.478,,,6.010741,4.94958,-12.833073,0.00000627,0.0000126,0.0000078,0.688877476,-1.025434683,3.82857E-07,1.00148E-06,,,Hor,1,12229,,0.002232544,,12.502,12.102
47457,47592,84117,3862,Gl 364,,,9.704011,-23.915569,15.0128,-399.23,263.18,35.2,4.93,4.048,G0V,0.534,-11.318572,7.76158,-6.086167,-0.00001711,0.00004696,0.00000291,2.540504065,-0.417405421,-1.93552E-06,1.27593E-06,,,Hya,1,47457,,2.093148303,,,
27292,27359,,,Gl 218,,,5.794575,-36.328565,15.0286,769.53,-123.16,56,10.72,9.835,M2,1.476,0.650756,12.09044,-8.903463,-0.00005379,0.00004378,-0.00004116,1.517016311,-0.634053079,3.73079E-06,-5.97097E-07,,,Col,1,27292,,0.010139114,,10.8,10.66
104861,105199,203280,8162,Gl 826,5Alp Cep,Alderamin,21.30963,62.585573,15.0376,149.91,48.27,-11.5,2.45,1.564,A7IV-V,0.257,5.276111,-4.483201,13.348778,0.00000057,0.00001386,-0.00000882,5.578848152,1.092324305,7.26784E-07,2.3402E-07,Alp,5,Cep,1,104861,,20.62528698,,,
119096,,,,GJ 3965,,,16.583505,43.293404,15.0376,207.7,-281.71,0,14.82,13.934,DA8,0.42,-3.966286,-10.201213,10.311802,0.00000901,-0.00001861,-0.00001495,4.341551489,0.755612437,1.00696E-06,-1.36578E-06,,,Her,1,119096,,0.000232488,,,
48941,49081,86728,3951,Gl 376,20    LMi,,10.016864,31.923672,15.0466,-529.22,-428.93,55.8,5.37,4.483,G1V,0.676,-11.088308,6.336788,7.956742,-0.00003727,0.00006576,0.00000362,2.622408945,0.557173185,-2.56573E-06,-2.07951E-06,,20,LMi,1,48941,,1.402167834,,,
103757,104092,200779,,Gl 818,,,21.088818,7.069298,15.058,77.69,-563.47,-65.7,8.27,7.381,K5,1.119,10.809072,-10.317732,1.853111,-0.00004066,0.00004665,-0.00004909,5.521039653,0.123382533,3.76652E-07,-2.73178E-06,,,Equ,1,103757,,0.09718517,,,
119349,,,,Gl 792,,,20.523978,38.560552,15.0602,213.88,708.42,0,13.48,12.591,M4,1.76,7.22761,-9.297493,9.387646,-0.00000745,0.00003503,0.00004045,5.373164758,0.67300859,1.03692E-06,3.4345E-06,,,Cyg,1,119349,,0.00080094,,,
49050,49189,,,Gl 378,,,10.039426,48.088806,15.0966,-637.32,-1473.03,-9.8,10.03,9.136,M2,1.359,-8.784629,4.951779,11.234539,-0.00004116,0.00007674,-0.00007946,2.628315525,0.83930799,-3.08981E-06,-7.14145E-06,,,UMa,1,49050,,0.019301897,,10.086,9.966
77113,77349,,,GJ 3916,,,15.790181,-10.896501,15.1035,-326.12,-356.06,0,11.27,10.375,K:...,1.565,-8.109596,-12.417672,-2.855097,-0.0000173,0.00001718,-0.0000256,4.133859595,-0.190179826,-1.58107E-06,-1.72623E-06,,,Lib,1,77113,,0.00616595,,11.34,11.19
119382,,,,Gl 815B,,,21.001351,40.069763,15.1035,600.1,-274.75,0,11.9,11.005,,,8.176081,-8.169572,9.722424,0.00004022,0.00002192,-0.00001539,5.498140788,0.699349293,2.90937E-06,-1.332E-06,,,Cyg,2,103322,Gl 815,0.003451437,,,
5849,5862,7570,370,Gl 55,Nu  Phe,,1.253043,-45.531664,15.1149,664.47,178.12,11.6,4.97,4.073,F8V,0.571,10.023612,3.411601,-10.786636,0.000001,0.00005177,0.00000068,0.328045926,-0.794677454,3.22144E-06,8.6355E-07,Nu,,Phe,1,5849,,2.045502431,,,
118035,,,,GJ 3069,,,1.033284,54.180709,15.1515,-357.08,-129.97,0,15.12,14.218,m,1.84,8.544805,2.369002,12.285849,0.00001447,-0.0000232,-0.00000559,0.270513189,0.945631762,-1.73117E-06,-6.30098E-07,,,Cas,1,118035,,0.000178978,,,
118165,,,,GJ 1050,,,2.664021,-34.132674,15.1515,540.07,-1633.01,-71,11.75,10.848,m,1.52,9.610413,8.053202,-8.499639,-0.00012312,-0.00005139,-0.00005859,0.697439017,-0.59572754,2.61833E-06,-7.91706E-06,,,For,1,118165,,0.003988412,,,
118208,,,,GJ 3213,,,3.286429,45.373704,15.1515,-251.14,-67.29,0,12.39,11.488,m,,6.941399,8.068685,10.783378,0.00001628,-0.00000936,-0.00000347,0.860385118,0.791920529,-1.21756E-06,-3.26241E-07,,,Per,1,118208,,0.002212076,,,
118233,,,,GJ 3235,,,3.577599,-4.841982,15.1515,414.19,-314.39,0,13.1,12.198,k-m,,8.94552,12.161827,-1.278908,-0.00002566,0.00001646,-0.00002301,0.936613161,-0.084508525,2.00805E-06,-1.52421E-06,,,Eri,1,118233,,0.001150271,,,
118248,,,,GJ 3247,,,3.722959,-9.56375,15.1515,423.34,301.96,0,14.7,13.798,m,,8.388446,12.363855,-2.517345,-0.00002366,0.00002051,0.00002187,0.974668428,-0.166918925,2.05241E-06,1.46397E-06,,,Eri,1,118248,,0.000263512,,,
118549,,,,GJ 2070,,,8.574,-1.143898,15.1515,191.91,-429.03,0,12.73,11.828,M3.5,1.62,-9.452895,11.837198,-0.302477,-0.00001062,-0.00000928,-0.00003151,2.24466802,-0.019964794,9.30406E-07,-2.08001E-06,,,Hya,1,118549,,0.001617335,,,
118849,,,,GJ 3753,,,12.834849,55.099317,15.1515,-39.96,-1.74,0,12.31,11.408,DA4,0.03,-8.462794,-1.879616,12.426427,-0.00000074,0.00000284,-0.00000007,3.360155691,0.961664495,-1.93732E-07,-8.45515E-09,,,UMa,1,118849,,0.002381223,,,
119081,,,,GJ 3953,,,16.425591,26.026245,15.1515,-179.97,3.14,0,12.24,11.338,m,,-5.454341,-12.474747,6.648218,-0.00001207,0.00000539,0.00000021,4.300209628,0.454243671,-8.72519E-07,1.5228E-08,,,Her,1,119081,,0.002539803,,,
119434,,,,GJ 4216,,,21.750289,-5.787432,15.1515,-174.9,-392.82,0,12.81,11.908,M3.5,1.64,12.53443,-8.37387,-1.527848,-0.00000955,-0.00000907,-0.00002871,5.694212451,-0.101009735,-8.47939E-07,-1.90446E-06,,,Aqr,1,119434,,0.00150245,,,
119597,,,,GJ 4367,,,23.842037,-9.559503,15.1515,621.78,-419.39,0,13.45,12.548,m,,14.928328,-0.617677,-2.516237,-0.00000321,0.00004584,-0.00003038,6.241830651,-0.166844808,3.01447E-06,-2.03328E-06,,,Aqr,1,119597,,0.000833297,,,
115849,116215,221503,,Gl 898,,,23.547053,-16.845641,15.1561,343.55,-217.65,0.5,8.59,7.687,K5/M0V,1.29,14.403874,-1.716071,-4.392152,-0.00000113,0.00002555,-0.00001545,6.164604057,-0.294011898,1.66558E-06,-1.0552E-06,,,Aqr,1,115849,,0.073316209,,,
3575,3583,4391,209,GJ 1021,,,0.76265,-47.551985,15.1584,183.96,78.36,-11.4,5.8,4.897,G5IV,0.635,10.027401,2.02916,-11.185157,-0.00000623,0.00001253,0.00001249,0.199661396,-0.829938708,8.91863E-07,3.799E-07,,,Phe,1,3575,,0.957634977,,,
25583,25647,36705,,,,,5.479112,-65.44857,15.1676,32.14,150.97,32.8,6.88,5.975,K1III(p),0.83,0.856775,6.243901,-13.796544,0.00000093,0.00002413,-0.0000259,1.434428049,-1.142293043,1.55819E-07,7.31923E-07,,,Dor,1,25583,,0.354813389,AB,6.954,6.824
118380,,,,GJ 1081,,,5.554875,44.818492,15.1745,50.1,-356.5,0,12.21,11.304,k-m,1.6,1.251467,10.690931,10.695947,-0.00000151,0.00001879,-0.0000186,1.454262875,0.782230251,2.42892E-07,-1.72834E-06,,,Aur,1,118380,,0.002620596,,,
27367,27435,38858,2007,GJ 1085,,,5.809706,-4.094648,15.1768,62.39,-230.65,31.9,5.97,5.064,G4V,0.639,0.753864,15.119563,-1.083709,-0.00000302,0.00003152,-0.00001926,1.520977404,-0.071465086,3.02475E-07,-1.11822E-06,,,Ori,1,27367,,0.821107464,,,
95152,95447,182572,7373,Gl 759,31    Aql,,19.416164,11.944415,15.1768,721.27,643.6,-100.6,5.17,4.264,G8IVvar,0.761,5.379424,-13.838527,3.140845,0.00000944,0.00012218,0.00002504,5.083139887,0.208469377,3.49682E-06,3.12026E-06,,31,Aql,1,95152,,1.715536648,,,
1391,1392,1317,,,,,0.290152,8.876517,15.186,75.32,75.53,35.9,6.66,5.753,F5,0.589,14.961169,1.138666,2.343333,0.0000349,0.00000822,0.00001116,0.075961624,0.154924455,3.65162E-07,3.6618E-07,,38,Psc,1,1391,,0.435311359,,,
118026,,,,Gl 40B,,,0.859893,-22.910033,15.1953,614.43,-267.16,0,17.3,16.391,m,,13.643442,3.124548,-5.915306,-0.00001756,0.00004241,-0.00001813,0.225119589,-0.399855507,2.97884E-06,-1.29523E-06,,,Cet,2,4012,Gl  40,2.4188E-05,,,
118498,,,,Gl 288B,,,7.762022,-33.919724,15.1999,-338.9,1594.38,0,16.59,15.681,m,1.2,-5.614055,11.294903,-8.482014,-0.00000684,0.00006985,0.00009746,2.032092532,-0.592010857,-1.64303E-06,7.72977E-06,,,Pup,2,37745,Gl 288,4.65157E-05,,,
37745,37853,63077,3018,Gl 288A,,,7.759736,-34.172363,15.2091,-220.83,1722.89,102.6,5.36,4.449,G0V,0.589,-5.594502,11.272064,-8.543229,-0.00005573,0.00014892,0.00004615,2.031494094,-0.596420252,-1.07061E-06,8.35281E-06,,,Pup,1,37745,Gl 288,1.446771683,,,
119041,,,,Gl 599B,,,15.791452,-37.918439,15.2439,-405.78,-216.66,1,12.78,11.865,DA7,0.33,-6.572508,-10.070783,-9.368004,-0.00002018,0.00002395,-0.00001326,4.134192538,-0.661801615,-1.96728E-06,-1.05042E-06,,,Lup,2,77121,Gl 599,0.001563148,,,
82607,82860,153597,6315,Gl 648,19    Dra,,16.93375,65.134796,15.2579,238.05,50.84,-20.9,4.88,3.963,F6Vvar,0.481,-1.767632,-6.167324,13.843316,0.00002034,0.00000707,-0.00001781,4.43324526,1.13681664,1.1541E-06,2.46479E-07,,19,Dra,1,82607,,2.26360164,,,
117973,,,,GJ 1006B,,,0.27094,19.864002,15.2672,695.86,-759.39,0,13.22,12.301,M4.5,1.6,14.322712,1.017798,5.187622,0.00001542,0.00005272,-0.00005286,0.070931897,0.346692238,3.37362E-06,-3.68165E-06,,,Psc,2,1294,GJ 1006,0.001046165,,,
28882,28954,41593,,Gl 227,,,6.111244,15.542106,15.2718,-122.3,-103.29,-11.7,6.76,5.841,K0,0.814,-0.428441,14.707028,4.091997,0.00000933,-0.00000921,-0.00001057,1.599920041,0.271260919,-5.92927E-07,-5.00764E-07,,,Ori,1,28882,,0.401420918,,,
103322,103655,,,Gl 815A,,,21.001455,40.070278,15.2905,614.37,-247.16,-33.7,10.12,9.198,M3Ve,1.52,8.277007,-8.270574,9.84271,0.00002188,0.00004252,-0.00003621,5.498167948,0.699358289,2.97855E-06,-1.19827E-06,,,Cyg,1,103322,Gl 815,0.01823056,V1396,10.197,10.057
118214,,,,GJ 1059,,,3.383841,42.009647,15.2905,423.32,-570,0,15.33,14.408,m,1.89,7.186893,8.799344,10.233255,-0.00000641,0.00004175,-0.00003139,0.885887619,0.733206659,2.05231E-06,-2.76344E-06,,,Per,1,118214,,0.000150245,,,
103056,103388,,,Gl 811.1,,,20.946279,-10.448504,15.3163,-24.44,-1109.77,51,11.38,10.454,M4,1.563,10.500147,-10.799731,-2.77772,0.00002404,-0.00002733,-0.00009049,5.483723059,-0.182360803,-1.18488E-07,-5.38032E-06,,,Aqr,1,103056,,0.005733238,,11.495,11.245
118804,,,,Gl 458B,,,12.205928,54.488006,15.3163,225.95,80.9,0,13.33,12.404,m,1.61,-8.883886,-0.479763,12.467375,0.00000579,-0.00001649,0.00000349,3.195504357,0.950995101,1.09544E-06,3.92224E-07,,,UMa,2,59332,Gl 458,0.000951481,,,
169,169,224953,,GJ 1294A,,,0.035702,-68.280769,15.328,207.45,-231.8,0,9.24,8.313,M0V,1.39,5.67201,0.053101,-14.239841,-0.00001614,0.00001526,-0.00000637,0.009346676,-1.191724239,1.00575E-06,-1.1238E-06,,,Tuc,1,169,GJ 1294,0.041190778,,,
119100,,,,GJ 1204,,,16.601428,8.810562,15.3374,-528.96,-150.68,0,13.8,12.871,m,1.65,-5.426307,-14.15176,2.349199,-0.00003734,0.00001247,-0.00001107,4.346243673,0.153773321,-2.56447E-06,-7.30503E-07,,,Her,1,119100,,0.000618871,,,
77121,77358,140901,5864,Gl 599A,,,15.791435,-37.916312,15.3539,-416.81,-213.86,-5.2,6.01,5.079,G6IV,0.715,-6.619912,-10.143795,-9.435094,-0.00001834,0.00002866,-0.00000929,4.134187976,-0.661764485,-2.02075E-06,-1.03682E-06,,,Lup,1,77121,Gl 599,0.809841447,,,
31554,31634,,,Gl 240,,,6.61977,-50.038264,15.3563,159.04,13.58,16,9.61,8.679,K0,1.456,-1.593362,9.73352,-11.770307,-0.00001351,0.00000922,-0.00001189,1.733051836,-0.873332458,7.71048E-07,6.58377E-08,,,Pup,1,31554,,0.029403566,,,
118047,,,,GJ 2021,,,1.155118,-24.507478,15.3846,193.22,-173.97,0,14.52,13.585,m,,13.363309,4.169124,-6.381716,-0.00000943,0.00001215,-0.00001181,0.302409116,-0.427736185,9.36757E-07,-8.43445E-07,,,Cet,1,118047,,0.000320627,,,
118191,,,,GJ 3198,,,3.067879,-20.376479,15.3846,473.22,-488.32,0,12.84,11.905,M3,1.59,10.014926,10.37751,-5.356721,-0.0000342,0.00001539,-0.00003414,0.803168953,-0.355636648,2.29424E-06,-2.36747E-06,,,Eri,1,118191,,0.001506607,,,
118231,,21809,,GJ 3233,,,3.538766,38.063034,15.3846,-65.13,-46.46,0,7.28,6.345,G5,,7.275942,9.684042,9.485038,0.00000517,-0.00000121,-0.00000273,0.926446835,0.664325266,-3.15759E-07,-2.25225E-07,,,Per,1,118231,,0.252348077,,,
118295,,,,GJ 3279,,,4.370367,-57.443552,15.3846,-252.89,-465.77,0,11.8,10.865,m,,3.426308,7.536638,-12.96709,0.00000506,-0.00003446,-0.0000187,1.144159489,-1.002579119,-1.22605E-06,-2.25813E-06,,,Ret,1,118295,,0.003926449,,,
118462,,,,GJ 3426,,,7.127183,48.689294,15.3846,-26.15,-298.86,0,13.4,12.465,m,,-2.95366,9.71703,11.556001,-0.000003,0.00001659,-0.00001471,1.86589217,0.849788486,-1.26779E-07,-1.4489E-06,,,Lyn,1,118462,,0.000899498,,,
118545,,,,GJ 3503,,,8.523064,-10.497903,15.3846,-579.47,-315.94,0,15,14.065,m,,-9.281054,11.945324,-2.803066,0.00003676,0.00002313,-0.00002317,2.231332934,-0.183222968,-2.80935E-06,-1.5317E-06,,,Hya,1,118545,,0.000206063,,,
118811,,,,GJ 3720,,,12.312552,29.759332,15.3846,-217.85,-335.47,0,16.32,15.385,m,1.98,-13.31097,-1.091512,7.636268,-0.00001371,0.00001518,-0.00002172,3.223418525,0.519398322,-1.05617E-06,-1.62639E-06,,,Com,1,118811,,6.10942E-05,,,
118821,,,,GJ 1158,,,12.491892,-56.000517,15.3846,-983.67,-771.29,-27,13.27,12.335,M4,1.62,-8.531052,-1.103086,-12.753344,0.00005317,0.00008087,-0.00000928,3.270369629,-0.977393408,-4.76897E-06,-3.73934E-06,,,Cru,1,118821,,0.001013911,,,
119401,,,,GJ 4185A,,,21.268089,29.864093,15.3846,204.62,47.24,0,12.68,11.745,m,,10.072405,-8.749094,7.660675,0.00000868,0.00001267,0.00000306,5.567972562,0.521226749,9.92026E-07,2.29021E-07,,,Cyg,1,119401,GJ 4185,0.001745822,,,
119402,,,,GJ 4186B,,,21.267532,29.862399,15.3846,204.62,47.24,0,13.49,12.555,m,,10.071303,-8.750708,7.660281,0.00000869,0.00001267,0.00000306,5.567826939,0.521197192,9.92026E-07,2.29021E-07,,,Cyg,2,119402,GJ 4186,0.000827942,,,
119541,,,,GJ 4306,,,22.932749,17.798873,15.3846,-513.9,-927.1,0,10.5,9.565,M0,1.49,14.080132,-4.03984,4.702712,0.00000977,-0.00004267,-0.00006583,6.003779653,0.310648946,-2.49146E-06,-4.49469E-06,,,Peg,1,119541,,0.013001696,,,
15880,15919,21197,,Gl 141,,,3.416592,-5.363756,15.3917,-230.41,-768.66,-13.6,7.86,6.924,K5V,1.153,9.592,11.950905,-1.438782,0.00000138,-0.00002574,-0.0000558,0.89446171,-0.093615195,-1.11706E-06,-3.72657E-06,,,Eri,1,15880,,0.148047132,,,
2935,2941,3443,159,Gl 25A,,,0.622393,-24.767267,15.4012,1422.09,-17.15,18.6,5.57,4.632,K1V+...,0.715,13.799451,2.268712,-6.452147,-0.0000007,0.00010748,-0.00000913,0.162942237,-0.432270358,6.89449E-06,-8.31455E-08,,,Cet,1,2935,Gl  25,1.222362449,,,
42629,42748,,,Gl 319A,,,8.712369,9.556699,15.4321,216.27,-634.11,20.4,9.62,8.678,M0,1.4,-9.920795,11.539875,2.562122,-0.00003082,0.00001103,-0.00004332,2.280892965,0.166795855,1.04851E-06,-3.07425E-06,,,Cnc,1,42629,Gl 319,0.02943066,,,
118240,,,,GJ 1062,,,3.637577,-11.485037,15.4321,1417.83,-2677.81,-140,13.01,12.068,M2,1.66,8.764191,12.316048,-3.071295,-0.00019087,-0.00008517,-0.00016792,0.952315394,-0.200451714,6.87383E-06,-1.29824E-05,,,Eri,1,118240,,0.001296582,,,
118609,,,,GJ 3542,,,9.296739,58.424122,15.4321,-11.83,-1129.94,0,15.11,14.168,m,1.85,-6.140093,5.253234,13.147339,-0.00005416,0.0000475,-0.00004424,2.433880668,1.019693296,-5.73535E-08,-5.47809E-06,,,UMa,1,118609,,0.000187413,,,
23780,23835,32923,1656,Gl 188A,104    Tau,,5.124164,18.645052,15.4345,536.05,18.51,20.6,4.91,3.968,G4V,0.657,3.324007,14.241868,4.934537,-0.00003462,0.00002813,0.00000805,1.341502876,0.325417547,2.59884E-06,8.9739E-08,,104,Tau,1,23780,Gl 188,2.253201336,,,
24759,24819,34673,,Gl 200A,,,5.320183,-3.07381,15.4488,702.14,136.27,86.5,7.77,6.826,K3V,1.051,2.73122,15.183658,-0.828442,-0.00003601,0.00009679,0.00000545,1.392820633,-0.053648097,3.40407E-06,6.60656E-07,,,Ori,1,24759,Gl 200,0.162031704,,,
65147,65352,116442,,GJ 3781A,,,13.39421,2.723325,15.4488,13.4,198.62,28,7.06,6.116,G5,0.78,-14.415009,-5.508346,0.734032,-0.0000257,-0.0000109,0.00001622,3.506595858,0.047530988,6.4965E-08,9.62937E-07,,,Vir,1,65147,GJ 3781,0.31160183,,7.078,6.918
48764,48904,,,Gl 375,,,9.976166,-46.425121,15.456,479.32,-483.62,44,11.27,10.325,M5,1.555,-9.193371,5.384446,-11.197758,-0.00002227,-0.00002858,-0.00005758,2.611754092,-0.810271212,2.32381E-06,-2.34466E-06,,,Vel,1,48764,,0.006456542,LU,11.351,11.201
92284,92573,229793,,Gl 731,,,18.864219,16.58328,15.4775,-226.26,-482.68,-14.9,10.16,9.211,M2,1.447,3.327566,-14.455552,4.417375,-0.0000175,0.00000035,-0.00003906,4.938641018,0.289432843,-1.09694E-06,-2.3401E-06,,,Her,1,92284,,0.018013579,,10.256,10.096
119226,,,,Gl 720B,,,18.590665,45.760807,15.4775,447.24,337.02,0,13.02,12.071,m,1.6,1.663604,-10.669038,11.0886,0.00003037,0.00002306,0.00001764,4.867024696,0.798676753,2.16828E-06,1.6339E-06,,,Lyr,2,90846,Gl 720,0.001293004,,,
118049,,,,GJ 3077A,,,1.198727,4.918567,15.4799,343.1,-516.41,0,12.89,11.941,m,1.62,14.669633,4.761051,1.327243,-0.00000478,0.00002552,-0.00003861,0.313825888,0.085845187,1.6634E-06,-2.50363E-06,,,Psc,1,118049,GJ 3077,0.001457471,,,
118050,,,,GJ 3078B,,,1.199281,4.901888,15.4799,343.1,-516.41,0,13.91,12.961,m,1.7,14.669309,4.763299,1.322753,-0.0000048,0.00002551,-0.00003861,0.313970964,0.085554089,1.6634E-06,-2.50363E-06,,,Psc,2,118050,GJ 3078,0.000569639,,,
118150,,,,GJ 3162,,,2.544001,-14.197209,15.4799,64.93,-686.94,0,15.76,14.811,DC,0.75,11.799904,9.27229,-3.796603,-0.00001295,-0.00000398,-0.00004998,0.666017832,-0.247788047,3.1479E-07,-3.33036E-06,,,Cet,1,118150,,0.000103657,,,
8692,8709,,,GJ 3121,,,1.867489,47.001852,15.4967,1.23,124.11,64,12.44,11.489,DAs,0.17,9.330583,4.963735,11.33433,0.00003335,0.00001784,0.00005423,0.48890736,0.820337075,5.96321E-09,6.01702E-07,,,And,1,8692,,0.002210039,,12.608,12.308
118555,,,,Gl 316.1,,,8.675112,18.400296,15.5039,-779.42,-450,0,17.68,16.728,m,2.02,-9.480991,11.248636,4.893867,0.0000379,0.00004593,-0.00003209,2.271139005,0.321145754,-3.77873E-06,-2.18166E-06,,,Cnc,1,118555,,1.77337E-05,,,
86529,86796,160691,6585,Gl 691,Mu  Ara,Cervantes,17.735752,-51.834053,15.5111,-15.06,-191.17,-9,5.12,4.167,G5V,0.694,-0.662558,-9.561971,-12.19514,0.00000004,0.00001703,-0.00000165,4.643209088,-0.904674888,-7.30129E-08,-9.26818E-07,Mu,,Ara,1,86529,,1.875858174,,,
110180,110526,,,Gl 856A,,,22.391408,32.459432,15.5111,251.26,-207.57,0,10.7,9.747,M0...,1.57,11.944331,-5.350155,8.324843,0.00001537,0.00001382,-0.00001317,5.862057013,0.566523956,1.21814E-06,-1.00633E-06,,,Peg,1,110180,Gl 856,0.010995121,,10.754,10.634
59332,59514,238090,,Gl 458A,,,12.205767,54.485753,15.5207,231.81,90.56,-17.6,9.71,8.755,M2,1.38,-9.002884,-0.485516,12.633273,0.00001692,-0.00001655,-0.00001069,3.195462335,0.950955789,1.12385E-06,4.39047E-07,,,UMa,1,59332,Gl 458,0.027415742,,9.764,9.654
95207,95501,182640,7377,Gl 760,30Del Aql,,19.424972,3.114775,15.5255,253.06,80.67,-29.9,3.36,2.405,F0IV,0.319,5.650026,-14.436012,0.843584,0.00000649,0.00003568,0.0000044,5.085445848,0.054363084,1.22687E-06,3.91099E-07,Del,30,Aql,1,95207,,9.506047937,,,
18465,18512,24916,,Gl 157A,,,3.957973,-1.159452,15.528,-182.43,-139.14,5.7,8.07,7.114,K4V,1.115,7.909894,13.358713,-0.314208,0.00001468,-0.00000216,-0.00001059,1.036194778,-0.020236255,-8.84446E-07,-6.7457E-07,,,Eri,1,18465,Gl 157,0.124279644,,,
118001,,,,Gl 25B,,,0.622379,-24.766593,15.5328,1389.98,-7.28,25,6.4,5.444,G8 V,,13.91838,2.288611,-6.507579,0.00000574,0.000107,-0.00001121,0.162938424,-0.432258586,6.73881E-06,-3.52799E-08,,,Cet,2,2935,Gl  25,0.578628739,,,
90846,91128,,,Gl 720A,,,18.58841,45.744041,15.5473,451.8,364.58,-31.2,9.84,8.882,M2,1.415,1.664836,-10.72123,11.135233,0.00002721,0.00004668,-0.00000368,4.866434347,0.798384136,2.19039E-06,1.76753E-06,,,Lyr,1,90846,Gl 720,0.024389337,,,
101190,101516,340611,,,,,20.572752,25.063818,15.5473,-404.42,-564.16,71,11.53,10.572,DA,-0.097,8.784956,-11.008198,6.586533,0.00002844,-0.0000845,-0.00000775,5.385933958,0.437446154,-1.96068E-06,-2.73512E-06,,,Vul,1,101190,,0.005142804,,11.63,11.37
119371,,,,Gl 808,,,20.860301,-79.313944,15.5521,700.93,-986.3,35,11.85,10.891,M2.5,1.5,1.965023,-2.111121,-15.284154,-0.0000065,0.00008463,-0.00004898,5.461213999,-1.384289458,3.3982E-06,-4.78174E-06,,,Oct,1,119371,,0.00383354,,,
76543,76779,139763,,,,,15.676268,-18.049027,15.5569,160.18,89.91,0,8.92,7.96,K5V,1.296,-8.453496,-12.137673,-4.820005,0.00000871,-0.00000863,0.00000645,4.104037338,-0.315014952,7.76575E-07,4.35896E-07,,,Lib,1,76543,,0.057016427,,,
98369,98681,,,,,,20.043347,-50.050134,15.5618,334.48,-311.41,0,9.92,8.96,,,5.094198,-8.596462,-11.929778,0.00001253,0.00002836,-0.00001509,5.247335972,-0.87353963,1.6216E-06,-1.50976E-06,,,Tel,1,98369,,0.022698649,,,
18235,18280,,,Gl 156,,,3.909852,-6.826009,15.5666,-4.22,529.7,64.5,9.02,8.059,M0V,1.366,8.042154,13.199902,-1.850232,0.00003682,0.00005983,0.00003185,1.023596829,-0.119136334,-2.04591E-08,2.56806E-06,,,Eri,1,18235,,0.052047515,,,
36744,36850,60179,2891,Gl 278A,66Alp Gem,Castor,7.576634,31.888276,15.5958,-206.33,-148.18,6,1.58,0.615,A2Vm,0.034,-5.311938,12.130011,8.238737,0.00000983,0.00001645,-0.00000627,1.98355827,0.556555413,-1.00032E-06,-7.18397E-07,Alp,66,Gem,1,36744,Gl 278,49.4310687,,,
118919,,,,Gl 527B,,,13.787675,17.455782,15.5958,-478.58,36.83,0,11,10.035,M2,,-13.277795,-6.711405,4.678267,-0.00001558,0.00003267,0.00000266,3.609604959,0.304660866,-2.32022E-06,1.78533E-07,,,Boo,2,67063,Gl 527,0.008433348,,,
112997,113357,217014,8729,Gl 882,51    Peg,Helvetios,22.95777,20.768832,15.6079,208.06,60.96,-33.7,5.45,4.483,G5V,0.666,14.053522,-3.93265,5.534429,-0.00002837,0.00002429,-0.00000791,6.010330125,0.362484504,1.0087E-06,2.95542E-07,,51,Peg,1,112997,,1.402167834,,,
64807,65012,,,Gl 507B,,,13.326292,35.107044,15.6104,380.37,-783.48,-8.5,12.03,11.063,M3,1.47,-12.00834,-4.345675,8.977588,-0.00001558,-0.00003625,-0.0000535,3.488815113,0.612733504,1.84409E-06,-3.79842E-06,,,CVn,2,64806,Gl 507,0.0032719,,,
99068,99385,191391,,Gl 782,,,20.172109,-20.493431,15.6152,-457.4,-376.53,19.4,8.91,7.942,K4Vp,1.296,7.876695,-12.325182,-5.466942,-0.00002454,-0.0000259,-0.00003364,5.281045845,-0.35767784,-2.21754E-06,-1.82547E-06,,,Cap,1,99068,,0.057969559,,,
67063,67275,120136,5185,Gl 527A,4Tau Boo,,13.78771,17.456906,15.6177,-480.33,54.18,-16.1,4.5,3.532,F7V,0.508,-13.296143,-6.720908,4.685085,-0.00000129,0.0000401,-0.00000103,3.609614064,0.304680487,-2.32871E-06,2.62672E-07,Tau,4,Boo,1,67063,Gl 527,3.366665744,,,
117999,,,,GJ 1014,,,0.598632,10.476375,15.625,1105.27,-413.24,0,15.32,14.351,,1.89,15.176218,2.398174,2.841095,-0.00000742,0.00008358,-0.00003078,0.156721414,0.182847232,5.3585E-06,-2.00346E-06,,,Psc,1,117999,,0.000158343,,,
118314,,,,GJ 3296,,,4.559549,20.746384,15.625,433.52,-321.96,0,14.6,13.631,m,,5.380482,13.585147,5.534875,-0.00002735,0.00002013,-0.00002281,1.193687122,0.36209271,2.10176E-06,-1.56091E-06,,,Tau,1,118314,,0.000307326,,,
118436,,,,GJ 3404A,,,6.703039,3.580006,15.625,34.12,-277.91,0,12.06,11.091,m,,-2.854073,15.331111,0.975661,-0.00000278,0.00000082,-0.00002101,1.754851557,0.062482888,1.65418E-07,-1.34736E-06,,,Mon,1,118436,GJ 3404,0.0031886,,,
118437,,,,GJ 3405B,,,6.703876,3.591613,15.625,34.12,-277.91,0,13.33,12.361,m,,-2.857396,15.330291,0.97882,-0.00000278,0.00000082,-0.00002101,1.755070692,0.062685466,1.65418E-07,-1.34736E-06,,,Mon,2,118437,GJ 3405,0.00098992,,,
118741,,,,GJ 3654,,,11.277232,-27.955731,15.625,-499.2,-808.27,0,13.7,12.731,M4,,-13.555335,2.596226,-7.324831,0.00003529,0.00003175,-0.00005408,2.952372329,-0.487919559,-2.42019E-06,-3.9186E-06,,,Hya,1,118741,,0.000704044,,,
118774,,,,GJ 3685A,,,11.794648,0.254326,15.625,-286.89,-87.71,0,13.25,12.281,m,,-15.602272,0.839602,0.069357,0.00000114,0.0000217,-0.00000664,3.087831709,0.004438818,-1.39088E-06,-4.25235E-07,,,Vir,1,118774,GJ 3685,0.001065614,,,
118775,,,,GJ 3686B,,,11.794926,0.250991,15.625,-286.89,-87.71,0,17.6,16.631,m,,-15.602337,0.838468,0.068447,0.00000114,0.0000217,-0.00000664,3.087904411,0.004380618,-1.39088E-06,-4.25235E-07,,,Vir,2,118775,GJ 3686,1.9391E-05,,,
118932,,,,GJ 3815,,,13.881237,66.816623,15.625,-395.36,-528.48,0,15.69,14.721,m,1.9,-5.42054,-2.907698,14.363276,-0.00004659,0.00000898,-0.00001575,3.634099253,1.16617006,-1.91676E-06,-2.56215E-06,,,Dra,1,118932,,0.000112616,,,
119085,,,,Gl 626.2,,,16.473904,36.76969,15.625,-475.92,716.31,24,13.85,12.881,DZA6,0.17,-4.869412,-11.531398,9.353858,-0.00002823,0.00002582,0.00005816,4.31285794,0.641752155,-2.30733E-06,3.47278E-06,,,Her,1,119085,,0.000613197,,,
119232,,,,GJ 4069,,,18.693689,39.702656,15.625,-248.71,-167.76,0,13.42,12.451,m,,2.170981,-11.823748,9.981304,-0.00001706,-0.00001139,-0.00000978,4.893996314,0.692942069,-1.20578E-06,-8.13309E-07,,,Lyr,1,119232,,0.000911171,,,
4012,4022,4967,,Gl 40A,,,0.859441,-22.910065,15.6348,612.07,-275.45,15.4,8.95,7.98,K5V,1.29,14.038591,3.213138,-6.086459,-0.00000413,0.00004665,-0.00002536,0.2250012,-0.399856064,2.9674E-06,-1.33542E-06,,,Cet,1,4012,Gl  40,0.05597576,,,
88469,88745,165908,6775,Gl 704A,99    Her,,18.117097,30.56214,15.6421,-100.93,111.7,1.6,5.05,4.079,F7V,0.528,0.412832,-13.462756,7.953585,-0.00000774,0.00000266,0.00000813,4.743044859,0.533409961,-4.89322E-07,5.41537E-07,,99,Her,1,88469,Gl 704,2.034229743,,,
118860,,,,Gl 492,,,13.002522,3.476887,15.6495,-443.28,-851.53,0,15.79,14.817,DC9,0.64,-15.085761,-4.052893,0.949078,-0.00001253,0.00003146,-0.00006448,3.404052377,0.06068313,-2.14908E-06,-4.12833E-06,,,Vir,1,118860,,0.000103086,,,
66553,66765,118972,,GJ 1175,,,13.684485,-34.464156,15.6544,205.92,-166.03,0,6.92,5.947,K1V,0.855,-11.671902,-5.509155,-8.858677,0.00001312,-0.00001109,-0.00001039,3.582589763,-0.60151299,9.98328E-07,-8.04936E-07,,,Cen,1,66553,,0.364082664,,,
119201,,,,Gl 704B,,,18.117208,30.560584,15.6544,-82.13,73.17,0,8.45,7.477,K5 V,1.1,0.413521,-13.473534,7.959466,-0.00000632,0.00000263,0.00000478,4.743073913,0.533382816,-3.98177E-07,3.54762E-07,,,Her,2,88469,Gl 704,0.08896107,,,
118060,,,,GJ 1037,,,1.299927,16.172781,15.674,-19.28,-649.71,0,13.82,12.844,DQ6,0.12,14.190357,5.024761,4.365756,0.00001346,0.00000321,-0.00004741,0.340320062,0.282268273,-9.34721E-08,-3.1499E-06,,,Psc,1,118060,,0.000634454,,,
118755,,,,GJ 3666,,,11.482218,10.178881,15.674,-739.55,547.24,0,12.56,11.584,M3,1.6,-15.285776,2.084893,2.769941,0.00001486,0.00005469,0.00004093,3.006037667,0.177654995,-3.58544E-06,2.65307E-06,,,Leo,1,118755,,0.002024883,,,
36246,36349,,,,,,7.48094,-30.246817,15.6937,-130.94,-131.42,0,9.96,8.981,M1V:e...,1.442,-5.125546,12.55097,-7.905325,0.00001113,-0.0000009,-0.00000864,1.958505429,-0.527906553,-6.34815E-07,-6.37142E-07,,,Pup,1,36246,,0.022263836,V372,10.041,9.881
117984,,,,GJ 1010B,,,0.394425,77.191153,15.6986,-798.9,41.87,0,14,13.021,m,,3.462071,0.356392,15.307942,0.00000319,-0.00006079,0.00000071,0.103260286,1.347239776,-3.87318E-06,2.02982E-07,,,Cep,2,1856,GJ 1010,0.000539014,,,
79851,80093,,,Gl 619,,,16.347984,40.961448,15.7183,-13.37,112.14,7.5,8.99,8.008,M0,1.286,-4.975073,-10.776797,10.304192,-0.000001,0.00000025,0.00001148,4.279892162,0.714912136,-6.48196E-08,5.4367E-07,,,Her,1,79851,,0.054550659,,,
118738,,,,Gl 421C,,,11.254365,-18.126053,15.7233,139.25,-736.96,18,13.64,12.657,M3.5,1.58,-14.66008,2.898633,-4.89194,-0.00000209,-0.00001041,-0.00005911,2.946385802,-0.316359301,6.75103E-07,-3.57288E-06,,,Crt,3,54801,Gl 421,0.000753703,,,
116714,117081,222834,,,,,23.735377,-27.196067,15.7332,74.76,102.35,0,9.01,8.026,G:+...,0.535,13.960292,-0.968687,-7.190652,0.00000395,0.00000544,0.00000694,6.213907184,-0.47466092,3.62447E-07,4.96207E-07,,,Scl,1,116714,,0.05365374,,,
51377,51525,,,Gl 397,,,10.523433,45.526051,15.7356,-567.2,-594.44,23.9,8.85,7.866,K7V,1.33,-10.210747,4.15635,11.22859,-0.00002952,0.00005873,-0.00001432,2.755028309,0.794579479,-2.74986E-06,-2.88193E-06,,,UMa,1,51377,,0.062172739,,,
32473,32560,,,Gl 246,,,6.793896,37.515859,15.7406,-225.66,-935.54,80,12.06,11.075,DAn,-0.098,-2.576389,12.217068,9.586163,-0.00000551,0.00010959,-0.00000679,1.778637893,0.654775256,-1.09403E-06,-4.53563E-06,,,Aur,1,32473,,0.003235937,,12.159,11.929
119546,,,,GJ 4312,,,23.122939,68.667591,15.748,1119.62,29.32,0,12.45,11.464,m,1.54,5.579042,-1.301233,14.669036,0.00001745,0.0000837,0.00000081,6.053571171,1.198475551,5.42807E-06,1.42138E-07,,,Cep,1,119546,,0.002261518,,,
3899,3909,4813,235,Gl 37,19Phi2Cet,,0.835443,-10.644326,15.753,-224.67,-228.44,8.2,5.17,4.183,F7IV-V,0.514,15.113168,3.359263,-2.909778,0.00000862,-0.00001566,-0.00001869,0.218718356,-0.185778529,-1.08923E-06,-1.10751E-06,Phi-2,19,Cet,1,3899,,1.848417195,,,
47484,47619,,,GJ 3563,,,9.709914,-19.234752,15.7555,-471.85,-214.09,0,11.94,10.953,,1.525,-12.2815,8.394011,-5.190482,0.00002478,0.00002671,-0.00001544,2.542049646,-0.33570975,-2.28759E-06,-1.03794E-06,,,Hya,1,47484,,0.003620762,,12.062,11.852
14633,14669,,,Gl 125,,,3.158584,45.732743,15.7604,-429.09,-384.63,-9.3,10.11,9.122,M2,1.473,7.449241,8.094836,11.285833,0.00003388,-0.0000116,-0.00002732,0.826915304,0.798186937,-2.08029E-06,-1.86474E-06,,,Per,1,14633,,0.019552397,,,
95024,95319,182488,7368,Gl 758,,,19.392779,33.221966,15.7604,82.04,162.92,-20.6,6.37,5.382,G8V,0.804,4.701552,-12.31749,8.63477,-0.00000286,0.00002507,-0.00000113,5.077017578,0.579832691,3.97741E-07,7.89858E-07,,,Lyr,1,95024,,0.612632454,,,
98478,98792,190404,,Gl 778,,,20.064494,23.340686,15.7654,-1002.84,-912.55,-1.8,7.28,6.291,K1V,0.815,7.448189,-12.411958,6.246207,-0.00005237,-0.00006169,-0.00006476,5.252872347,0.407371825,-4.86191E-06,-4.42417E-06,,,Vul,1,98478,,0.265216171,,,
119274,,,,Gl 750B,,,19.278596,-45.891716,15.7654,197.27,-404.46,0,10.1,9.111,,,3.605054,-10.363874,-11.319962,0.00000695,0.00002591,-0.00002152,5.047124611,-0.800961544,9.56392E-07,-1.96086E-06,,,Tel,2,94444,Gl 750,0.019751496,,,
118267,,,,Gl 157B,,,3.957976,-1.157531,15.7704,-192.18,-143.76,14,11.61,10.621,dM3  e,1.47,8.033704,13.567837,-0.318598,0.00001982,0.00000464,-0.00001128,1.036195677,-0.020202732,-9.31715E-07,-6.96992E-07,,,Eri,2,18465,Gl 157,0.004915866,,,
82670,82926,,,,,,16.946821,-39.093925,15.7828,65.79,-109.38,0,11.18,10.189,M3Ve+...,1.51,-3.334739,-11.786578,-9.952532,0.00000628,0.00000371,-0.0000065,4.436667457,-0.682317715,3.18959E-07,-5.30289E-07,,,Sco,1,82670,,0.007318128,V914,11.283,11.083
119366,,,,Gl 802,,,20.721283,55.350858,15.7978,884.89,1692.65,-23,14.68,13.687,dM5  e,1.79,5.871867,-6.795771,12.995078,-0.00002712,0.00013511,0.0000544,5.424819092,0.966054713,4.29007E-06,8.20619E-06,,,Cep,1,119366,,0.000291877,,,
118485,,60178,2890,Gl 278B,66Alp Gem,Castor B,7.576827,31.89052,15.8053,-162.69,-98.14,-1.2,2.85,1.856,A m,,-5.383676,12.292323,8.349873,0.00001024,0.00000769,-0.00000703,1.983608717,0.556594568,-7.88743E-07,-4.75801E-07,Alp,66,Gem,2,36744,Gl 278,15.76158905,,,
118486,,,,Gl 278C,,,7.57706,31.870335,15.8053,-201.94,-110.1,-1.9,9.07,8.076,M0.5Ve,1.49,-5.385572,12.29467,8.345127,0.00001305,0.00000878,-0.00000819,1.983669664,0.556242278,-9.79033E-07,-5.33775E-07,,,Gem,3,36744,Gl 278,0.051238924,,,
56493,56662,,,Gl 433.1,,,11.618088,29.799539,15.8078,-146.9,-5.91,0,12.49,11.496,DA,-0.072,-13.649016,1.369265,7.855955,0.0000009,0.00001122,-0.00000039,3.041608404,0.520100065,-7.12191E-07,-2.86525E-08,,,UMa,1,56493,,0.002195837,,12.665,12.355
3580,3588,4378,,Gl 32A,,,0.763395,-41.909205,15.8178,301.59,-80.66,-26.3,7.89,6.894,K5V comp SB,1.251,11.537178,2.33703,-10.565376,-0.00002826,0.00001787,0.00001336,0.199856445,-0.731453611,1.46215E-06,-3.91051E-07,,,Phe,1,3580,Gl  32,0.152194865,,,
98590,98906,,,Gl 781,,,20.084077,54.434242,15.8303,-1165.35,-899.95,-148,11.98,10.983,M3,1.524,4.777451,-7.870172,12.876056,-0.00009297,-0.00001918,-0.0001633,5.257999009,0.95005674,-5.64978E-06,-4.36308E-06,,,Cyg,1,98590,,0.003522086,V1513,12.09,11.86
71058,71284,128167,5447,Gl 557,28Sig Boo,,14.578,29.74513,15.8328,188.32,132.72,0.9,4.47,3.472,F3Vwvar,0.364,-10.732826,-8.589414,7.855332,0.00001235,-0.00000863,0.0000093,3.816511496,0.519150453,9.13001E-07,6.43445E-07,Sig,28,Boo,1,71058,,3.557951306,,,
74474,74702,135599,,,,,15.266435,0.796362,15.8453,178.02,-136.52,0,6.92,5.92,K0,0.83,-10.395173,-11.956814,0.220229,0.00001022,-0.00000908,-0.00001049,3.996743386,0.013899146,8.63065E-07,-6.61868E-07,,,Ser,1,74474,,0.373250158,V379,6.937,6.907
119318,,,,GJ 4129,,,19.971016,2.033565,15.8479,-312.4,-801.25,0,11.95,10.95,k,1.55,7.814657,-13.775734,0.562362,-0.00001979,-0.00001375,-0.00006152,5.228399845,0.035492399,-1.51456E-06,-3.88459E-06,,,Aql,1,119318,,0.003630781,,,
60118,60303,107596,,Gl 462,,,12.365011,42.133886,15.8529,175.48,-516.62,15.4,9.36,8.359,M0V,1.354,-11.702644,-1.121747,10.635254,-0.00003685,-0.00001708,-0.00001888,3.237152254,0.73537504,8.50751E-07,-2.50464E-06,,,CVn,1,60118,,0.039482078,,,
98454,98767,190360,7670,Gl 777A,,,20.060373,29.896805,15.8579,683.32,-524.06,-45.9,5.73,4.729,G6IV+...,0.749,7.060984,-11.795308,7.903998,0.00003448,0.00004467,-0.00005832,5.251793474,0.521797692,3.31283E-06,-2.54071E-06,,,Cyg,1,98454,Gl 777,1.117892391,,,
113872,114233,,,Gl 889.1,,,23.135267,3.328987,15.8579,492.52,254.78,32,10.9,9.899,M1V:,1.49,15.427469,-3.553485,0.920871,0.00003923,0.00002982,0.00002145,6.05679882,0.058101786,2.3878E-06,1.23521E-06,,,Psc,1,113872,,0.009558726,,10.957,10.847
63630,63833,113538,,Gl 496.1,,,13.082714,-52.442923,15.8655,-785.7,-795.48,37.8,9.05,8.048,K8V,1.362,-9.285181,-2.704535,-12.577587,0.00000704,0.00006499,-0.00006794,3.425046501,-0.915301682,-3.80918E-06,-3.8566E-06,,,Cen,1,63630,,0.052577508,,,
118351,,,,Gl 188B,,,5.124227,18.647141,15.868,529.27,27.74,0,5.7,4.697,G4 V,,3.416956,14.641592,5.073618,-0.0000398,0.00000859,0.00000202,1.341519477,0.325454002,2.56597E-06,1.34478E-07,,,Tau,2,23780,Gl 188,1.151330474,,,
118211,,,,GJ 3218,,,3.363201,-6.673064,15.873,302.05,-69.73,0,11.37,10.367,M2,1.5,10.039098,12.155922,-1.844504,-0.00001832,0.00001432,-0.00000533,0.880483892,-0.11646694,1.46438E-06,-3.3808E-07,,,Eri,1,118211,,0.00621155,,,
118272,,,,GJ 3261,,,4.094071,5.74431,15.873,83.88,-124.36,0,12.89,11.887,dM5  e,,7.557442,13.867702,1.588717,-0.00000521,0.00000393,-0.00000952,1.071825247,0.100257129,4.06662E-07,-6.0289E-07,,,Tau,1,118272,,0.001531793,,,
118313,,,,GJ 3294,,,4.506696,17.497263,15.873,64.44,-27.35,0,14.57,13.567,k-m,1.75,5.768745,13.996361,4.772379,-0.00000434,0.00000247,-0.00000201,1.179850307,0.305384856,3.12414E-07,-1.32601E-07,,,Tau,1,118313,,0.000325987,,,
118342,,,,GJ 3320,,,5.020879,24.875432,15.873,225,-389.71,0,11.51,10.507,M2.5,1.48,3.650927,13.929877,6.676928,-0.00001355,0.00001659,-0.0000272,1.31446298,0.434158188,1.09083E-06,-1.88937E-06,,,Tau,1,118342,,0.005460092,,,
118535,,,,GJ 3492,,,8.227962,-76.146703,15.873,-326.96,561.78,0,11.85,10.847,k-m,,-2.092422,3.172723,-15.411286,-0.00000212,0.00004889,0.00001034,2.154075316,-1.329010677,-1.58515E-06,2.72358E-06,,,Cha,1,118535,,0.003992087,,,
118711,,,,GJ 3625,,,10.803664,-79.467541,15.873,-451.67,-214.47,0,13.45,12.447,m,,-2.75988,0.895306,-15.605564,0.00002614,0.00002807,-0.00000302,2.828392652,-1.386970232,-2.18976E-06,-1.03977E-06,,,Cha,1,118711,,0.000914534,,,
118778,,,,GJ 3690B,,,11.8717,10.016774,15.873,-321.48,110.69,0,15,13.997,m,,-15.622229,0.524948,2.760893,0.00000231,0.00002467,0.00000839,3.10800385,0.174825688,-1.55858E-06,5.36655E-07,,,Vir,2,118778,GJ 3690,0.000219381,,,
118813,,,,Gl 461A,,,12.340518,0.583856,15.873,87.69,-20.25,4.1,10.1,9.097,M0 V,1.47,-15.809357,-1.413108,0.161748,-0.00000359,-0.0000071,-0.00000152,3.230739997,0.010190208,4.25133E-07,-9.81505E-08,,,Vir,1,118813,Gl 461,0.020007831,,,
118868,,,,GJ 1167A,,,13.159657,28.984276,15.873,-320.43,-185,0,14.18,13.177,dM5,1.72,-13.249999,-4.150827,7.691572,-0.00001396,0.00002147,-0.00001245,3.445190022,0.505871045,-1.55349E-06,-8.96905E-07,,,Com,1,118868,GJ 1167,0.000466874,,,
119206,,,,Gl 708.3,,,18.271822,1.520938,15.873,-398.88,-658.63,0,12.52,11.517,M5,1.61,1.128216,-15.827248,0.421305,-0.00003052,-0.00000354,-0.00005066,4.783551759,0.026545369,-1.93382E-06,-3.19313E-06,,,Oph,1,119206,,0.002153773,,,
119268,,,,GJ 4102,,,19.333579,-82.564103,15.873,326.11,-1217.07,0,12.7,11.697,M3.5,,0.70374,-1.92993,-15.739513,-0.00000818,0.00009584,-0.00001215,5.061519146,-1.441015433,1.58103E-06,-5.9005E-06,,,Oct,1,119268,,0.001824736,,,
119478,,,,GJ 4262,,,22.187078,-2.544919,15.873,392.65,-76.32,0,12.14,11.137,k-m,1.56,14.104563,-7.246841,-0.704802,0.00001358,0.00002699,-0.00000587,5.808563345,-0.044417211,1.90362E-06,-3.70024E-07,,,Aqr,1,119478,,0.003056328,,,
119497,,,,GJ 1268,,,22.415465,52.006254,15.873,255.29,418.24,0,14.94,13.937,m+,1.81,8.942449,-3.937717,12.509162,-0.00001529,0.0000282,0.00001981,5.868355081,0.907680363,1.23768E-06,2.02768E-06,,,Lac,1,119497,,0.000231846,,,
119524,,,,GJ 4292,,,22.723031,22.138384,15.873,399.56,-18.84,0,15,13.997,m,,13.888832,-4.82413,5.981659,0.00001061,0.00002886,-0.00000134,5.948875587,0.386387697,1.93712E-06,-9.13486E-08,,,Peg,1,119524,,0.000219381,,,
119555,,,,GJ 4319,,,23.269065,6.742761,15.873,152.5,-234.83,0,13.14,12.137,k,1.63,15.475483,-2.998042,1.86368,0.00000432,0.00001112,-0.00001794,6.091826966,0.117683381,7.39341E-07,-1.13847E-06,,,Psc,1,119555,,0.001216746,,,
119580,,,,GJ 4355,,,23.647423,-7.691982,15.873,32.14,-38.3,0,13.26,12.257,DA,0.18,15.66321,-1.449902,-2.124561,-0.00000016,0.0000025,-0.00000292,6.190880932,-0.134250405,1.55819E-07,-1.85693E-07,,,Aqr,1,119580,,0.001089432,,,
119617,,,,GJ 3885,,,15.016944,20.557778,15.873,105.42,-396.21,0,12.1,11.1,M3,1.45,-10.4624396,-10.555678,5.573837,0,0,0,3.93142686,0.3588009,-1.9209E-06,5.11112E-07,,,Boo,1,119617,,0.003172,,,
82005,82256,,,Gl 637,,,16.806984,-72.976083,15.8806,-480.82,-531.34,-27,11.36,10.356,M,1.6,-1.428845,-4.424302,-15.184523,-0.00002072,0.00005629,0.00001443,4.4000582,-1.273672931,-2.33108E-06,-2.57601E-06,,,Aps,1,82005,,0.006274802,,11.44,11.25
435,436,55,,Gl 3,,,0.088278,-67.83259,15.8881,-117.19,-560.77,41,8.49,7.485,K5V,1.076,5.993342,0.138488,-14.714076,-0.00002396,-0.00000958,-0.00005513,0.0231111,-1.183902029,-5.68153E-07,-2.71869E-06,,,Tuc,1,435,,0.08830799,,,
56071,56238,,,Gl 430.1,,,11.528728,22.667136,15.8932,-583.38,31.11,-5.1,10.31,9.304,,1.439,-14.554072,1.804859,6.124854,0.00001122,0.0000439,0.0000002,3.018214038,0.395616158,-2.82831E-06,1.50826E-07,,,Leo,1,56071,,0.01653484,,,
77524,77760,142373,5914,Gl 602,1Chi Her,,15.877903,42.451518,15.8932,438.97,629.52,-56.4,4.6,3.594,F9V,0.563,-6.184702,-9.962833,10.727031,0.00006845,0.00004613,-0.00000314,4.156825256,0.740918761,2.12819E-06,3.052E-06,Chi,1,Her,1,77524,,3.179801428,,,
119325,,,,Gl 777B,,,20.05721,29.865055,15.8932,670.72,-522.14,-5,14.37,13.364,M4  :,1.67,7.069471,-11.83116,7.914034,0.00005237,0.0000131,-0.00003743,5.25096535,0.521243536,3.25174E-06,-2.53142E-06,,,Cyg,2,98454,Gl 777,0.000393007,,,
118502,,,,GJ 3463,,,7.864418,5.550087,15.9236,403.75,-402.35,0,14.75,13.74,m,1.82,-7.432398,13.998168,1.540066,-0.00002894,-0.00001196,-0.00003091,2.058899784,0.096867285,1.95744E-06,-1.95063E-06,,,CMi,1,118502,,0.000277971,,,
118877,,,,GJ 1169,,,13.276085,27.872232,15.9236,-712.04,201.49,-16,13.26,12.25,m,1.65,-13.297522,-4.615074,7.443924,0.0000025,0.00005905,0.0000061,3.475670987,0.486462221,-3.45207E-06,9.76837E-07,,,Com,1,118877,,0.001096478,,,
26016,26081,,,Gl 207.1,,,5.562443,1.945398,15.9363,-241.34,-156.61,22,11.53,10.518,M2.5Ve,1.576,1.82052,15.822925,0.540998,0.00002114,0.00002062,-0.00001133,1.456244181,0.033953604,-1.17005E-06,-7.59267E-07,,,Ori,1,26016,,0.005405054,V371,11.613,11.443
108060,108405,,,Gl 841A,,,21.961449,-51.006163,15.9719,-30.94,-373.28,-9,10.36,9.343,M0,1.51,8.652443,-5.112619,-12.413516,-0.00002554,0.00001231,-0.00001103,5.749493997,-0.890225476,-1.50001E-07,-1.80971E-06,,,Ind,1,108060,Gl 841,0.015951444,,10.413,10.293
44167,44295,77175,,GJ 1120A,,,9.021522,15.265768,15.9744,-126.16,-317.78,-12,8.67,7.653,M0V:p...,1.285,-10.95819,10.835398,4.205979,0.00001068,0.00000318,-0.00002697,2.361828925,0.266437911,-6.11641E-07,-1.54064E-06,,,Cnc,1,44167,GJ 1120,0.075648444,,,
54801,54963,,,Gl 421A,,,11.255435,-18.145799,15.9923,294.43,-717.2,5,10.02,9,K7V,1.34,-14.909199,2.943565,-4.980594,0.0000078,-0.00002481,-0.00005443,2.946666122,-0.316703944,1.42744E-06,-3.47708E-06,,,Crt,1,54801,Gl 421,0.021877616,,10.285,9.665
107306,107649,207129,8323,Gl 838,,,21.804363,-47.303615,15.9949,165.64,-295,-6.5,5.57,4.55,G2V,0.601,9.103246,-5.896903,-11.755527,-0.00001091,0.00002237,-0.00001063,5.708368786,-0.825603827,8.03045E-07,-1.4302E-06,,,Gru,1,107306,,1.318256739,,,
118394,,,,GJ 3366,,,5.785673,-5.204348,16,556.73,-574.5,0,14.54,13.519,m,1.78,0.893593,15.908964,-1.451331,-0.00004334,-0.0000016,-0.00004438,1.514685559,-0.090833014,2.6991E-06,-2.78526E-06,,,Ori,1,118394,,0.000340722,,,
119352,,,,GJ 1254,,,20.560671,61.751254,16,532.91,904.71,-29,12.52,11.499,m,1.52,4.705291,-5.932707,14.093111,-0.00001473,0.00008512,0.0000071,5.382770987,1.077762702,2.58362E-06,4.38616E-06,,,Cep,1,119352,,0.002189778,,,
12896,12929,17230,,Gl 112.1,,,2.771465,11.77524,16.0102,265.49,-210.1,11.3,8.59,7.568,K5,1.269,11.725605,10.400234,3.267271,-0.00000272,0.00002513,-0.0000136,0.725567862,0.205516707,1.28713E-06,-1.01859E-06,,,Ari,1,12896,,0.081808796,,,
34016,34104,,,Gl 263,,,7.071586,-10.508814,16.0231,-118.4,-817.34,-87,10.95,9.926,M5,1.535,-4.361774,15.137705,-2.922259,0.00003627,-0.00009264,-0.0000462,1.85133696,-0.183413402,-5.74019E-07,-3.96258E-06,,,Mon,1,34016,,0.009323951,,11.007,10.887
118017,,,,Gl 32B,,,0.763345,-41.909746,16.0231,237.34,-106.17,-22.6,9.06,8.036,K7 V,1.27,11.686146,2.367232,-10.702004,-0.00002592,0.00001356,0.0000093,0.19984316,-0.731463062,1.15066E-06,-5.14702E-07,,,Phe,2,3580,Gl  32,0.05316184,,,
118229,,,,GJ 3232,,,3.508396,20.09948,16.0256,153.95,-43.56,20.2,10.79,9.766,K7 V,1.39,9.135909,11.960551,5.507571,0.00000298,0.0000236,0.00000392,0.918495922,0.350802098,7.46371E-07,-2.11204E-07,,,Tau,1,118229,,0.010804384,,,
17397,17439,23484,,Gl 152,,,3.735872,-38.281772,16.0282,209.08,288.19,32,6.99,5.966,K1V,0.87,7.028771,10.43559,-9.930118,0.00000863,0.00004189,-0.0000027,0.978049029,-0.668142972,1.01365E-06,1.39718E-06,,,Eri,1,17397,,0.35776677,,,
48340,48477,,,Gl 372,,,9.886606,-3.690111,16.0436,-103.34,-460.01,0,10.53,9.503,M0,1.503,-13.621639,8.413195,-1.032567,0.00000618,0.00000563,-0.0000357,2.588307372,-0.064404587,-5.01006E-07,-2.23019E-06,,,Sex,1,48340,,0.013765754,,,
64938,65143,,,Gl 508.2,,,13.349442,34.278944,16.0436,486.05,-297.4,-23,10.62,9.593,M0,1.512,-12.438011,-4.586621,9.036,0.00001909,-0.00003325,-0.00003236,3.494875715,0.598280438,2.35644E-06,-1.44184E-06,,,CVn,1,64938,,0.012670682,,,
70313,70536,,,Gl 548B,,,14.429614,23.620474,16.0488,795.23,-1119.15,7.7,9.98,8.953,M2,1.452,-11.828627,-8.734969,6.430405,0.00000288,-0.00007478,-0.00007662,3.777664135,0.412255049,3.85538E-06,-5.42579E-06,,,Boo,2,70306,Gl 548,0.022845465,,,
110649,110996,213042,,Gl 862,,,22.48756,-30.018408,16.0617,221.82,-813,7.4,7.65,6.621,K4V,1.08,12.831293,-5.363897,-8.035352,-0.00001651,0.00002562,-0.0000586,5.887229505,-0.523920057,1.07541E-06,-3.94154E-06,,,PsA,1,110649,,0.195704134,,,
44120,44248,76943,3579,Gl 332A,,,9.010685,41.782911,16.0694,-487.67,-219.29,27.1,3.96,2.93,F5V,0.463,-8.496677,8.449391,10.707365,0.00000406,0.00004954,0.00000573,2.358991941,0.729249366,-2.36429E-06,-1.06315E-06,,,Lyn,1,44120,Gl 332,5.861381645,,,
111042,111391,,,,,,22.566801,-25.242427,16.0772,-122.39,-302.87,0,11.25,10.219,,1.494,13.530328,-5.329198,-6.856109,-0.00001286,-0.00000519,-0.00002135,5.907974582,-0.440563458,-5.93363E-07,-1.46836E-06,,,PsA,1,111042,,0.007118689,,11.329,11.169
119008,,,,Gl 579,,,15.12336,24.934573,16.0772,-870.36,492.42,-69.6,10.09,9.059,K7 V,1.41,-9.968438,-10.633576,6.776375,0.0000057,0.00010529,0.0000048,3.959286375,0.435190402,-4.21962E-06,2.38733E-06,,,Boo,1,119008,,0.020720489,,,
81848,82099,,,GJ 3972,,,16.770488,16.478015,16.0823,-344.3,-464.94,0,11.74,10.708,M:,2.4,-4.878777,-14.629722,4.561703,-0.00002872,-0.00000126,-0.00003476,4.390503538,0.287595622,-1.66921E-06,-2.25409E-06,,,Her,1,81848,,0.004537326,,11.855,11.655
119494,,,,Gl 856B,,,22.391345,32.458208,16.0823,234.03,-218.24,0,11.6,10.568,,,12.384308,-5.547349,8.631118,0.00001579,0.00001292,-0.00001436,5.862040529,0.566502601,1.13461E-06,-1.05805E-06,,,Peg,2,110180,Gl 856,0.005161786,,,
114049,114411,,,Gl 891,,,23.171027,-25.931319,16.0849,716.81,19.43,0,11.27,10.238,,1.566,14.126141,-3.114725,-7.033821,0.00001268,0.00005444,0.00000136,6.066160739,-0.452586891,3.47519E-06,9.41993E-08,,,Scl,1,114049,,0.006995198,,11.347,11.177
94444,94739,179930,,Gl 750A,,,19.278574,-45.889345,16.0979,215.69,-412.86,-36.8,9.38,8.346,K9V...,1.432,3.680929,-10.582772,-11.558006,-0.00000031,0.00005212,0.0000046,5.047118893,-0.800920163,1.04569E-06,-2.0016E-06,,,Tel,1,94444,Gl 750,0.039957656,,,
118908,,,,GJ 1174,,,13.66977,43.772575,16.1031,-1100.12,298.89,-42,12.76,11.725,M3,1.64,-10.533571,-4.920992,11.138601,0.00000634,0.00009777,-0.00001286,3.578737517,0.763975549,-5.33353E-06,1.44908E-06,,,CVn,1,118908,,0.001778279,,,
119248,,230017,,Gl 734A,,,18.915141,10.973126,16.1031,119.54,-10.46,-26.8,9.44,8.405,dM0,1.36,3.751056,-15.355827,3.064941,0.00000272,0.0000282,-0.00000602,4.951972344,0.191517182,5.79546E-07,-5.07018E-08,,,Aql,1,119248,Gl 734,0.037844258,,,
119249,,,,Gl 734B,,,18.915141,10.973126,16.1031,119.54,-10.46,0,12.3,11.265,,,3.751375,-15.357134,3.065202,0.0000091,0.00000206,-0.0000008,4.951972344,0.191517182,5.79546E-07,-5.07018E-08,,,Aql,2,119248,Gl 734,0.002716439,,,
17653,17695,,,,,,3.789818,-1.972202,16.129,186.74,-271.77,0,11.59,10.552,,1.511,8.815285,13.495454,-0.555074,-0.00001262,0.00000737,-0.00002124,0.992172044,-0.034421419,9.05341E-07,-1.31758E-06,,,Eri,1,17653,,0.005238416,,11.692,11.492
118002,,,,GJ 2010,,,0.623595,-20.896011,16.129,-233.96,-203.38,0,14.53,13.492,DA7,0.45,14.867836,2.449012,-5.752778,-0.00000262,-0.00001897,-0.00001486,0.163256782,-0.364704184,-1.13427E-06,-9.86004E-07,,,Cet,1,118002,,0.000349301,,,
118052,,,,GJ 1033,,,1.223676,-22.9015,16.129,89.94,3.14,0,14.16,13.122,,1.58,14.101712,4.678785,-6.276568,-0.00000212,0.0000067,0.00000023,0.320357662,-0.399706576,4.36041E-07,1.52231E-08,,,Cet,1,118052,,0.000491134,,,
118176,,,,GJ 3183,,,2.863772,29.488897,16.129,-73.21,-164.44,0,13.96,12.922,m,,10.275121,9.56711,7.939579,0.00000853,0.00000012,-0.00001119,0.749733865,0.514678341,-3.54932E-07,-7.97218E-07,,,Ari,1,118176,,0.000590473,,,
118219,,,,GJ 3223,,,3.419638,-1.818863,16.129,251.09,-864.26,0,16.12,15.082,DZ9,0.8,10.08065,12.580265,-0.511931,-0.00001665,0.00001061,-0.00006754,0.895259197,-0.031745148,1.21732E-06,-4.19007E-06,,,Eri,1,118219,,8.07607E-05,,,
118490,,,,GJ 3455,,,7.602564,-51.913906,16.129,400.2,460.37,0,12.45,11.412,m,,-4.053308,9.085985,-12.69489,-0.00004012,0.00001313,0.0000222,1.99034661,-0.90606858,1.94022E-06,2.23195E-06,,,Car,1,118490,,0.002372466,,,
118584,,,,GJ 1118,,,8.984767,-31.220976,16.129,687.09,-726.57,50,13.8,12.762,k-m,1.64,-9.716045,9.793298,-8.361633,-0.00004821,-0.00002768,-0.00007509,2.352206583,-0.544908833,3.33111E-06,-3.52253E-06,,,Pyx,1,118584,,0.000684227,,,
118605,,,,GJ 3540,,,9.200896,27.907734,16.129,-193.7,-439.18,0,12.29,11.252,m,1.56,-10.594398,9.534857,7.549164,-0.00000182,0.00002201,-0.00003034,2.408789004,0.487081847,-9.39084E-07,-2.1292E-06,,,Cnc,1,118605,,0.00274916,,,
118655,,,,GJ 3573,,,9.940805,22.650833,16.129,-458.53,-265.8,0,14.2,13.162,m,,-12.773795,7.641466,6.211508,0.00001153,0.00003488,-0.00001918,2.602496536,0.395331614,-2.22302E-06,-1.28863E-06,,,Leo,1,118655,,0.000473369,,,
118795,,,,GJ 3702,,,12.066222,-33.024043,16.129,-756.63,71.52,0,14,12.962,M4.5,,-13.521206,-0.233962,-8.790159,-0.00000408,0.0000591,0.00000469,3.158929567,-0.576378277,-3.66825E-06,3.46748E-07,,,Hya,1,118795,,0.000569115,,,
118832,,,,GJ 1161B,,,12.59377,-34.904828,16.129,-208.01,-71.62,0,11.91,10.872,,1.6,-13.067981,-2.047772,-9.229255,0.00000065,0.00001656,-0.00000459,3.297041157,-0.609204174,-1.00846E-06,-3.47243E-07,,,Cen,2,61258,GJ 1161,0.003901216,,,
118867,,,,GJ 3764,,,13.155285,-40.151517,16.129,726.07,-942.82,0,12.86,11.822,M3.5,1.6,-11.768287,-3.672709,-10.400159,0.00006227,-0.00004005,-0.00005636,3.444045478,-0.700776172,3.52009E-06,-4.57094E-06,,,Cen,1,118867,,0.001626298,,,
118930,,,,GJ 3813,,,13.876868,14.418929,16.129,48.49,-306.18,0,11.63,10.592,M2,1.5,-13.772845,-7.370406,4.01628,-0.00000347,-0.00000616,-0.00002319,3.63295543,0.25165778,2.35086E-07,-1.48442E-06,,,Boo,1,118930,,0.005048938,,,
119000,,,,GJ 3884,,,15.019706,7.162501,16.129,-491.79,-90.26,0,12.73,11.692,M3.5,1.49,-11.257409,-11.374144,2.011027,-0.00002795,0.00002642,-0.000007,3.932149755,0.125009234,-2.38427E-06,-4.37588E-07,,,Vir,1,119000,,0.001833158,,,
119025,,,,GJ 3910,,,15.531768,28.851056,16.129,-568.08,46.7,0,14.3,13.262,m,,-8.506697,-11.27869,7.782797,-0.00003441,0.00002815,0.0000032,4.066207346,0.503545923,-2.75413E-06,2.26427E-07,,,CrB,1,119025,,0.000431718,,,
119072,,,,GJ 3945,,,16.239315,-28.508955,16.129,-365.76,-369.62,0,12.96,11.922,M3.5,,-6.304351,-12.693929,-7.698309,-0.00001948,0.00002507,-0.0000254,4.251442779,-0.497575126,-1.77325E-06,-1.79194E-06,,,Sco,1,119072,,0.001483201,,,
119211,,,,GJ 1226,,,18.349223,-1.054264,16.129,-505.36,-954.47,50,12.71,11.672,M3.5,1.66,1.472545,-16.061465,-0.29681,-0.0000348,-0.00005318,-0.00007555,4.803815247,-0.018400385,-2.45005E-06,-4.62738E-06,,,Ser,1,119211,,0.001867239,,,
119417,,,,GJ 4198,,,21.513556,-40.723635,16.129,1024.18,-1394.26,0,13.19,12.152,M3,1.62,9.724578,-7.406028,-10.522738,-0.00000801,0.00010679,-0.00008264,5.632235872,-0.710761512,4.96536E-06,-6.75954E-06,,,Gru,1,119417,,0.001200052,,,
119504,,,,GJ 1269B,,,22.468788,12.248353,16.129,199.88,-6.98,0,10.1,9.062,,,14.512292,-6.150574,3.421761,0.00000621,0.00001434,-0.00000053,5.882314953,0.21377409,9.69046E-07,-3.38351E-08,,,Peg,2,110554,GJ 1269,0.020663315,,,
119156,,,,Gl 676B,,,17.504494,-51.636093,16.1342,-251.15,-145,0,13.31,12.271,m,1.51,-1.295745,-9.929569,-12.650578,-0.00001833,0.00001136,-0.00000704,4.582665797,-0.901219838,-1.21761E-06,-7.0298E-07,,,Ara,2,85387,Gl 676,0.001075474,,,
65150,65355,116443,,GJ 3782B,,,13.394679,2.725278,16.1421,4.58,202.86,0,7.35,6.31,G5,0.869,-15.060939,-5.757294,0.767511,0.00000083,-0.00000007,0.00001586,3.506718755,0.047565082,2.22045E-08,9.83493E-07,,,Vir,2,65150,GJ 3782,0.260615355,,,
118279,,,,Gl 165A,,,4.219686,50.529608,16.1551,-400.24,-205.69,0,13.67,12.628,M3.5,1.75,4.61553,9.173809,12.470981,0.00003359,-0.00000297,-0.00001024,1.104711175,0.881908026,-1.94042E-06,-9.97233E-07,,,Per,1,118279,Gl 165,0.000774105,,,
61098,61291,109200,,Gl 472,,,12.558873,-68.755807,16.176,-545.37,-311.73,0.3,7.13,6.086,K0V,0.836,-5.79868,-0.854286,-15.076756,0.00001619,0.00004561,-0.00000914,3.287905316,-1.200015208,-2.64403E-06,-1.51131E-06,,,Mus,1,61098,,0.32033176,,,
118968,,,,GJ 1183A,,,14.465396,-0.376271,16.1812,-399.49,92.23,0,13.95,12.905,m,1.65,-12.925841,-9.733579,-0.106264,-0.00001889,0.000025,0.00000723,3.787031719,-0.006567163,-1.93678E-06,4.47139E-07,,,Vir,1,118968,GJ 1183,0.000599791,,,
118969,,,,GJ 1183B,,,14.465673,-0.374592,16.1812,-399.49,92.23,0,14.03,12.985,m,1.68,-12.925137,-9.73452,-0.10579,-0.00001889,0.000025,0.00000723,3.787104358,-0.006537865,-1.93678E-06,4.47139E-07,,,Vir,2,118968,GJ 1183,0.000557186,,,
52190,52341,,,GJ 1136A,,,10.697736,-36.633372,16.1838,-90.04,68.08,0,10.19,9.145,K7V,1.46,-12.239524,4.342422,-9.65675,-0.00000064,0.00000772,0.00000429,2.800660739,-0.639372953,-4.36526E-07,3.30061E-07,,,Ant,1,52190,GJ 1136,0.019142559,,10.355,10.095
108407,108752,,,Gl 844,,,22.030288,16.467452,16.1838,392.28,154,-14.8,10.65,9.605,M2,1.498,13.501678,-7.653087,4.587594,-0.00000043,0.00003562,0.0000073,5.767515837,0.287411258,1.90183E-06,7.46613E-07,,,Peg,1,108407,,0.012531412,,10.692,10.562
118516,,,,Gl 294B,,,7.96492,-60.297827,16.1917,508.26,109.89,0,9.88,8.834,k,1.34,-3.948324,6.984045,-14.064317,-0.00003842,-0.0000131,0.00000427,2.08521121,-1.052395612,2.46411E-06,5.32752E-07,,,Car,2,38795,Gl 294,0.025491771,,,
118517,,,,Gl 294C,,,7.96492,-60.297827,16.1917,508.26,109.89,0,13.5,12.454,,,-3.948324,6.984045,-14.064317,-0.00003842,-0.0000131,0.00000427,2.08521121,-1.052395612,2.46411E-06,5.32752E-07,,,Car,3,38795,Gl 294,0.000908657,,,
92163,92451,,,GJ 4079,,,18.840718,-62.051034,16.1943,90.39,59.71,0,10.74,9.693,M3,1.48,1.657138,-7.406914,-14.305485,0.00000783,-0.00000249,0.0000022,4.932488475,-1.082994843,4.38223E-07,2.89482E-07,,,Pav,1,92163,,0.0115558,,10.818,10.678
115638,116003,,,GJ 1284,,,23.503729,-20.39097,16.2022,314.51,-208.13,0,11.09,10.042,M2Ve,1.5,15.058924,-1.967576,-5.64524,-0.00000245,0.00002523,-0.00001532,6.153261953,-0.355889562,1.52479E-06,-1.00904E-06,,,Aqr,1,115638,,0.008379151,,11.179,11.029
38795,38908,65907,3138,Gl 294A,,,7.962946,-60.303072,16.2048,518.38,118.86,14.1,5.59,4.542,G2V...,0.573,-3.946583,6.991075,-14.07654,-0.00004296,-0.00000673,-0.0000079,2.084694483,-1.05248715,2.51318E-06,5.7625E-07,,,Car,1,38795,Gl 294,1.328005886,,,
5993,6005,,,GJ 1036,,,1.28761,-35.715901,16.2127,90.94,-175.85,0,11.31,10.261,,1.51,12.422589,4.353786,-9.464432,-0.00000998,0.00000408,-0.00001122,0.337095503,-0.623360071,4.4089E-07,-8.52545E-07,,,Scl,1,5993,,0.006848572,,11.443,11.113
47845,47981,,,Gl 366,,,9.780091,76.043924,16.2127,88.25,-997.27,-27.8,10.64,9.591,M2,1.382,-3.268155,2.146611,15.733874,-0.00006166,0.0000322,-0.00004649,2.560421773,1.327216859,4.27848E-07,-4.8349E-06,,,Dra,1,47845,,0.012694044,,10.69,10.56
105001,105341,203040,,Gl 826.1,,,21.337174,-19.852286,16.2206,-173.35,-721.75,15.6,9.09,8.04,K5V,1.34,11.697208,-9.795105,-5.508505,-0.00001202,-0.00000771,-0.0000588,5.586059165,-0.346487754,-8.40425E-07,-3.49914E-06,,,Cap,1,105001,,0.052966344,,,
50809,50954,90589,4102,Gl 391,,,10.406592,-74.031612,16.2232,-16.12,-27.63,-4.7,3.99,2.939,F2IV,0.369,-4.080371,1.808276,-15.597165,0.00000363,-0.00000022,0.00000402,2.724439403,-1.292095376,-7.8152E-08,-1.33954E-07,,,Car,1,50809,,5.812995677,,,
119456,,,,Gl 841B,,,21.947793,-51.008261,16.2259,-61.01,-385.2,0,14.68,13.629,DQ7,0.16,8.771023,-5.225178,-12.611365,-0.00002269,0.00000793,-0.00001907,5.745918751,-0.890262101,-2.95785E-07,-1.86749E-06,,,Ind,2,108060,Gl 841,0.000307893,,,
4918,4927,,,GJ 1026A,,,1.053925,20.097844,16.2285,671.78,44.46,0,11.36,10.309,M,1.59,14.663841,4.151931,5.576508,-0.00001555,0.00005052,0.00000328,0.275916925,0.350773548,3.25688E-06,2.15548E-07,,,Psc,1,4918,GJ 1026,0.006552394,,11.428,11.288
117992,,,,GJ 1013,,,0.526611,-5.870007,16.2338,316.87,-1042.93,0,12.75,11.698,m,1.64,15.99545,2.21932,-1.660261,-0.00001172,0.00002355,-0.00008165,0.137866422,-0.102450957,1.53623E-06,-5.05625E-06,,,Cet,1,117992,,0.001823056,,,
46356,46488,,,Gl 347A,,,9.481479,-7.371051,16.239,-165.77,-711.79,8.5,12.1,11.047,M5,1.512,-12.729171,9.865865,-2.083385,0.00000686,0.00001119,-0.00005669,2.482245475,-0.128649113,-8.03676E-07,-3.45086E-06,,,Hya,1,46356,Gl 347,0.003320473,,12.236,11.976
18727,18774,24451,,Gl 156.2,,,4.021947,76.15937,16.2496,332.05,-547.5,20,8.2,7.146,K4V,1.132,1.924127,3.377703,15.777964,0.00000043,0.00005358,0.00000954,1.052943139,1.329231759,1.60982E-06,-2.65435E-06,,,Cam,1,18727,,0.120670191,,,
119527,,,,Gl 872B,,,22.778283,12.173283,16.2496,223.99,-480.34,-7.2,11.7,10.646,M1,,15.0783,-4.994172,3.426459,0.00000629,0.0000165,-0.00003854,5.963340475,0.212463868,1.08593E-06,-2.32877E-06,,,Peg,2,112090,Gl 872,0.004803967,,,
119194,,,,Gl 699.1,,,17.840285,82.776822,16.2602,-1381.54,3302.69,-154,14.3,13.244,DA7,0.35,-0.090176,-2.041492,16.123351,-0.00009727,0.00028245,-0.00012329,4.670575741,1.444728086,-6.69789E-06,1.60119E-05,,,Dra,1,119194,,0.000438935,,,
118678,,,,GJ 1133,,,10.385732,63.460601,16.2866,187.56,194.22,0,14.71,13.651,DA7,0.38,-6.636996,2.984289,14.570438,0.00000644,-0.00001913,0.00000685,2.718978237,1.107596434,9.09317E-07,9.4161E-07,,,UMa,1,118678,,0.000301717,,,
118718,,,,Gl 405,,,10.931616,56.035177,16.2866,-525.95,122.39,0,12.72,11.661,M1.5,1.53,-8.745196,2.512854,13.507792,0.00001916,0.0000377,0.0000054,2.861890283,0.97799833,-2.54988E-06,5.93368E-07,,,UMa,1,118718,,0.001886253,,,
48951,49091,,,Gl 377,,,10.019679,-30.390144,16.2893,-1098.13,646.19,60,11.43,10.37,M4,1.485,-12.205047,6.963117,-8.240791,-0.00002543,0.00011434,0.00001297,2.623145705,-0.530408068,-5.32388E-06,3.13282E-06,,,Ant,1,48951,,0.006194411,,11.509,11.329
112090,112447,215648,8665,Gl 872A,46Xi  Peg,,22.778216,12.172888,16.2973,233.06,-492.04,-6,4.2,3.139,F7V,0.502,15.122785,-5.009216,3.436474,0.00000788,0.00001679,-0.00003929,5.963322985,0.212456972,1.12991E-06,-2.38548E-06,Xi,46,Peg,1,112090,Gl 872,4.835039206,,,
1294,1295,,,GJ 1006A,,,0.270724,19.860459,16.3079,721.27,-753.06,0,11.79,10.728,M:,1.485,15.299442,1.086202,5.540292,0.00001614,0.00005831,-0.00005599,0.070875367,0.346630404,3.49682E-06,-3.65094E-06,,,Psc,1,1294,GJ 1006,0.004454511,EZ,11.919,11.639
23093,23147,,,Gl 181,,,4.980705,49.849285,16.3106,111.58,-113.85,-33.9,9.8,8.738,M2,1.413,2.773224,10.14466,12.466791,-0.00001259,-0.0000126,-0.0000323,1.303945546,0.87003416,5.40955E-07,-5.5196E-07,,,Aur,1,23093,,0.027848384,,,
118953,,,,GJ 3836,,,14.2548,45.01564,16.3132,-696.25,-250.67,0,11.6,10.537,M2.5,,-9.580919,-6.418224,11.538322,-0.0000423,0.00003793,-0.00001401,3.731897925,0.785671125,-3.37552E-06,-1.21526E-06,,,Boo,1,118953,,0.00531129,,,
107362,107705,,,GJ 1264,,,21.818179,-72.102491,16.3159,300.77,-291.1,0,9.53,8.467,M2Ve,1.42,4.218226,-2.710722,-15.526337,-0.00000557,0.00003186,-0.00000708,5.71198603,-1.258425875,1.45817E-06,-1.41129E-06,,,Ind,1,107362,,0.035743741,AY,9.58,9.49
1459,1463,,,Gl 16,,,0.304608,10.202782,16.3372,-0.65,-32.3,0,10.88,9.814,M0,1.479,16.027761,1.280869,2.89385,0.00000046,-0.00000002,-0.00000252,0.079746172,0.178072146,-3.15129E-09,-1.56595E-07,,,Psc,1,1459,,0.010337131,,10.944,10.814
27045,27111,,,,,,5.749108,9.242081,16.3372,38.91,-703.76,-5.7,11.35,10.284,F8:,0.699,1.058387,16.090298,2.623846,-0.00000286,0.00000339,-0.00005595,1.505112946,0.161304736,1.88641E-07,-3.41192E-06,,,Ori,1,27045,,0.006705019,,11.398,11.278
52146,52296,,,GJ 1135,,,10.685917,-36.895438,16.3372,167.03,-193.6,0,9.97,8.904,M0V,1.464,-12.299822,4.406673,-9.808145,0.0000042,-0.00001556,-0.00001226,2.797566569,-0.643946875,8.09784E-07,-9.38599E-07,,,Ant,1,52146,,0.023900116,,,
118087,,,,Gl 73,,,1.749345,16.345424,16.3399,-699.35,-408.67,0,14.11,13.044,M3,1.67,14.063738,6.932347,4.598498,0.00003267,-0.00004565,-0.00003106,0.457977553,0.285281468,-3.39054E-06,-1.98127E-06,,,Psc,1,118087,,0.000527716,,,
119054,,,,Gl 607,,,16.028823,30.179116,16.3399,-322.18,136.75,10.1,12.51,11.444,M3,1.56,-6.970442,-12.285995,8.214407,-0.00002392,0.00000956,0.00001456,4.196336177,0.526724932,-1.56197E-06,6.63007E-07,,,CrB,1,119054,,0.002303563,,,
85407,85667,158614,6516,Gl 678A,,,17.50661,-1.062922,16.3425,-126.64,-172,-77.3,5.31,4.243,G8IV-V,0.715,-2.10463,-16.202881,-0.303147,0.00000026,0.00007993,-0.00001216,4.583219898,-0.018551482,-6.13968E-07,-8.3388E-07,,,Oph,1,85407,Gl 678,1.74904104,,,
105591,105932,,,Gl 828.2,,,21.454682,-6.844282,16.3452,24.98,-403.33,0,11.09,10.023,M0,1.5,12.756994,-10.031474,-1.94788,-0.00000177,0.00000391,-0.00003173,5.616822551,-0.11945526,1.21106E-07,-1.9554E-06,,,Aqr,1,105591,,0.008527073,,11.141,11.021
90727,91009,234677,,Gl 719,,,18.565474,51.71914,16.3532,186.62,-324.89,-24.5,8.2,7.132,K7Vvar,1.265,1.494369,-10.020127,12.836818,0.00001533,-0.00000246,-0.00003563,4.860429685,0.902669283,9.04759E-07,-1.57511E-06,,,Dra,1,90727,,0.122236245,BY,8.284,8.064
91325,91608,,,Gl 724,,,18.682586,-13.379605,16.3532,-91.74,-669.7,0,10.63,9.562,M,1.505,2.827902,-15.655999,-3.784157,-0.00000934,0.0000108,-0.00005165,4.891089672,-0.233518166,-4.44768E-07,-3.2468E-06,,,Sct,1,91325,,0.01303767,,10.7,10.56
70306,70529,,,Gl 548A,,,14.428732,23.617083,16.3639,794.49,-1115.53,8.6,9.77,8.701,M1,1.419,-12.063243,-8.903918,6.555773,0.00000241,-0.00007655,-0.00007755,3.777433091,0.412195853,3.8518E-06,-5.40824E-06,,,Boo,1,70306,Gl 548,0.028813764,,,
117985,,,,GJ 1011,,,0.391006,24.303852,16.3666,-220.74,117.37,0,14.27,13.2,k-m,1.59,14.838046,1.524148,6.736094,-0.00000202,-0.00001781,0.00000849,0.102365152,0.424182239,-1.07018E-06,5.69011E-07,,,And,1,117985,,0.000457088,,,
99120,99438,,,GJ 2147,,,20.182466,-30.218511,16.3693,-345.6,-250.49,0,12.18,11.11,,0.07,7.649307,-11.898178,-8.238654,-0.00002848,-0.00000642,-0.00001718,5.283757194,-0.527412508,-1.67552E-06,-1.21441E-06,,,Sgr,1,99120,,0.003133286,,12.287,12.057
104700,105038,202575,,Gl 824,,,21.275685,9.393825,16.3881,146.48,-119.11,-18.3,7.88,6.807,K2,1.02,12.227284,-10.578434,2.674834,-0.00000518,0.00001987,-0.00001239,5.569961316,0.163953184,7.10155E-07,-5.77462E-07,,,Equ,1,104700,,0.164892157,,,
28371,28442,40887,,Gl 225.2A,,,6.00544,-31.028713,16.3934,-378.63,1015.19,101.7,7.85,6.777,K3/K4V,1.137,-0.019968,14.048419,-8.450735,0.0000299,0.00013076,0.00001551,1.572220395,-0.541553203,-1.83565E-06,4.92178E-06,,,Col,1,28371,Gl 225.2,0.169511825,,,
117967,,,,GJ 3015B,,,0.228064,80.665318,16.3934,240.42,162.16,0,17.4,16.327,m,,2.654243,0.159466,16.176313,-0.00001383,0.00001831,0.00000209,0.059706918,1.407875394,1.16559E-06,7.86198E-07,,,Cep,2,117967,GJ 3015,2.56567E-05,,,
118082,,,,GJ 3105,,,1.671154,31.791864,16.3934,479.96,-5.86,0,13.91,12.837,m,,12.621315,5.903795,8.636618,-0.00001593,0.00003466,-0.0000004,0.437507186,0.554872696,2.32691E-06,-2.84295E-08,,,Tri,1,118082,,0.000638557,,,
118171,,,,GJ 3180,,,2.770639,-4.987347,16.3934,1682.94,-1875.66,0,15.86,14.787,m,1.5,12.220171,10.834203,-1.425172,-0.00009833,0.00009156,-0.0001485,0.725351539,-0.087045619,8.15912E-06,-9.09348E-06,,,Eri,1,118171,,0.000105974,,,
118245,,,,GJ 3243,,,3.636712,-68.949683,16.3934,325.9,503.77,0,11.95,10.877,m,,3.41444,4.797266,-15.299392,0.00000058,0.00004546,0.00001438,0.952088984,-1.20339899,1.58001E-06,2.44235E-06,,,Hyi,1,118245,,0.003883292,,,
118647,,,,GJ 3566,,,9.769218,-4.428289,16.3934,-514.72,163.28,0,14.15,13.077,m,,-13.635435,9.012012,-1.265756,0.00002171,0.00003468,0.00001294,2.557575288,-0.077288221,-2.49543E-06,7.91599E-07,,,Sex,1,118647,,0.000511918,,,
118859,,,,GJ 3758,,,13.001154,-5.630631,16.3934,-316.06,50.06,0,12.54,11.467,M3.5,1.56,-15.757132,-4.227206,-1.608437,-0.00000689,0.00002416,0.00000396,3.403694064,-0.098273047,-1.5323E-06,2.42693E-07,,,Vir,1,118859,,0.002255278,,,
118924,,,,GJ 3808,,,13.813441,4.100193,16.3934,3.14,-179.97,0,14.34,13.267,m,,-14.54303,-7.474619,1.172142,-0.0000008,-0.00000069,-0.00001427,3.616350299,0.071561875,1.52231E-08,-8.72529E-07,,,Vir,1,118924,,0.000429734,,,
118974,,,,Gl 552.1,,,14.516094,-54.102901,16.3934,-192.58,-255.56,0,11.63,10.557,k-m,1.51,-7.601156,-5.883222,-13.279823,0.00000364,0.00002217,-0.00001191,3.800304576,-0.94427376,-9.33654E-07,-1.239E-06,,,Lup,1,118974,,0.005214348,,,
118990,,,,GJ 3871,,,14.874548,12.391729,16.3934,-55.64,-223.17,0,11.61,10.537,k,1.52,-11.687509,-10.943941,3.517931,-0.0000058,0.00000063,-0.00001732,3.894147452,0.216276475,-2.6975E-07,-1.08195E-06,,,Boo,1,118990,,0.00531129,,,
119049,,,,GJ 3929,,,15.971988,35.406426,16.3934,-158.9,311.85,0,12.69,11.617,M6  :,1.59,-6.765607,-11.522165,9.497887,-0.00000362,0.00001877,0.0000202,4.181456605,0.617958715,-7.70369E-07,1.5119E-06,,,CrB,1,119049,,0.001964265,,,
118980,,,,Gl 560B,,,14.708161,-64.976078,16.4015,-185.11,-236.08,7,8.47,7.396,K5 V,1.15,-5.266282,-4.516764,-14.862237,0.00000103,0.00002027,-0.00001443,3.850587478,-1.134046495,-8.97439E-07,-1.14455E-06,,,Cir,2,71682,Gl 560,0.09585174,,,
35723,35821,,,Gl 272,,,7.38748,46.087408,16.4096,-117.05,-239.55,-30.3,10.56,9.485,M2,1.442,-4.043664,10.638265,11.821259,0.00001146,-0.00000395,-0.00003554,1.934037771,0.804377017,-5.67474E-07,-1.16137E-06,,,Lyn,1,35723,,0.013995873,,10.614,10.514
118586,,,,Gl 332B,,,9.010887,41.78362,16.4312,-433.88,-248.49,0,6.18,5.102,G5 V,0.65,-8.687958,8.639195,10.948426,0.00001501,0.00003381,-0.00001476,2.359044651,0.729261746,-2.10351E-06,-1.20469E-06,,,Lyn,2,44120,Gl 332,0.792866375,,,
80026,80268,,,Gl 620,,,16.385462,-24.709784,16.4393,-346.54,-676.58,0,10.23,9.151,M2,1.458,-6.126134,-13.61972,-6.871993,-0.00001594,0.00003188,-0.00004898,4.289703809,-0.431267093,-1.68007E-06,-3.28015E-06,,,Sco,1,80026,,0.019037065,,,
52035,52186,,,Gl 399,,,10.661269,-6.923758,16.4474,-715.86,-107.83,0,11.28,10.2,M,1.503,-15.334882,5.605998,-1.982709,0.00002057,0.00005325,-0.00000853,2.791113687,-0.120842374,-3.47059E-06,-5.22775E-07,,,Sex,1,52035,,0.00724436,,11.378,11.178
118622,,,,GJ 3553,,,9.349583,3.369156,16.4474,338.17,-1120.06,0,13.33,12.25,m,1.6,-12.622449,10.500307,0.966598,-0.0000213,-0.00001735,-0.00008915,2.447715164,0.058802871,1.63949E-06,-5.43022E-06,,,Hya,1,118622,,0.001096478,,,
119159,,,,Gl 678B,,,17.50651,-1.064706,16.4474,-118.34,-173.48,-73.8,6.2,5.12,G8 IV-V,,-2.118168,-16.303767,-0.305548,0.0000004,0.00007631,-0.00001243,4.58319368,-0.018582618,-5.73729E-07,-8.41055E-07,,,Oph,2,85407,Gl 678,0.779830111,,,
85387,85647,,,Gl 676A,,,17.503138,-51.636977,16.4501,-259.23,-185.69,-27.2,9.58,8.499,M0,1.46,-1.324356,-10.123209,-12.898237,-0.00001675,0.00003131,0.00001262,4.582310793,-0.901235256,-1.25678E-06,-9.00251E-07,,,Ara,1,85387,Gl 676,0.034705635,,,
31223,31300,,,Gl 238,,,6.563941,-58.528459,16.4555,-400,795.86,-16,11.62,10.538,M,1.5,-1.263627,8.49749,-14.034767,0.00002485,0.0000498,0.0000471,1.71843586,-1.021514313,-1.93925E-06,3.85844E-06,,,Pic,1,31223,,0.0053064,,11.7,11.51
2114,2120,,,Gl 21,,,0.448016,70.142417,16.4772,-135.47,-148.03,0,10.52,9.436,M0,1.459,5.558583,0.654911,15.497463,0.00001231,-0.00000945,-0.00000402,0.117290392,1.224216121,-6.56777E-07,-7.1767E-07,,,Cep,1,2114,,0.014641986,,10.586,10.476
39874,39987,,,Gl 298,,,8.16618,-52.968172,16.4799,-516.02,669.19,85,11.74,10.655,M,1.523,-5.331844,8.371938,-13.156529,-0.00001628,0.0001023,-0.0000372,2.137901012,-0.924469004,-2.50174E-06,3.24432E-06,,,Car,1,39874,,0.00476431,,11.845,11.625
71169,71395,128311,,GJ 3860,,,14.600155,9.746518,16.5017,205.46,-249.68,-15,7.48,6.392,K0,0.973,-12.638609,-10.235397,2.793544,0.00001947,-0.00000539,-0.00002228,3.822311707,0.170108835,9.96098E-07,-1.21048E-06,,,Boo,1,71169,,0.241657345,HN,7.497,7.457
38273,38382,64096,3064,Gl 291A,9    Pup,,7.862862,-13.898029,16.5044,-68.46,-344.83,-21.5,5.16,4.072,G2V,0.6,-7.50733,14.153226,-3.964222,0.00001795,-0.00002214,-0.0000215,2.058492499,-0.242566359,-3.31903E-07,-1.67178E-06,,9,Pup,1,38273,Gl 291,2.047387276,,,
33977,34065,53705,2667,Gl 264.1A,,,7.065928,-43.608039,16.5153,-102.7,388.95,86.4,5.56,4.471,G3V...,0.624,-3.294071,11.496254,-11.391485,-0.00001564,0.00008442,-0.0000384,1.849855595,-0.761103852,-4.97904E-07,1.88568E-06,,,Pup,1,33977,Gl 264.1,1.417751123,,5.607,5.447
15328,15366,275122,,Gl 134,,,3.302058,38.252072,16.5289,443.77,-570.41,-3.7,10.29,9.199,M1,1.449,8.424485,9.874675,10.23339,-0.00001061,0.00004235,-0.00003823,0.864476708,0.667624595,2.15146E-06,-2.76543E-06,,,Per,1,15328,,0.018213776,,,
43411,43534,,,Gl 322,,,8.86674,66.131492,16.5399,91.83,97.56,-20.9,9.26,8.167,K5,1.319,-4.564474,4.894553,15.125179,0.00000539,-0.00001658,-0.00001638,2.321307174,1.154212276,4.45204E-07,4.72984E-07,,,UMa,1,43411,,0.047119427,,,
118834,,,,GJ 2095,,,12.646129,-49.818389,16.5563,-555.39,-128.22,-12,13.96,12.865,DA6,0.18,-10.529608,-1.797532,-12.648596,0.00000805,0.0000466,0.00000274,3.310748868,-0.869494913,-2.69261E-06,-6.21638E-07,,,Cen,1,118834,,0.0006223,,,
119061,,,,GJ 3937,,,16.072137,-6.280874,16.5563,-59.29,-847.93,0,15.51,14.415,dM4.5-5,1.89,-7.957852,-14.40496,-1.8113,-0.00000057,0.00000881,-0.00006765,4.207675679,-0.109621933,-2.87446E-07,-4.11088E-06,,,Oph,1,119061,,0.000149279,,,
5799,5812,,,GJ 3082,,,1.242821,-53.942114,16.5618,104.27,310.9,0,11.16,10.064,M4,1.637,9.236835,3.116166,-13.388935,0.00001644,0.00001438,0.00001469,0.325369738,-0.941467498,5.05515E-07,1.50729E-06,,,Phe,1,5799,,0.008211075,,11.226,11.086
8674,8691,,,Gl 78,,,1.863522,-10.803466,16.5673,568.32,-537.78,0,11.8,10.704,M4,1.475,14.375069,7.628197,-3.105387,-0.00002854,0.00003653,-0.00004243,0.487869017,-0.18855606,2.75529E-06,-2.60723E-06,,,Cet,1,8674,,0.004554073,,11.908,11.708
71682,71908,128898,5463,Gl 560A,Alp Cir,Xami,14.708492,-64.975138,16.57,-192.64,-234.07,7.2,3.18,2.083,F1Vp,0.256,-5.319852,-4.563974,-15.014538,0.00000049,0.00002081,-0.00001463,3.850674302,-1.134030097,-9.33945E-07,-1.1348E-06,Alp,,Cir,1,71682,Gl 560,12.78792263,Alp,3.184,3.174
118143,,,,Gl 98B,,,2.462785,4.432258,16.6058,140.52,206.77,0,9.5,8.399,K7 V,,13.232437,9.950292,1.283302,-0.00000783,0.00000827,0.0000166,0.64475557,0.077357495,6.8126E-07,1.00245E-06,,,Cet,2,11425,Gl  98,0.038053973,,,
117016,117383,,,Gl 907,,,23.800818,49.015918,16.6113,626.93,69.67,27,12.06,10.958,M1,1.63,10.879867,-0.5677,12.539917,0.00001649,0.00004969,0.00002452,6.231039711,0.855489151,3.03944E-06,3.3777E-07,,,Cas,1,117016,,0.003604126,,12.174,11.944
119289,,,,Gl 762,,,19.578688,-62.846406,16.6113,-362.08,-344.81,0,12.17,11.068,m+,1.48,3.044066,-6.943022,-14.780507,-0.00003663,0.00001091,-0.00001267,5.12568861,-1.096876703,-1.75541E-06,-1.67168E-06,,,Pav,1,119289,,0.003256867,,,
32683,32769,48948,,Gl 247,,,6.832465,60.335543,16.6279,251.88,410.14,-52.9,8.59,7.486,M0p,1.209,-1.779394,8.03456,14.448215,-0.00000782,-0.00005858,-0.00003065,1.788735134,1.053053884,1.22115E-06,1.98841E-06,,,Lyn,1,32683,,0.088226693,,,
119589,,,,Gl 905.2B,,,23.730688,32.546681,16.6362,-223.17,-55.64,17,12.9,11.795,DA4,0.15,13.989421,-0.988114,8.95052,0.00001576,-0.00001916,0.00000557,6.212679589,0.568046743,-1.08196E-06,-2.6976E-07,,,Peg,2,116690,Gl 905.2,0.001667247,,,
39713,39826,,,GJ 3481A,,,8.136999,21.10507,16.6417,-299.49,-354.04,0,9.41,8.304,M:,1.34,-8.239831,13.158393,5.992333,0.00001502,0.00002154,-0.00002665,2.130261432,0.368352961,-1.45197E-06,-1.71643E-06,,,Cnc,1,39713,GJ 3481,0.041533641,,,
118034,,,,GJ 1025,,,1.015669,-4.449474,16.6667,1244.29,440.62,8,13.32,12.211,,1.73,16.03289,4.366583,-1.293033,-0.00001585,0.00009987,0.00003486,0.265901435,-0.077657966,6.03249E-06,2.13621E-06,,,Cet,1,118034,,0.00113658,,,
118121,,,,GJ 3142,,,2.215085,0.004677,16.6667,539.95,7.54,0,13.5,12.391,m,,13.941914,9.132466,0.00136,-0.0000239,0.0000365,0.00000061,0.579907853,8.16275E-05,2.61775E-06,3.65501E-08,,,Cet,1,118121,,0.000962942,,,
118149,,,,Gl 101,,,2.523141,57.381226,16.6667,1039.64,27.22,0,13.21,12.101,M3.5,1.52,7.093138,5.513803,14.037959,-0.00005298,0.00006521,0.00000119,0.660556882,1.001491327,5.04032E-06,1.31986E-07,,,Per,1,118149,,0.001257766,,,
118200,,,,Gl 130,,,3.208001,-38.089027,16.6667,1234.65,721.47,98,11.46,10.351,M3,1.56,8.758778,9.770271,-10.284532,0.00000244,0.0001521,-0.00001597,0.839852816,-0.664778929,5.98575E-06,3.4978E-06,,,For,1,118200,,0.006303765,,,
118221,,,,GJ 3225,,,3.445733,19.244193,16.6667,13.95,-199.51,0,14.96,13.851,m,,9.755489,12.346393,5.49326,0.00000241,0.00000487,-0.00001522,0.902090849,0.335874526,6.76315E-08,-9.67261E-07,,,Tau,1,118221,,0.000250957,,,
118303,,,,GJ 3286,,,4.416976,-40.050311,16.6667,-32.73,-669.2,0,14.1,12.991,M3.5,,5.137334,11.677967,-10.724355,-0.00001159,-0.0000329,-0.00004139,1.156361632,-0.699009799,-1.5868E-07,-3.24437E-06,,,Cae,1,118303,,0.000554115,,,
118565,,,,GJ 3514,,,8.808083,61.152818,16.6667,396.3,-423.49,0,15.17,14.061,m,1.82,-5.393907,5.963871,14.598523,-0.00004385,0.00000076,-0.00001651,2.3059508,1.067318027,1.92132E-06,-2.05316E-06,,,UMa,1,118565,,0.000206824,,,
118716,,,,GJ 3630,,,10.867779,0.54489,16.6667,-279.62,14.65,0,13.85,12.741,m,,-15.939141,4.86801,0.1585,0.00000661,0.0000216,0.00000118,2.845177844,0.009510119,-1.35564E-06,7.10446E-08,,,Leo,1,118716,,0.00069759,,,
118750,,,,GJ 3659,,,11.399158,-18.363274,16.6667,-608.99,-35.11,0,13.05,11.941,M3,,-15.62269,2.478047,-5.250689,0.00000858,0.00004846,-0.00000269,2.98429266,-0.320499592,-2.95247E-06,-1.70237E-07,,,Crt,1,118750,,0.001457471,,,
118761,,,,GJ 3672,,,11.585262,-5.656094,16.6667,312.49,-939.39,0,15.1,13.991,m,,-16.487888,1.797289,-1.642624,0.00000468,-0.00002591,-0.00007553,3.033014387,-0.098717469,1.51499E-06,-4.55428E-06,,,Leo,1,118761,,0.000220597,,,
118767,,,,GJ 3681,,,11.70065,14.77618,16.6667,-274.96,247.58,0,12.58,11.471,M3.5,1.48,-16.066058,1.261711,4.250738,0.00000682,0.00002175,0.00001934,3.063223058,0.257892993,-1.33304E-06,1.20029E-06,,,Leo,1,118767,,0.002246984,,,
118782,,,,GJ 3692,,,11.887014,-31.398384,16.6667,-1131.74,-136.96,0,13.61,12.501,M4,1.7,-14.219878,0.421412,-8.68311,0.00000844,0.00009123,-0.00000945,3.112012965,-0.548005176,-5.48683E-06,-6.63981E-07,,,Hya,1,118782,,0.000870162,,,
118825,,,,GJ 3731A,,,12.498515,-5.457326,16.6667,-515.38,-307.23,0,13,11.891,M3.5,,-16.450057,-2.159175,-1.585076,-0.00000309,0.00004159,-0.00002471,3.272103506,-0.095248313,-2.49863E-06,-1.48947E-06,,,Vir,1,118825,GJ 3731,0.00152616,,,
118826,,,,GJ 3732B,,,12.498515,-5.457326,16.6667,-515.38,-307.23,0,14.25,13.141,M3.5:,,-16.450057,-2.159175,-1.585076,-0.00000309,0.00004159,-0.00002471,3.272103506,-0.095248313,-2.49863E-06,-1.48947E-06,,,Vir,2,118826,GJ 3732,0.000482614,,,
118864,,,,GJ 3762,,,13.113064,30.859355,16.6667,171.83,-469.55,0,15.48,14.371,m,1.86,-13.703998,-4.110447,8.548891,-0.00001465,-0.00001889,-0.00003256,3.432992211,0.538597348,8.33055E-07,-2.27643E-06,,,Com,1,118864,,0.000155453,,,
118888,,,,GJ 3786,,,13.455306,-31.178275,16.6667,-593.39,-141.37,0,13.6,12.491,M4,,-13.237018,-5.301987,-8.628395,-0.00001235,0.0000467,-0.00000977,3.522590781,-0.544163559,-2.87684E-06,-6.85362E-07,,,Cen,1,118888,,0.000878213,,,
118996,,,,GJ 3878A,,,14.940757,17.914998,16.6667,-861.65,487.5,8,15.5,14.391,M5,,-11.386686,-11.038607,5.126898,-0.00004536,0.00005299,0.00004,3.911480998,0.312675701,-4.1774E-06,2.36346E-06,,,Boo,1,118996,GJ 3878,0.000152616,,,
118997,,,,GJ 3879B,,,14.941033,17.918345,16.6667,-861.65,487.5,9,18.6,17.491,M7  :,,-11.385706,-11.039258,5.127839,-0.00004606,0.00005231,0.00004031,3.911553421,0.312734122,-4.1774E-06,2.36346E-06,,,Boo,2,118997,GJ 3879,8.78213E-06,,,
119019,,,,GJ 2112A,,,15.370228,-27.82965,16.6667,428.67,603.19,0,13.28,12.171,M3 :,1.7,-9.364408,-11.381854,-7.780756,0.00001228,-0.00003958,0.00004309,4.023916281,-0.485719028,2.07825E-06,2.92437E-06,,,Lib,1,119019,GJ 2112,0.001179234,,,
119091,,,,GJ 3960,,,16.547945,9.839464,16.6667,234.83,152.5,0,13.05,11.941,m,1.66,-6.093315,-15.249213,2.848142,0.0000184,-0.00000509,0.00001214,4.332241906,0.171731052,1.13849E-06,7.39331E-07,,,Her,1,119091,,0.001457471,,,
119149,,,,GJ 4003,,,17.365063,21.428229,16.6667,-163.39,251.6,0,13.84,12.731,m,,-2.56712,-15.300772,6.088936,-0.00001179,0.00000951,0.00001892,4.546162923,0.373993154,-7.92137E-07,1.2198E-06,,,Her,1,119149,,0.000704044,,,
119165,,,,GJ 4013,,,17.634251,-30.017331,16.6667,-198.97,-134.21,0,10.94,9.831,k-m,1.47,-1.37983,-14.365147,-8.337715,-0.00001548,0.00000694,-0.00000939,4.616636186,-0.523901253,-9.64634E-07,-6.50649E-07,,,Oph,1,119165,,0.010176537,,,
119290,,,,GJ 4113,,,19.561065,39.524774,16.6667,223.01,-402.32,0,11.7,10.591,M2.5,,5.109151,-11.797012,10.606885,0.00002476,-0.00001183,-0.00002507,5.121074717,0.689837442,1.08118E-06,-1.95053E-06,,,Cyg,1,119290,,0.00505359,,,
119323,,,,GJ 4132,,,20.066481,-8.13132,16.6667,-509.22,-256.11,0,13.4,12.291,k-m,,8.496982,-14.142948,-2.357378,-0.00003677,-0.00001869,-0.00002048,5.253392511,-0.14191831,-2.46877E-06,-1.24166E-06,,,Aql,1,119323,,0.001055845,,,
119420,,,,GJ 4202,,,21.563617,-6.855211,16.6667,108.64,-498.29,0,14.01,12.901,M3.5,1.58,13.294001,-9.853473,-1.98935,0.00000137,0.00000991,-0.00003997,5.645341842,-0.119646006,5.26702E-07,-2.41579E-06,,,Aqr,1,119420,,0.000602005,,,
119482,,,,GJ 4267,,,22.257163,66.22384,16.6667,3.84,219.97,0,12.9,11.791,m,,6.032034,-2.96061,15.252156,-0.00001446,0.00000744,0.00000717,5.826911627,1.15582405,1.86168E-08,1.06643E-06,,,Cep,1,119482,,0.001673401,,,
118505,,,,Gl 291B,,,7.862748,-13.896051,16.6722,-66.78,-343.57,0,6.17,5.06,G4 V,0.65,-7.583378,14.29764,-4.004015,0.00000789,-0.00000336,-0.00002696,2.058462664,-0.24253185,-3.23759E-07,-1.66567E-06,,,Pup,2,38273,Gl 291,0.824138115,,,
17363,17405,,,Gl 150.1A,,,3.729235,16.667261,16.6889,158.99,-313.21,36.1,10.83,9.718,M1,1.47,8.954618,13.245097,4.786689,0.00001322,0.00004253,-0.00001369,0.976311361,0.290898576,7.70805E-07,-1.51848E-06,,,Tau,1,17363,Gl 150.1,0.011292757,,10.908,10.758
6337,6351,,,Gl 57,,,1.359541,-41.656403,16.7056,1238.97,-455.84,29,10.15,9.036,K5,1.383,11.699304,4.34957,-11.103751,-0.00003719,0.00009322,-0.00004729,0.35592709,-0.72704138,6.0067E-06,-2.20997E-06,,,Phe,1,6337,,0.02116411,,10.211,10.091
522,523,,,GJ 3006,,,0.105282,-65.840538,16.7084,195.8,-552.5,0,12.17,11.055,M4,1.55,6.835774,0.188543,-15.24491,-0.00004125,0.00001473,-0.00001832,0.027562869,-1.149134174,9.49265E-07,-2.6786E-06,,,Tuc,1,522,,0.003296097,CQ,12.294,11.974
32394,32480,48682,2483,Gl 245,56Psi5Aur,,6.778983,43.577427,16.7168,-0.28,165.49,-23.9,5.24,4.124,G0V,0.575,-2.452642,11.859259,11.523315,0.00000548,-0.00002639,-0.00000713,1.7747336,0.76056958,-1.35748E-09,8.02318E-07,Psi-5,56,Aur,1,32394,,1.9516413,,,
29495,29568,43162,2225,GJ 3389,,,6.22925,-23.861938,16.7224,-47.06,110.9,22.4,6.37,5.254,G5V,0.713,-0.917305,15.265666,-6.764863,0.00000233,0.00002477,-0.00000105,1.630813713,-0.416469382,-2.28153E-07,5.37658E-07,,,CMa,1,29495,,0.689286861,V352,6.397,6.347
101626,101955,196795,,Gl 795A,,,20.660474,4.972018,16.7224,862.35,67.57,-39.2,7.88,6.764,K5V,1.241,10.687579,-12.778973,1.449287,0.0000277,0.00007585,0.00000198,5.408899502,0.086778085,4.18079E-06,3.27589E-07,,,Del,1,101626,Gl 795,0.171553665,OQ,7.909,7.859
119188,,,,GJ 1222,,,17.905014,7.377505,16.7224,-581.12,-312.9,-20,13.11,11.994,m,1.55,-0.412349,-16.577825,2.147129,-0.00004667,0.00001819,-0.00002778,4.687521747,0.128761744,-2.81735E-06,-1.51697E-06,,,Oph,1,119188,,0.001388034,,,
119612,,,,GJ 4385,,,23.996567,47.762093,16.7224,864.68,-210.78,0,16.1,14.984,m,1.87,11.240971,-0.008954,12.380596,0.00001273,0.00007008,-0.00001149,6.282286595,0.833605784,4.19209E-06,-1.02191E-06,,,And,1,119612,,8.83894E-05,,,
65315,65520,,,Gl 510,,,13.430245,-28.373989,16.7448,-451.52,-105.12,-14,11.04,9.921,M,1.522,-13.712258,-5.388558,-7.957485,0.00000209,0.0000402,-0.0000007,3.516029958,-0.495219529,-2.18903E-06,-5.09636E-07,,,Hya,1,65315,,0.009366989,,11.109,10.969
62276,62471,,,GJ 1164B,,,12.802781,-24.804569,16.7616,-314.92,174.58,0,9.9,8.778,K0,1.38,-14.88045,-3.174242,-7.031901,-0.00001116,0.00002378,0.00001288,3.351760279,-0.432921403,-1.52678E-06,8.46388E-07,,,Hya,2,62278,GJ 1164,0.026841081,,,
39046,39157,65583,,Gl 295,,,8.008929,29.212356,16.7673,-171.15,-1164.24,14.7,6.97,5.848,G8V,0.716,-7.347041,12.657061,8.183309,-0.00001774,0.00005828,-0.00007526,2.096732643,0.50985179,-8.29759E-07,-5.64439E-06,,,Gem,1,39046,,0.398841187,,,
80772,81018,,,GJ 1203,,,16.545889,12.612768,16.7701,-766.82,-139.2,0,12.13,11.007,K:,1.47,-6.080691,-15.193805,3.661931,-0.0000588,0.00002087,-0.00001104,4.331703683,0.220134338,-3.71765E-06,-6.74861E-07,,,Her,1,80772,,0.003445085,,12.243,11.963
119114,,,,Gl 645,,,16.945937,-37.064171,16.7785,-142.15,-437.49,0,11.44,10.316,M1,1.51,-3.648022,-12.882012,-10.112555,-0.00000528,0.00002378,-0.0000284,4.436435865,-0.646891813,-6.89163E-07,-2.12099E-06,,,Sco,1,119114,,0.006510285,,,
744,746,432,21,Gl 8,11Bet Cas,Caph,0.152887,59.14978,16.7842,523.39,-180.42,11.3,2.28,1.155,F2III-IV,0.38,8.600014,0.344589,14.409503,0.00001681,0.00004329,0.00000239,0.040025853,1.032358404,2.53747E-06,-8.74701E-07,Bet,11,Cas,1,744,,30.06076303,Bet,2.303,2.263
69063,69285,,,,,,14.182637,-31.290326,16.7842,-320.7,126.71,0,10.77,9.645,,,-12.064354,-7.756904,-8.717291,-0.00001862,0.00001905,0.00000881,3.713005621,-0.546119214,-1.5548E-06,6.14307E-07,,,Cen,1,69063,,0.012078138,,10.856,10.676
16030,16069,21749,,Gl 143,,,3.449713,-63.499101,16.8067,356.99,-247.77,57.3,8.08,6.953,K5V,1.13,4.643275,5.889283,-15.041235,-0.00001783,0.00002436,-0.00006145,0.903132715,-1.108268389,1.73074E-06,-1.20122E-06,,,Ret,1,16030,,0.144145139,,8.109,7.979
6365,6379,7924,,Gl 56.5,,,1.366439,76.710284,16.8095,-34.12,-34.45,-21.8,7.17,6.042,K0,0.826,3.619426,1.352983,16.359155,-0.00000127,-0.00000344,-0.00002234,0.357733009,1.338847031,-1.65418E-07,-1.67018E-07,,,Cas,1,6365,,0.333579997,,,
117832,118200,,,GJ 4383,,,23.975735,7.658646,16.8152,78.85,-312.68,0,11.78,10.651,M2V:,1.5,16.664866,-0.105866,2.240977,0.00000344,0.00000641,-0.00002526,6.276832739,0.133668584,3.82276E-07,-1.51592E-06,,,Psc,1,117832,,0.004781895,,11.871,11.691
118213,,,,GJ 1058,,,3.367837,2.942638,16.835,326.66,-730.27,0,14.78,13.649,m,1.76,10.690281,12.976448,0.864244,-0.00001862,0.00001932,-0.00005952,0.881697653,0.051358721,1.58369E-06,-3.54043E-06,,,Cet,1,118213,,0.000302273,,,
12319,12351,,,GJ 1049,,,2.650329,-58.187146,16.8435,-18.96,30.33,0,9.48,8.348,M0Ve,1.396,6.826055,5.678155,-14.313176,0.00000261,0.00000016,0.00000131,0.693854445,-1.015557286,-9.19207E-08,1.47044E-07,,,Hor,1,12319,,0.039884119,,,
17701,17743,,,Gl 155.1,,,3.799473,2.787806,16.8464,-386.87,-431.31,0,11.05,9.917,M0V:,1.495,9.166296,14.110594,0.819361,0.00002743,-0.00001577,-0.00003518,0.994699697,0.048656388,-1.8756E-06,-2.09105E-06,,,Tau,1,17701,,0.009401562,,11.099,10.969
91996,92283,174080,,Gl 727,,,18.808118,10.74545,16.8606,128.76,-436.85,-8.4,7.97,6.836,K0,1.07,3.478461,-16.19554,3.143578,0.00000992,0.00000395,-0.00003668,4.923953731,0.187543482,6.24246E-07,-2.11791E-06,,,Aql,1,91996,,0.160546189,,8.076,7.946
118366,,,,Gl 200B,,,5.320128,-3.072585,16.8663,718.91,126.76,0,11.7,10.565,M2,,2.981911,16.575976,-0.904051,-0.00005775,0.00001096,0.00001035,1.392806331,-0.053626719,3.48537E-06,6.14564E-07,,,Ori,2,24759,Gl 200,0.005176068,,,
35043,35136,55575,2721,GJ 1095,,,7.263925,47.239964,16.8919,29.44,-186.12,85.2,5.54,4.402,G0V,0.576,-3.726139,10.846756,12.402653,-0.00002514,0.00006575,0.00005363,1.901691144,0.824492906,1.42729E-07,-9.02335E-07,,,Lyn,1,35043,,1.510775732,,,
118119,,,,GJ 1042,,,2.188751,39.922403,16.8919,1027.23,-494.37,29,14.52,13.382,DZ7,0.33,10.885831,7.025016,10.841322,-0.00000464,0.0000971,-0.00001201,0.573013734,0.696777374,4.98015E-06,-2.39678E-06,,,And,1,118119,,0.000386545,,,
54498,54658,,,Gl 414.1A,,,11.188782,43.417337,16.9033,-633.95,-443.77,-10.5,10.92,9.78,M4,1.632,-12.002049,2.588107,11.617697,-0.00000586,0.0000544,-0.00003379,2.929216189,0.757775488,-3.07348E-06,-2.15146E-06,,,UMa,1,54498,Gl 414.1,0.010665961,,10.989,10.809
14695,14731,,,GJ 3205,,,3.170964,5.908771,16.9147,-128.26,-551.33,0,11.82,10.679,M4V:,1.5,11.352731,12.417347,1.741281,0.0000109,-0.00000366,-0.00004497,0.830156332,0.103127507,-6.21822E-07,-2.67292E-06,,,Cet,1,14695,,0.004660151,EK,11.934,11.534
68843,69064,,,Gl 540,,,14.136762,80.597276,16.9205,208.59,-543.59,7.4,10.31,9.168,M2,1.379,-2.342929,-1.467099,16.693229,-0.00002925,-0.0000385,0.00000018,3.70099575,1.406687834,1.01127E-06,-2.6354E-06,,,Cam,1,68843,,0.018741312,,10.376,10.246
118291,,,,Gl 168.2,,,4.37039,19.486785,16.9205,148.38,-237.45,0,15.77,14.628,m,1,6.6007,14.521491,5.6445,-0.00000839,0.00001095,-0.00001836,1.144165401,0.34010856,7.19367E-07,-1.1512E-06,,,Tau,1,118291,,0.000122687,,,
99109,99427,193202,,Gl 786,,,20.181194,77.238971,16.9262,56.81,512.01,-1.1,8.88,7.737,K5,1.32,2.02083,-3.145545,16.508111,-0.00001836,0.0000372,0.00000818,5.283424271,1.348074347,2.75423E-07,2.48229E-06,,,Cep,1,99109,,0.070016436,,,
78886,79126,,,GJ 3942,,,16.150851,52.943874,16.9291,203.99,60.79,0,10.24,9.097,M0,1.585,-4.74787,-9.02922,13.510193,0.00001667,-0.00000427,0.00000301,4.228282797,0.924044919,9.88971E-07,2.94718E-07,,,Dra,1,78886,,0.020007831,,,
92155,92444,,,,,,18.839215,-26.923634,16.9291,-139.99,-22.95,0,9.65,8.507,Kp,1.459,3.289652,-14.731332,-7.66554,-0.0000114,-0.00000167,-0.00000168,4.932094883,-0.469906061,-6.78691E-07,-1.11265E-07,,,Sgr,1,92155,,0.034450855,,,
62328,62523,111395,4864,Gl 486.1,,,12.813075,24.840226,16.9319,-334.55,-106.06,-8.7,6.29,5.146,G7V,0.703,-15.018549,-3.246037,7.112877,-0.00000148,0.00002777,-0.00001164,3.354455061,0.433543728,-1.62194E-06,-5.14193E-07,,,Com,1,62328,,0.761377432,LW,6.323,6.283
115720,116085,221354,,Gl 895.4,,,23.522665,59.165517,16.9319,1106.1,112.97,-24.3,6.76,5.616,K2V,0.839,8.610871,-1.081312,14.538416,-0.00000922,0.00009266,-0.00001659,6.158219372,1.032633073,5.36252E-06,5.47694E-07,,,Cas,1,115720,,0.49385562,,,
19028,19076,25680,1262,Gl 160,39    Tau,,4.088958,22.008905,16.9377,172.61,-130.08,23.9,5.9,4.756,G5V,0.62,7.532952,13.778856,6.347496,0.00000036,0.00003019,-0.00000074,1.070486801,0.384127862,8.36837E-07,-6.30646E-07,,39,Tau,1,19028,,1.090435546,,,
118732,,,,Gl 414.1B,,,11.189091,43.417837,16.9463,-636.67,-415.04,-19,11.82,10.675,M3,1.54,-12.031945,2.594136,11.646756,0.0000019,0.00005309,-0.00003812,2.929297264,0.757784205,-3.08666E-06,-2.01216E-06,,,UMa,2,54498,Gl 414.1,0.004677351,,,
118162,,,,GJ 3173,,,2.641322,6.624401,16.9492,-484.54,-386.81,0,15.09,13.944,DA8,0.44,12.968689,10.736175,1.955264,0.00002822,-0.00002832,-0.00003157,0.691496353,0.115617607,-2.34912E-06,-1.87528E-06,,,Cet,1,118162,,0.000230356,,,
118241,,,,GJ 3241,,,3.65806,24.969313,16.9492,104.42,204.93,0,12.79,11.644,dM3.1,,8.841322,12.566426,7.154813,-0.00001111,-0.00000088,0.00001526,0.957677882,0.435796716,5.06242E-07,9.93534E-07,,,Tau,1,118241,,0.00191602,,,
118349,,,,GJ 3328,,,5.101023,4.339295,16.9492,359.01,89.51,0,11.54,10.394,g,1.51,3.940965,16.434707,1.28242,-0.00002881,0.00000634,0.00000733,1.335444756,0.075734986,1.74053E-06,4.33962E-07,,,Ori,1,118349,,0.006058987,,,
118525,,,,GJ 3482B,,,8.136854,21.104079,16.9492,-352.19,-326.13,0,11,9.854,m,,-8.391559,13.401983,6.102784,0.0000194,0.00002354,-0.000025,2.130223338,0.368335661,-1.70747E-06,-1.58113E-06,,,Cnc,2,118525,GJ 3482,0.009963226,,,
118612,,,,GJ 3545,,,9.275335,-62.072313,16.9492,-657.31,643.69,0,12.7,11.554,m,,-6.001956,5.195452,-14.975287,-0.00000001,0.00007142,0.00002476,2.428277131,-1.08336624,-3.18673E-06,3.1207E-06,,,Car,1,118612,,0.002081613,,,
118681,,,,GJ 3599,,,10.425142,26.390106,16.9492,-283.99,-447.49,0,13.19,12.044,k-m,1.57,-13.910566,6.084125,7.533589,-0.00000563,0.00002793,-0.00003293,2.729295692,0.460594244,-1.37682E-06,-2.16951E-06,,,Leo,1,118681,,0.001325562,,,
118762,,,,GJ 3673,,,11.592459,38.925611,16.9492,-666.86,-212.82,0,13.11,11.964,m,,-13.110795,1.404786,10.649367,-0.0000051,0.00005565,-0.0000136,3.034898668,0.679380067,-3.23303E-06,-1.0318E-06,,,UMa,1,118762,,0.001426921,,,
118772,,,,GJ 3684,,,11.785603,70.033328,16.9492,-357.32,-43.87,0,13.6,12.454,m,,-5.778534,0.325652,15.930408,-0.00000174,0.0000295,-0.00000123,3.085463719,1.222312164,-1.73234E-06,-2.12697E-07,,,Dra,1,118772,,0.000908657,,,
118962,,,,GJ 3843,,,14.354117,-1.122217,16.9492,175.05,-594.77,0,13.15,12.004,M3,1.66,-13.828217,-9.795183,-0.331952,0.00000909,-0.00001119,-0.00004886,3.757898989,-0.019586385,8.48666E-07,-2.88355E-06,,,Vir,1,118962,,0.001375308,,,
119332,,,,Gl 781.3,,,20.171633,-21.780479,16.9492,116.13,-287.43,35,14.44,13.294,DA6,0.19,8.474862,-13.264712,-6.289689,0.00002122,-0.00001549,-0.00003521,5.280921295,-0.380141074,5.63014E-07,-1.39348E-06,,,Cap,1,119332,,0.000419179,,,
119341,,,,GJ 1251,,,20.467117,-76.688139,16.9492,651.43,-1273,122,13.82,12.674,M4.5,1.74,2.351507,-3.116366,-16.499867,-0.00000119,0.00009052,-0.00014553,5.358278743,-1.338460528,3.15822E-06,-6.1717E-06,,,Oct,1,119341,,0.000741993,,,
119384,,,,GJ 4176A,,,21.021357,33.240934,16.9492,322.18,-136.75,0,12.29,11.144,m,,10.079882,-9.967484,9.290889,0.00002299,0.00001449,-0.0000094,5.503378382,0.580163747,1.56197E-06,-6.63007E-07,,,Cyg,1,119384,GJ 4176,0.003036687,,,
119385,,,,GJ 4177B,,,21.022471,33.239325,16.9492,322.18,-136.75,0,13.12,11.974,m,,10.082975,-9.964728,9.29049,0.00002299,0.0000145,-0.0000094,5.50367006,0.580135661,1.56197E-06,-6.63007E-07,,,Cyg,2,119385,GJ 4177,0.001413839,,,
119400,,,,GJ 4184,,,21.253585,25.794073,16.9492,168.84,-259.99,0,12.13,10.984,m,,11.482895,-10.051086,7.37524,0.00001613,0.00000431,-0.00001923,5.564175641,0.450191496,8.18559E-07,-1.26045E-06,,,Vul,1,119400,,0.003518844,,,
119439,,,,GJ 4219,,,21.782121,46.634857,16.9492,289.96,4.55,0,13.36,12.214,M3.5,,9.730952,-6.383863,12.321942,0.00001284,0.00002007,0.00000026,5.702545864,0.813931798,1.40577E-06,2.20833E-08,,,Cyg,1,119439,,0.001133444,,,
119508,,,,GJ 4282,,,22.556431,-9.6159,16.9492,326.31,-126.57,0,12.41,11.264,M3,1.57,15.531802,-6.166248,-2.831234,0.00000828,0.00002556,-0.00001025,5.905259881,-0.167829115,1.582E-06,-6.13619E-07,,,Aqr,1,119508,,0.002718942,,,
119611,,,,GJ 4381,,,23.963895,38.629391,16.9492,-162.63,-162.63,0,12.64,11.494,m,,13.240128,-0.125297,10.581054,0.00000822,-0.00001344,-0.00001044,6.273733165,0.674210059,-7.88452E-07,-7.88472E-07,,,And,1,119611,,0.002199885,,,
89282,89560,,,Gl 709,,,18.275303,45.557855,16.9549,-12.3,338.11,-36.8,10.31,9.164,M0,1.428,0.854877,-11.840578,12.104848,-0.00000433,0.000046,-0.00000741,4.78446306,0.795134573,-5.96321E-08,1.6392E-06,,,Lyr,1,89282,,0.018810485,,,
93563,93858,177565,7232,Gl 744,,,19.114582,-37.810658,16.9549,-187.66,-366.77,58.5,6.15,5.004,G8V,0.705,3.853497,-12.829241,-10.39459,-0.00000649,-0.00003201,-0.00006049,5.004185758,-0.659920481,-9.09801E-07,-1.77815E-06,,,CrA,1,93563,,0.867760745,,,
95696,95995,184467,,Gl 762.1,,,19.518957,58.58601,16.9607,-510.04,-397.54,11.4,6.6,5.453,K1V,0.859,3.423358,-8.150527,14.474748,-0.00002551,-0.00004756,-0.00000709,5.110051108,1.022518776,-2.47274E-06,-1.92733E-06,,,Dra,1,95696,,0.573852133,,,
63347,63550,,,GJ 3759,,,13.022201,-63.19505,16.9664,-392.01,-410.51,0,10.92,9.772,,1.49,-7.378779,-2.023016,-15.143307,0.00002054,0.00003906,-0.00001523,3.409204276,-1.102961686,-1.90052E-06,-1.99021E-06,,,Cen,1,63347,,0.010744841,,11.022,10.822
68463,68682,122742,5273,Gl 538,,,14.058986,10.786779,16.9837,85.26,-304.04,-11.6,6.27,5.12,G8V,0.733,-14.317802,-8.563868,3.178559,0.00000958,-0.00000245,-0.00002681,3.680633993,0.188264808,4.13352E-07,-1.47403E-06,,,Boo,1,68463,,0.779830111,,,
70732,70956,127339,,Gl 553,,,14.513257,-8.646337,16.9866,-1269.37,-241.19,-26.8,9.4,8.249,K7V,1.403,-13.287475,-10.269291,-2.553644,-0.00004012,0.0001011,-0.00001552,3.799561865,-0.150907045,-6.15408E-06,-1.16932E-06,,,Lib,1,70732,,0.043691806,,,
64811,65016,,,Gl 507.1,,,13.327822,33.346526,16.9895,-298.78,-143.93,-11.8,10.62,9.469,M2,1.469,-13.343384,-4.834766,9.339093,-0.00000503,0.00002435,-0.00001654,3.489215684,0.582006674,-1.44853E-06,-6.97792E-07,,,CVn,1,64811,,0.014203651,,,
92024,92311,229590,,Gl 728,,,18.814412,17.438948,17.001,-408.88,-422.47,-21.3,9.17,8.018,M0,1.284,3.432024,-15.852132,5.094962,-0.00003512,0.00000298,-0.00003975,4.925601516,0.304367056,-1.98231E-06,-2.04819E-06,,,Her,1,92024,,0.054050535,,,
43822,43948,,,Gl 330,,,8.951302,11.646983,17.0097,-35.21,-317.99,-12.1,10.6,9.447,M5,1.511,-11.628812,11.929173,3.433915,0.00000684,-0.00000286,-0.00002818,2.343445368,0.203278209,-1.70703E-07,-1.54166E-06,,,Cnc,1,43822,,0.014494392,,10.669,10.559
72461,72688,130992,,Gl 565,,,14.861255,-24.304133,17.0271,-943.26,-431.74,-65.4,7.81,6.654,K3V,1.036,-11.363815,-10.566787,-7.007774,0.00000236,0.00010852,-0.00000495,3.890667552,-0.424187141,-4.57305E-06,-2.09313E-06,,,Lib,1,72461,,0.189845366,,,
113357,113718,217580,,Gl 886,,,23.030984,-3.848734,17.0358,395.5,-207.11,-43.1,7.48,6.323,K4V,0.943,16.45298,-4.265825,-1.143461,-0.00003549,0.00004294,-0.00001411,6.029497611,-0.067173087,1.91744E-06,-1.0041E-06,,,Aqr,1,113357,,0.257513499,,,
118306,,,,GJ 3289,,,4.438892,3.61099,17.0358,-114.81,-1023.58,0,18.32,17.163,m,,6.756827,15.601685,1.072948,0.00001082,0.00000114,-0.00008436,1.162099168,0.063023662,-5.56615E-07,-4.96246E-06,,,Tau,1,118306,,1.18796E-05,,,
119148,,,,GJ 1216,,,17.345815,49.254553,17.0358,539.1,-1182.95,0,14.48,13.323,m,1.66,-1.894286,-10.956715,12.90661,0.00003124,-0.00008054,-0.00006374,4.541123655,0.859654122,2.61363E-06,-5.7351E-06,,,Her,1,119148,,0.000408131,,,
80141,80383,,,,,,16.407947,-43.658514,17.059,-103.79,-64.38,0,11.06,9.9,,0.983,-4.996343,-11.285048,-11.77683,-0.00000636,0.00000684,-0.00000385,4.29559048,-0.761984813,-5.03188E-07,-3.12123E-07,,,Nor,1,80141,,0.009549926,,,
118449,,,,GJ 3414,,,6.939997,54.976176,17.0648,-230.21,-661.06,0,11.8,10.639,k-m,,-2.385511,9.498812,13.974595,0.00000756,0.00004808,-0.00003138,1.816887066,0.959515283,-1.11609E-06,-3.20492E-06,,,Lyn,1,118449,,0.004835039,,,
118500,,,,GJ 1102A,,,7.837508,7.194697,17.0648,209.57,-1757.55,0,16.69,15.529,DC9,1.1,-7.834021,15.008926,2.137221,-0.00002382,0.00000818,-0.00014424,2.051854843,0.125571155,1.01602E-06,-8.52083E-06,,,CMi,1,118500,GJ 1102,5.35057E-05,,,
118501,,,,GJ 1102B,,,7.837231,7.198049,17.0648,209.57,-1757.55,0,16.98,15.819,DC9,1.3,-7.832876,15.009382,2.138211,-0.00002383,0.00000819,-0.00014424,2.051782397,0.125629648,1.01602E-06,-8.52083E-06,,,CMi,2,118500,GJ 1102,4.09638E-05,,,
67528,67742,120780,,Gl 531,,,13.876686,-50.92175,17.0794,-583.27,-60.27,-25,7.37,6.208,K1V,0.891,-9.492941,-5.079295,-13.258322,-0.00000516,0.00005201,0.0000167,3.632907929,-0.888752202,-2.82777E-06,-2.92197E-07,,,Cen,1,67528,,0.286285927,,,
118039,,,,GJ 1026B,,,1.053908,20.09931,17.094,638.59,42.41,0,12.4,11.236,M3.5,,15.445735,4.373378,5.874326,-0.00001557,0.00005059,0.0000033,0.275912437,0.350799141,3.09597E-06,2.05634E-07,,,Psc,2,4918,GJ 1026,0.002789973,,,
119305,,,,GJ 4124,,,19.83398,32.583227,17.094,457.85,246.53,0,12.41,11.246,M3,1.62,6.653259,-12.774865,9.205531,0.00002857,0.00002728,0.00001721,5.192523791,0.568684592,2.21972E-06,1.19519E-06,,,Cyg,1,119305,,0.002764394,,,
118628,,,,Gl 348B,,,9.485909,-2.750431,17.0999,136.36,-31.73,11.5,7.18,6.015,K0,0.87,-13.51265,10.448045,-0.820578,-0.00001611,-0.00000183,-0.00000319,2.483405127,-0.048004084,6.61092E-07,-1.53836E-07,,,Hya,2,46376,Gl 348,0.341979443,,,
111221,111571,214100,,Gl 864,,,22.602689,-0.841682,17.1174,48.76,-630,10.9,9.98,8.813,K5,1.411,15.98315,-6.122451,-0.251449,0.00001114,0.00000007,-0.00005244,5.917370075,-0.014690125,2.36395E-07,-3.05433E-06,,,Aqr,1,111221,,0.025989624,,10.038,9.928
116690,117059,,,Gl 905.2A,,,23.730762,32.546291,17.1262,-218.02,-70.23,-24.3,13.11,11.942,M5,1.55,14.400618,-1.016755,9.21345,-0.00001904,-0.0000168,-0.00001829,6.212699051,0.56803993,-1.05699E-06,-3.40485E-07,,,Peg,1,116690,Gl 905.2,0.001456129,,13.432,12.612
1692,1696,,,Gl 17.1,,,0.355445,-45.746419,17.1321,70.29,-815.44,2.5,10.41,9.241,M0,1.475,11.903672,1.110924,-12.271026,-0.00004706,0.00000147,-0.00004909,0.093055304,-0.798425636,3.40776E-07,-3.95336E-06,,,Phe,1,1692,,0.017522659,,10.461,10.321
11425,11452,15285,,Gl 98A,,,2.462739,4.432153,17.1438,87.29,240,10.4,8.69,7.519,K7V:,1.397,13.661346,10.272558,1.324855,0.00000288,0.00001125,0.00002071,0.644743667,0.077355655,4.23194E-07,1.16355E-06,,,Cet,1,11425,Gl  98,0.085585462,,,
12620,12653,17051,810,Gl 108,Iot Hor,,2.709265,-50.800294,17.1674,333.73,219.21,15.5,5.4,4.226,G3IV,0.561,8.233473,7.066778,-13.303946,0.00000024,0.00003681,-0.00000075,0.709283853,-0.886632387,1.61797E-06,1.06276E-06,Iot,,Hor,1,12620,,1.776642308,,,
49832,49973,,,Gl 383,,,10.202273,-18.617799,17.1821,-498.8,-29.16,-1.7,9.93,8.755,K7V,1.413,-14.512588,7.383679,-5.485444,0.000021,0.00003593,-0.00000175,2.670948855,-0.324941885,-2.41825E-06,-1.41372E-07,,,Hya,1,49832,,0.027415742,,,
38671,38784,62613,2997,Gl 290,,,7.938498,80.265542,17.191,-475.7,89.35,-7.2,6.55,5.373,G8V,0.719,-1.412371,2.540472,16.94342,0.00003882,0.00001177,-0.000006,2.078293999,1.400897989,-2.30626E-06,4.33181E-07,,,Cam,1,38671,,0.617731859,,,
70096,70319,126053,5384,Gl 547,,,14.387579,1.241569,17.191,223.66,-477.48,-18.9,6.25,5.073,G1V,0.639,-13.937186,-10.056877,0.372487,0.00002588,-0.00000431,-0.0000402,3.766659391,0.021669466,1.08433E-06,-2.31489E-06,,,Vir,1,70096,,0.814329185,,,
118627,,,,Gl 347B,,,9.482195,-7.369184,17.191,-164.59,-670.08,0,15,13.823,m,1.87,-13.477359,10.441717,-2.204956,0.00001406,0.00000646,-0.00005538,2.482432963,-0.128616528,-7.97955E-07,-3.24865E-06,,,Hya,2,46356,Gl 347,0.000257513,,,
118254,,,,GJ 3248,,,3.808922,73.545964,17.2117,412.07,-300.49,0,11.31,10.131,m,1.54,2.644602,4.095501,16.506834,-0.00001583,0.00003886,-0.0000071,0.997173377,1.28361923,1.99777E-06,-1.45682E-06,,,Cam,1,118254,,0.007719692,,,
78223,78459,143761,5968,Gl 606.2,15Rho CrB,,16.017412,33.303509,17.2354,-196.89,-773.01,18.4,5.39,4.208,G2V,0.612,-7.145594,-12.507816,9.463601,-0.00003968,-0.00003629,-0.00004365,4.193348718,0.581255889,-9.5455E-07,-3.74766E-06,Rho,15,CrB,1,78223,,1.806342083,,,
33190,33277,50692,2569,Gl 252,37    Gem,,6.921853,25.375697,17.2414,-35.75,25.14,-15.1,5.74,4.557,G0V,0.573,-3.723157,15.126311,7.388778,0.00000645,-0.00001371,-0.00000472,1.812136806,0.44288947,-1.73321E-07,1.21882E-07,,37,Gem,1,33190,,1.309784962,,,
72011,72237,,,Gl 562,,,14.773134,16.496704,17.2414,-110.78,-919.57,44.9,9.23,8.047,K5V,1.261,-12.363218,-10.975422,4.895985,-0.0000554,-0.0000368,-0.00006065,3.867597527,0.287921801,-5.37077E-07,-4.4582E-06,,,Boo,1,72011,,0.052625956,,,
118000,,,,GJ 3042,,,0.602386,45.515194,17.2414,-256.05,-136.15,0,11.71,10.527,M2,1.54,11.931521,1.897085,12.300641,0.00001138,-0.00001986,-0.00000797,0.157704351,0.794389992,-1.24137E-06,-6.60054E-07,,,And,1,118000,,0.005360435,,,
118105,,,,GJ 3129,,,2.045583,13.577935,17.2414,457.95,-105.73,0,14.27,13.087,dM5  :,,14.413119,8.552415,4.047726,-0.00001774,0.00003398,-0.00000859,0.535532294,0.236979664,2.2202E-06,-5.12574E-07,,,Ari,1,118105,,0.000507224,,,
118123,,,,GJ 3143,,,2.259334,33.962729,17.2414,167.47,-385.17,0,13.58,12.397,m,,11.870531,7.973806,9.631968,0.00000713,0.00002165,-0.0000267,0.59149229,0.592761438,8.11917E-07,-1.86733E-06,,,Tri,1,118123,,0.000957635,,,
118521,,,,GJ 3478,,,8.099905,26.281182,17.2414,141.84,-110.82,0,10.21,9.027,M0,1.46,-8.077131,13.181293,7.634091,-0.00001225,-0.0000027,-0.0000083,2.120550293,0.458693154,6.8766E-07,-5.37266E-07,,,Cnc,1,118521,,0.021340274,,,
118526,,,,GJ 1108B,,,8.148735,32.816982,17.2414,-51.87,-203.49,0,12.12,10.937,dM3  e,1.53,-7.727866,12.256985,9.344104,-0.00000125,0.00001011,-0.00001429,2.133333812,0.572764388,-2.51473E-07,-9.86562E-07,,,Cnc,2,39783,GJ 1108,0.003674515,,,
118623,,,,GJ 3554,,,9.363911,43.508091,17.2414,-281.91,-102.61,0,14.02,12.837,m,,-9.643058,7.961236,11.869963,0.00001045,0.00002193,-0.00000622,2.451466076,0.759359438,-1.36674E-06,-4.97448E-07,,,UMa,1,118623,,0.000638557,,,
118642,,,,GJ 2074,,,9.699848,6.955237,17.2414,-14.33,-37.34,0,14.9,13.717,DA7,0.3,-14.104139,9.694335,2.087828,0.00000037,0.0000012,-0.0000031,2.539414167,0.121391785,-6.94738E-08,-1.81044E-07,,,Leo,1,118642,,0.000283923,,,
118673,,,,GJ 1132,,,10.247774,-47.154265,17.2414,-1046.23,426.96,-1,13.5,12.317,k,1.72,-10.511813,5.19303,-12.641139,0.00001586,0.00008969,0.00002501,2.682860998,-0.822997179,-5.07227E-06,2.06996E-06,,,Vel,1,118673,,0.001030861,,,
118790,,,,GJ 3698A,,,12.011367,-13.820172,17.2414,-479.89,-10.05,0,12.74,11.557,M3,1.55,-16.742192,-0.049764,-4.118546,0.00000008,0.00004011,-0.00000082,3.144568469,-0.241207508,-2.32657E-06,-4.87335E-08,,,Crv,1,118790,GJ 3698,0.002075869,,,
118791,,,,GJ 3699B,,,12.011089,-13.820172,17.2414,-479.89,-10.05,0,15,13.817,m,,-16.742195,-0.048544,-4.118546,0.00000008,0.00004011,-0.00000082,3.144495661,-0.241207505,-2.32657E-06,-4.87335E-08,,,Crv,2,118791,GJ 3699,0.000258941,,,
118956,,,,GJ 3840,,,14.299702,-0.5265,17.2414,-273.35,-263.97,0,12.76,11.577,k-m,1.59,-14.20925,-9.764117,-0.158432,-0.00001277,0.00001894,-0.00002206,3.743653305,-0.009189165,-1.32524E-06,-1.27976E-06,,,Vir,1,118956,,0.00203798,,,
118967,,,,GJ 3848,,,14.449744,23.797525,17.2414,-297.43,39.16,0,15.41,14.227,DC8,,-12.640864,-9.437931,6.957004,-0.00001382,0.00002071,0.00000299,3.782934221,0.415345166,-1.44198E-06,1.89838E-07,,,Boo,1,118967,,0.000177501,,,
119044,,,,GJ 3923,,,15.856073,29.516877,17.2414,-222.32,-447.86,0,13.01,11.827,M7,1.58,-7.986084,-12.701653,8.494491,-0.00002555,-0.00000573,-0.00003257,4.151110146,0.515166689,-1.07784E-06,-2.17126E-06,,,CrB,1,119044,,0.001618825,,,
119243,,,,GJ 4083,,,18.845889,47.971268,17.2414,244.7,-114.11,0,12.53,11.347,m,,2.53576,-11.261205,12.80707,0.00002151,-0.00000242,-0.00000639,4.933842286,0.837256579,1.18634E-06,-5.53201E-07,,,Dra,1,119243,,0.002518837,,,
119262,,,,GJ 1231,,,19.137786,26.582558,17.2414,-203.68,-489.3,0,15.16,13.977,m,1.91,4.525125,-14.739853,7.7153,-0.0000109,-0.0000225,-0.00003657,5.010260603,0.46395316,-9.87469E-07,-2.3722E-06,,,Lyr,1,119262,,0.00022346,,,
119270,,,,GJ 4105,,,19.208046,35.562539,17.2414,207.26,-139.8,0,12.01,10.827,m,1.56,4.362378,-13.329886,10.027446,0.00001858,-0.00000107,-0.00000951,5.028654761,0.620683399,1.00482E-06,-6.7776E-07,,,Lyr,1,119270,,0.004066305,,,
119339,,,,GJ 4143,,,20.313543,15.838643,17.2414,190.21,-61.8,0,11.79,10.607,m,,9.443308,-13.636215,4.705681,0.00001387,0.00000789,-0.00000497,5.318073161,0.276436476,9.22164E-07,-2.99629E-07,,,Del,1,119339,,0.004979664,,,
82337,82588,152391,,Gl 641,,,16.883001,-0.026421,17.2503,-711.75,-1483.65,45.4,6.65,5.466,G8V,0.749,-4.973027,-16.518348,-0.007955,-0.00007036,-0.00002726,-0.00012409,4.419959247,-0.000461135,-3.45066E-06,-7.19294E-06,,,Oph,1,82337,,0.567022118,V2292,6.677,6.617
25652,25716,,,GJ 2043A,,,5.490839,15.577293,17.2563,-82.74,-126.92,0,10.55,9.365,M2V:,1.5,2.209188,16.475002,4.633973,0.00000724,0.00000191,-0.00001023,1.437498243,0.271875046,-4.01135E-07,-6.15326E-07,,,Ori,1,25652,GJ 2043,0.015631476,,,
67744,67960,121271,,GJ 1181A,,,13.917383,-29.090532,17.2622,-276.55,-101.22,0,9.53,8.345,K5/M0V,1.414,-13.223739,-7.25799,-8.392726,-0.00000753,0.00002227,-0.0000074,3.643562409,-0.507725564,-1.34075E-06,-4.90728E-07,,,Hya,1,67744,GJ 1181,0.039994475,,,
45486,45617,79969,,Gl 340A,,,9.298181,28.560517,17.2652,49.78,-507.62,-19.1,7.2,6.014,K3V,0.992,-11.526179,9.853777,8.254181,-0.00000511,-0.00000112,-0.00004666,2.434258126,0.498475056,2.4134E-07,-2.46101E-06,,,Cnc,1,45486,Gl 340,0.342294562,IP,7.213,7.183
119125,,,,GJ 1209,,,17.072837,16.929835,17.2712,108.31,-1124.8,75,12.28,11.093,m,1.55,-3.972163,-16.041911,5.030498,-0.00001543,-0.00010005,-0.00006773,4.469658346,0.295481364,5.25102E-07,-5.45317E-06,,,Her,1,119125,,0.003182731,,,
119393,,,,Gl 820.1,,,21.220848,-81.820418,17.2712,83.23,-360.52,-57,13.56,12.373,DA6,0.25,1.834951,-1.633752,-17.092615,-0.00002387,0.00003059,0.0000534,5.555604968,-1.428035685,4.0351E-07,-1.74783E-06,,,Oct,1,119393,,0.000979039,,,
65063,65269,116220,,,,,13.376137,-22.952088,17.2801,-39.88,-17.36,0,8.34,7.152,G1/G2V,0.667,-14.89052,-5.609453,-6.73857,-0.00000065,0.00000333,-0.00000134,3.501864457,-0.400589505,-1.93344E-07,-8.41637E-08,,,Hya,1,65063,,0.120005182,,,
34271,34361,,,,,,7.123031,-21.457587,17.298,195.2,-210.99,0,11.11,9.92,M2V:,1.44,-4.665377,15.408235,-6.327823,-0.00001379,-0.00001094,-0.00001647,1.864805229,-0.374505546,9.46356E-07,-1.02291E-06,,,CMa,1,34271,,0.00937562,,11.215,11.025
119014,,,,Gl 580B,,,15.230663,-1.352022,17.301,-1279.01,-490.96,0,7.35,6.16,,,-11.469851,-12.946061,-0.408219,-0.00007967,0.00007183,-0.00004117,3.987378321,-0.023597243,-6.20082E-06,-2.38026E-06,,,Ser,2,74309,Gl 580,0.299226464,,,
53330,53486,94765,,GJ 3633,,,10.941889,7.388474,17.304,-258.54,-77.42,0,7.37,6.179,K0,0.92,-16.506116,4.69307,2.225227,0.00000513,0.00002109,-0.00000644,2.864579771,0.128953196,-1.25344E-06,-3.75343E-07,,,Leo,1,53330,,0.294035657,GY,7.393,7.353
93530,93825,177474,7226,Gl 743.1A,Gam CrA,,19.106971,-37.063437,17.304,96.93,-279.67,-53.2,4.23,3.039,F7IV-V,0.523,3.945759,-13.231884,-10.428815,-0.00000866,0.00005748,0.00001407,5.00219334,-0.646879005,4.6993E-07,-1.35588E-06,Gam,,CrA,1,93530,Gl 743.1,5.301515067,,,
39231,39342,67199,,GJ 3476,,,8.042034,-66.020939,17.313,-157.34,-130.52,0,7.18,5.988,K1V,0.872,-3.584807,6.054352,-15.818785,0.00001646,-0.00000188,-0.00000445,2.105399576,-1.152282763,-7.62806E-07,-6.32779E-07,,,Vol,1,39231,,0.350590384,,,
3198,3206,3765,,Gl 28,,,0.680335,40.187173,17.328,355.69,-668.91,-64.2,7.36,6.166,K2V,0.937,13.027701,2.345295,11.181157,-0.00001897,0.00002694,-0.00008529,0.178111245,0.701398492,1.72443E-06,-3.24297E-06,,,And,1,3198,,0.297577438,,,
118748,,,,GJ 3657,,,11.385818,25.894566,17.331,-998.61,-324.47,0,15.14,13.946,m,1.84,-15.389775,2.496534,7.568733,0.00000166,0.00008472,-0.00002452,2.980800235,0.45194543,-4.8414E-06,-1.57306E-06,,,Leo,1,118748,,0.000229932,,,
46376,46509,81997,3759,Gl 348A,31Tau1Hya,,9.485805,-2.768964,17.334,100.93,-3.15,10.8,4.59,3.396,F6V,0.411,-13.696743,10.590983,-0.837388,-0.00001391,0.00000003,-0.0000008,2.483377911,-0.048327537,4.89322E-07,-1.52716E-08,Tau-1,31,Hya,1,46376,Gl 348,3.815926491,,,
17707,17749,23189,,Gl 153A,,,3.800252,68.67287,17.337,126.4,239.69,4.3,9.17,7.975,K0,1.314,3.43374,5.28837,16.149783,-0.00001826,-0.00000861,0.00001142,0.994903719,1.19856768,6.12804E-07,1.16205E-06,,,Cam,1,17707,Gl 153,0.056234133,,9.296,9.036
77565,77801,142267,5911,GJ 3924,39    Ser,,15.886694,13.196623,17.3491,-150.56,-562.69,35.1,6.07,4.874,G0IV,0.598,-8.875775,-14.371331,3.960759,-0.00003482,-0.00003227,-0.00003788,4.159126851,0.23032452,-7.29935E-07,-2.728E-06,,39,Ser,1,77565,,0.978137704,,,
84636,84893,156897,6445,Gl 670A,40Xi  Oph,,17.350101,-21.112933,17.3551,262.01,-204.74,-8.8,4.39,3.193,F2/F3V,0.394,-2.741337,-15.956245,-6.251407,0.0000242,0.00001066,-0.00001283,4.542245779,-0.368490188,1.27026E-06,-9.92608E-07,Xi,40,Oph,1,84636,Gl 670,4.600446664,,,
118226,,,,GJ 1060A,,,3.481626,-27.310647,17.3611,744.08,367.75,0,14,12.802,DA5,,9.449172,12.193084,-7.965528,-0.00004079,0.00004959,0.0000275,0.911487635,-0.476660711,3.6074E-06,1.7829E-06,,,For,1,118226,GJ 1060,0.000659478,,,
118227,,,,GJ 1060B,,,3.481626,-27.312314,17.3611,744.08,367.75,0,13.8,12.602,sdM3,,9.449032,12.1929,-7.965976,-0.00004079,0.0000496,0.0000275,0.911487494,-0.4766898,3.6074E-06,1.7829E-06,,,For,2,118226,GJ 1060,0.000792866,,,
62014,62207,110897,4845,Gl 484,10    CVn,,12.749852,39.278916,17.3762,-359.75,139.32,80.7,5.95,4.75,G0V,0.557,-13.192666,-2.623591,11.001261,-0.00006128,0.00001871,0.00006134,3.337903383,0.685546414,-1.74412E-06,6.75442E-07,,10,CVn,1,62014,,1.096478196,,,
65670,65877,,,Gl 515,,,13.503791,-8.574859,17.3762,-1107.17,-475.43,37,12.31,11.11,DA,0.026,-15.86784,-6.591122,-2.590866,-0.00006482,0.00007406,-0.00004524,3.535284178,-0.149659515,-5.36771E-06,-2.30495E-06,,,Vir,1,65670,,0.003133286,,12.42,11.91
118255,,,,Gl 153B,,,3.799828,68.680477,17.3822,107.51,280.07,3.1,11.3,10.099,M2.5 J,1.54,3.441942,5.300133,16.192839,-0.00001894,-0.00001254,0.00001154,0.994792743,1.198700455,5.21223E-07,1.35784E-06,,,Cam,2,17707,Gl 153,0.007950602,,,
118256,,,,Gl 153C,,,3.799828,68.680477,17.3822,107.51,280.07,0,11.6,10.399,,,3.441911,5.300085,16.192691,-0.00001957,-0.0000135,0.00000858,0.994792743,1.198700455,5.21223E-07,1.35784E-06,,,Cam,3,17707,Gl 153,0.006031148,,,
43602,43726,76151,3538,Gl 327,,,8.904986,-5.434459,17.3853,-413.14,30.44,31.8,6.01,4.809,G3V,0.661,-11.930031,12.538813,-1.646538,0.00000274,0.00004763,-0.00000053,2.331319808,-0.094849211,-2.00296E-06,1.47577E-07,,,Hya,1,43602,,1.038484455,,,
96788,97096,,,,,,19.732514,-66.294078,17.3974,-19.26,-214.11,0,9.29,8.088,G,1.025,3.064827,-6.28727,-15.929426,-0.0000087,0.00001415,-0.00000726,5.16596001,-1.157049933,-9.33751E-08,-1.03803E-06,,,Pav,1,96788,,0.050675728,,,
119147,,,,Gl 670B,,,17.349921,-21.115277,17.3974,230.37,-207.43,0,8.9,7.698,K3,,-2.74869,-15.994834,-6.267336,0.00002022,0.00000292,-0.00001632,4.542198688,-0.368531113,1.11687E-06,-1.00565E-06,,,Oph,2,84636,Gl 670,0.072577165,,,
33963,34052,53680,,Gl 264,,,7.063959,-43.561317,17.4155,-75.43,401.32,88,8.67,7.465,K5V...,1.18,-3.470064,12.134061,-12.002095,-0.00001823,0.0000869,-0.00003747,1.849340151,-0.760288416,-3.65695E-07,1.94565E-06,,,Pup,1,33963,,0.089949758,,,
15760,15799,21175,,GJ 3222A,,,3.393126,-40.076389,17.4216,40.65,42.21,0,6.9,5.695,K0V,0.84,8.407955,10.344851,-11.216172,-0.00000122,0.00000395,0.00000273,0.888318333,-0.699464943,1.97077E-07,2.0464E-07,,,Eri,1,15760,GJ 3222,0.459198013,,,
118031,,,,GJ 1024,,,0.944074,17.459975,17.4216,658.26,-291.7,0,13.71,12.505,m,1.64,16.113878,4.065934,5.227168,-0.00000642,0.00005571,-0.0000235,0.247158052,0.304734048,3.19133E-06,-1.41421E-06,,,Psc,1,118031,,0.000866962,,,
69304,69526,124642,,GJ 3833,,,14.232532,30.217187,17.4277,-398.02,175.39,0,8.03,6.824,K5,1.064,-12.559829,-8.309332,8.770999,-0.00001233,0.00003216,0.0000128,3.726068115,0.527389406,-1.92966E-06,8.50315E-07,,,Boo,1,69304,,0.162330453,,,
7963,7978,10647,506,GJ 3109,,,1.708125,-53.740834,17.4338,166.97,-106.71,12.9,5.52,4.313,F8V,0.551,9.297155,4.45887,-14.057838,-0.00000562,0.00001295,-0.00001597,0.447185962,-0.937954496,8.09493E-07,-5.17345E-07,,,Eri,1,7963,,1.639834428,,,
76593,76829,139664,5825,Gl 594,,,15.686505,-44.661205,17.4368,-168.7,-265.69,-5.4,4.64,3.433,F5IV-V,0.413,-7.060857,-10.196187,-12.256524,-0.0000005,0.00002433,-0.00001209,4.106717352,-0.779485074,-8.17881E-07,-1.2881E-06,,,Lup,1,76593,,3.688077172,,,
31925,32010,47752,,Gl 241,,,6.687694,23.957715,17.4459,206.01,-276.84,-44.6,8.08,6.872,K2,1.021,-2.854786,15.684808,7.083961,-0.00001138,-0.00003478,-0.00003992,1.75083431,0.418141008,9.98765E-07,-1.34216E-06,,,Gem,1,31925,,0.155310208,,,
119130,,,,GJ 1211,,,17.135359,2.958323,17.452,23.02,-329.2,0,15.19,13.981,DZ7,0.46,-3.911609,-16.984121,0.90069,0.00000157,-0.00000184,-0.00002781,4.486026409,0.051632479,1.11604E-07,-1.59599E-06,,,Oph,1,119130,,0.000222638,,,
118511,,65277,,Gl 293.1A,,,7.965933,-0.812672,17.4642,-180,0,-4,8.06,6.849,K5 V,1.04,-8.595897,15.200011,-0.247697,0.00001528,0.00000394,0.00000006,2.085476263,-0.014183803,-8.72665E-07,0,,,Mon,1,118511,Gl 293.1,0.158635361,,,
57334,57507,102438,4525,Gl 446,,,11.787731,-30.28651,17.4734,-265.29,-227.49,11.8,6.48,5.268,G5V,0.681,-15.065328,0.838098,-8.812314,0.00000055,0.00002248,-0.00002273,3.086020829,-0.52859932,-1.28616E-06,-1.1029E-06,,,Hya,1,57334,,0.680455925,,,
119326,,,,GJ 4133,,,20.092916,-10.949194,17.4825,1076.05,-92.25,0,16.87,15.657,DC9,1.04,8.941209,-14.651493,-3.3206,0.00007708,0.00004875,-0.00000768,5.26031313,-0.191099479,5.21684E-06,-4.47241E-07,,,Aql,1,119326,,4.75554E-05,,,
118094,,,,Gl 81B,,,1.932307,-51.607872,17.4856,676.55,299.8,0,10.7,9.487,,,9.498609,5.263072,-13.704842,-0.00001036,0.00005982,0.00001578,0.505876861,-0.900727278,3.28001E-06,1.45349E-06,,,Eri,2,8989,Gl  81,0.013970116,,,
118690,,,,Gl 397.1B,,,10.525217,57.088131,17.4886,-143.39,204.79,0,16.2,14.986,m,,-8.802786,3.578632,14.681807,0.00001808,0.00000577,0.00000943,2.755495334,0.99637585,-6.95174E-07,9.9284E-07,,,UMa,2,51399,Gl 397.1,8.82267E-05,,,
1291,1292,1237,,GJ 3021,,,0.26986,-79.851182,17.4978,433.87,-57.95,0,6.59,5.375,G6V,0.749,3.075498,0.217909,-17.224019,-0.00000742,0.00003637,-0.00000087,0.070649054,-1.393666029,2.10346E-06,-2.8095E-07,,,Hyi,1,1291,,0.616595002,,,
80400,80644,148467,,Gl 626,,,16.465808,7.305449,17.5193,-247.1,-262.37,-35,8.83,7.612,K5,1.253,-6.793243,-15.993878,2.227696,-0.00000654,0.00003828,-0.00002665,4.310738488,0.127504146,-1.19797E-06,-1.27201E-06,,,Her,1,80400,,0.078559733,,,
112441,112800,,,GJ 1274,,,22.843777,34.856057,17.5193,843.72,315.16,0,11.72,10.502,,1.523,13.722599,-4.285387,10.012572,0.00000676,0.00007296,0.00002196,5.980486867,0.608352959,4.09047E-06,1.52794E-06,,,Peg,1,112441,,0.005485295,,11.799,11.639
118611,,,,Gl 340B,,,9.298342,28.562049,17.5285,53.31,-507.21,0,8.1,6.881,K3 V,,-11.702339,10.003493,8.380554,-0.00001861,0.00000995,-0.00003785,2.434300239,0.498501792,2.58454E-07,-2.459E-06,,,Cnc,2,45486,Gl 340,0.154028115,,,
117844,118212,,,Gl 913,,,23.978703,46.729155,17.5408,668.84,-7.64,3.6,9.57,8.35,M0,1.355,12.023141,-0.066879,12.77186,0.00000332,0.00005686,0.00000224,6.277609786,0.815577607,3.24263E-06,-3.70398E-08,,,And,1,117844,,0.039810717,,9.619,9.509
118088,,,,GJ 3113,,,1.776769,-8.648957,17.5439,392.52,-175.58,0,12.99,11.769,M3,1.58,15.501564,7.780076,-2.638254,-0.00001698,0.00002883,-0.00001476,0.465157133,-0.150952772,1.90299E-06,-8.51246E-07,,,Cet,1,118088,,0.001707654,,,
118196,,,,GJ 3207,,,3.192949,-38.787613,17.5439,827.88,-192.65,0,11.51,10.289,M3.5,1.51,9.16853,10.146121,-10.990118,-0.00005911,0.00003961,-0.00001277,0.835912213,-0.676971563,4.01368E-06,-9.34008E-07,,,For,1,118196,,0.006674212,,,
118654,,,,GJ 3572,,,9.928814,35.361964,17.5439,-39.94,-226.5,0,12.73,11.509,M4,,-12.254977,7.383316,10.153355,-0.0000078,0.00000866,-0.00001571,2.599357555,0.617182699,-1.93635E-07,-1.09813E-06,,,LMi,1,118654,,0.002169702,,,
118737,,,,GJ 3652,,,11.253346,19.454674,17.5439,140.55,-448.49,0,12.89,11.669,m,1.58,-16.227209,3.212984,5.84319,-0.00001479,-0.00000926,-0.00003596,2.946119036,0.339548121,6.81406E-07,-2.17435E-06,,,Leo,1,118737,,0.001872406,,,
118839,,,,GJ 3740,,,12.705574,-71.631105,17.5439,-699.93,-9.77,0,13.5,12.279,k-m,,-5.434998,-1.013449,-16.64999,-0.00001017,0.00005866,-0.00000026,3.326311418,-1.250198627,-3.39336E-06,-4.73808E-08,,,Mus,1,118839,,0.001067579,,,
118881,,,,GJ 3777,,,13.334273,-35.402311,17.5439,-846.84,-452.17,0,12.8,11.579,M3.5,,-13.436734,-4.893605,-10.163428,-0.00000374,0.0000753,-0.00003135,3.490904428,-0.617886881,-4.1056E-06,-2.19219E-06,,,Cen,1,118881,,0.00203423,,,
118929,,,,GJ 3812,,,13.847843,36.737029,17.5439,-429.4,95.98,0,13.65,12.429,M3.5,,-12.446341,-6.538957,10.493764,-0.00001267,0.0000346,0.00000654,3.625356923,0.64118211,-2.08179E-06,4.65339E-07,,,CVn,1,118929,,0.000929822,,,
119093,,,,GJ 3963,,,16.59014,-27.305035,17.5439,4.82,-919.99,0,14.2,12.979,m,,-5.624184,-14.539214,-8.047871,0.00001333,0.00003331,-0.00006953,4.343288441,-0.476562767,2.3368E-08,-4.46022E-06,,,Sco,1,119093,,0.000560273,,,
119186,,,,GJ 4032,,,17.883455,16.915921,17.5439,-267.92,-209.32,0,12.69,11.469,m,,-0.512099,-16.77701,5.104715,-0.00002293,-0.00000448,-0.00001703,4.681877466,0.295238517,-1.29891E-06,-1.01483E-06,,,Her,1,119186,,0.002251127,,,
119284,,,,GJ 4110,,,19.447572,16.714318,17.5439,61.4,-200.82,0,13.09,11.869,m,,6.216448,-15.610442,5.045623,0.00000667,-0.00000263,-0.00001636,5.091362469,0.291719883,2.97676E-07,-9.73617E-07,,,Sge,1,119284,,0.001557399,,,
119292,,,,GJ 4117,,,19.581613,53.255906,17.5439,276.34,498.53,0,12.2,10.979,M3,1.64,4.223132,-9.608363,14.058198,0.00000785,0.00004056,0.00002537,5.126454225,0.92949091,1.33973E-06,2.41696E-06,,,Cyg,1,119292,,0.003535086,,,
119386,,,,GJ 4178,,,21.054226,-50.382178,17.5439,310.57,-391.85,0,13.1,11.879,m,,8.022312,-7.797042,-13.514328,0.00000001,0.00003683,-0.00002125,5.511983555,-0.879334894,1.50569E-06,-1.89972E-06,,,Ind,1,119386,,0.001543121,,,
119424,,,,GJ 4207,,,21.644896,-33.662427,17.5439,1064.97,-530.98,0,12.57,11.349,M2,1.62,11.91385,-8.442839,-9.724562,0.00003198,0.00008836,-0.00003759,5.666620566,-0.587520178,5.16312E-06,-2.57424E-06,,,PsA,1,119424,,0.002514201,,,
119431,,,,GJ 4214A,,,21.735839,17.057589,17.5439,250,0,0,13.65,12.429,m,,13.910919,-9.369706,5.1462,0.00001188,0.00001763,0,5.690429374,0.297711086,1.21203E-06,0,,,Peg,1,119431,GJ 4214,0.000929822,,,
119432,,,,GJ 4215B,,,21.735557,17.075911,17.5439,250,0,0,14.81,13.589,m,,13.908862,-9.369811,5.151564,0.00001188,0.00001763,0,5.6903556,0.298030863,1.21203E-06,0,,,Peg,2,119432,GJ 4215,0.000319448,,,
88419,88694,165185,6748,Gl 702.1,,,18.106585,-36.019788,17.5531,105.44,7.99,13.2,5.94,4.718,G3V,0.615,0.396121,-14.19176,-10.322427,0.00000928,-0.00001106,-0.00000739,4.740292769,-0.628663905,5.11188E-07,3.87366E-08,,,Sgr,1,88419,,1.129275744,,,
64587,64792,115383,5011,Gl 504,59    Vir,,13.279588,9.424156,17.5593,-334.51,190.7,-27.4,5.19,3.967,G0Vs,0.585,-16.359162,-5.694884,2.875153,0.00001926,0.00003685,0.00001143,3.476588108,0.16448256,-1.62175E-06,9.2454E-07,,59,Vir,1,64587,,2.255277567,,,
99696,100017,193664,7783,Gl 788,,,20.291918,66.853687,17.5685,468.52,296.81,-4.6,5.91,4.686,G3V,0.602,3.899623,-5.69941,16.154269,0.00001876,0.00004324,0.00000561,5.312411776,1.166816958,2.27145E-06,1.43898E-06,,,Dra,1,99696,,1.163054323,,,
79009,79248,145675,,Gl 614,,,16.173412,43.817645,17.5716,132.52,-298.38,-13.3,6.61,5.386,K0V,0.877,-5.834455,-11.256434,12.165886,0.00000644,-0.0000121,-0.00002776,4.234189448,0.764762168,6.42475E-07,-1.44659E-06,,14,Her,1,79009,,0.610379586,,,
103904,104239,200968,,Gl 819A,,,21.119548,-13.92293,17.5747,382.32,-46.55,-34,7.12,5.896,K1V,0.901,12.433419,-11.678513,-4.228689,-0.000003,0.0000475,0.00000452,5.529084808,-0.243000963,1.85354E-06,-2.25681E-07,,,Aqr,1,103904,Gl 819,0.381592649,,,
34301,34392,,,GJ 3425,,,7.13075,67.20131,17.6056,-290,-43.59,0,11.17,9.942,M2,1.499,-1.990042,6.525367,16.23011,0.00002267,0.0000105,-0.00000144,1.866826016,1.17288413,-1.40596E-06,-2.1133E-07,,,Cam,1,34301,,0.009187556,,11.25,11.07
88765,89042,165499,6761,Gl 705.1,Iot Pav,,18.173948,-62.002197,17.6118,-77.6,234.68,29.7,5.47,4.241,G0V,0.592,0.37635,-8.259198,-15.550848,-0.00000516,-0.00003222,-0.00001741,4.757928555,-1.082142488,-3.76215E-07,1.13776E-06,Iot,,Pav,1,88765,,1.752265862,,,
17609,17651,23754,1173,Gl 155,27Tau6Eri,,3.780804,-23.249723,17.6274,-159.86,-528.54,6.9,4.22,2.989,F3/F5V,0.434,8.889125,13.538595,-6.958253,0.00000519,-0.00001698,-0.00004428,0.98981227,-0.405784209,-7.75023E-07,-2.56243E-06,Tau-6,27,Eri,1,17609,,5.551367774,,,
95784,96085,183870,,GJ 1240,,,19.535195,-11.274942,17.6274,235.44,18.03,-48.1,7.53,6.299,K2V,0.922,6.762238,-15.909264,-3.446377,-0.00000024,0.00005199,0.00001113,5.114302088,-0.196784863,1.14145E-06,8.74119E-08,,,Aql,1,95784,,0.263269167,,,
30292,30365,,,,,,6.386326,8.907419,17.6305,206.42,88.35,0,11.21,9.979,,,-1.758641,17.328863,2.729877,-0.00001743,-0.00000294,0.00000746,1.671936125,0.155463788,1.00075E-06,4.28333E-07,,,Mon,1,30292,,0.008879735,,11.859,9.849
118270,,,,GJ 3259,,,4.007416,8.236274,17.6367,-341.92,-378.41,0,15.87,14.638,DC9,0.69,8.698043,15.133201,2.526555,0.00002766,-0.00001054,-0.00003202,1.04913909,0.143750107,-1.65767E-06,-1.83457E-06,,,Tau,1,118270,,0.000121563,,,
119392,,,,Gl 819B,,,21.119612,-13.923118,17.646,389.1,-26.52,0,10.2,8.967,M0,,12.484289,-11.725849,-4.245975,0.00002239,0.00002463,-0.0000022,5.529101499,-0.243004256,1.88641E-06,-1.28597E-07,,,Aqr,2,103904,Gl 819,0.022552776,,,
86469,86736,160915,6595,Gl 692,58    Oph,,17.723833,-21.683194,17.6523,-97.93,-44.57,10.2,4.86,3.626,F6/F7V,0.469,-1.184939,-16.360471,-6.522104,-0.00000896,-0.00000766,-0.0000074,4.640088551,-0.378443127,-4.74778E-07,-2.16081E-07,,58,Oph,1,86469,,3.087450476,,,
36254,36357,,,,,,7.48382,31.99384,17.6585,160.4,174.68,0,7.73,6.495,K2V,0.923,-5.672526,13.860408,9.355969,-0.00000971,-0.00001253,0.00001268,1.95925962,0.558397845,7.77641E-07,8.46873E-07,,,Gem,1,36254,,0.219785987,V376,7.758,7.718
117976,,,,GJ 1007,,,0.282173,5.124112,17.6678,-54.91,-627.6,0,13.79,12.554,m,1.62,17.549198,1.298769,1.577972,0.00000514,-0.00000434,-0.00005354,0.073872692,0.089432617,-2.66211E-07,-3.0427E-06,,,Psc,1,117976,,0.000828705,,,
119043,,,,GJ 3919,,,15.827335,34.81599,17.6678,-629.49,684.57,0,13.16,11.924,m,1.64,-7.813186,-12.220952,10.087301,-0.00002741,0.00005723,0.00004814,4.143586504,0.607653652,-3.05185E-06,3.31889E-06,,,CrB,1,119043,,0.001480471,,,
74309,74537,135204,,Gl 580A,,,15.230804,-1.351387,17.671,-1269.65,-503.15,-69.2,6.58,5.344,K0V,0.763,-11.71425,-13.222898,-0.416737,-0.00003383,0.00012584,-0.00004142,3.987415205,-0.023586159,-6.15544E-06,-2.43934E-06,,,Ser,1,74309,Gl 580,0.634453796,,,
119380,,,,Gl 812B,,,20.946253,-4.844744,17.6803,778.23,-224.62,0,16.6,15.363,DC9+,1.16,12.28069,-12.631232,-1.493207,0.0000467,0.00004765,-0.00001918,5.483716192,-0.084556739,3.77297E-06,-1.08901E-06,,,Aqr,2,103061,Gl 812,6.23448E-05,,,
103061,103393,,,Gl 812A,,,20.946814,-4.846973,17.6866,786.98,-219.52,-44.5,11.87,10.632,M4,1.49,12.286597,-12.633608,-1.494391,0.00001565,0.00008069,-0.00001491,5.483863031,-0.084595638,3.81539E-06,-1.06426E-06,,,Aqr,1,103061,Gl 812,0.004866313,FR,11.994,11.784
54957,55119,,,GJ 1145,,,11.285414,-27.813529,17.6929,205.34,-75,0,9.78,8.541,M0V,1.383,-15.375814,2.910494,-8.255428,-0.00000033,-0.00001786,-0.00000569,2.95451456,-0.485437659,9.95516E-07,-3.6361E-07,,,Hya,1,54957,,0.033388738,,,
119074,,,,GJ 1200,,,16.242558,19.10067,17.6991,-1999.16,352.5,-82,12.92,11.68,m,1.54,-7.42501,-14.981709,5.790286,-0.00011418,0.00015598,0.00000114,4.252291842,0.333369584,-9.6922E-06,1.70899E-06,,,Her,1,119074,,0.001853532,,,
17372,17414,,,Gl 150.1B,,,3.731266,16.67202,17.7117,155.18,-319.87,13.3,9.99,8.749,M2,1.42,9.49558,14.061364,5.081392,0.00000066,0.00002479,-0.00002241,0.976843214,0.290981645,7.52334E-07,-1.55077E-06,,,Tau,2,17363,Gl 150.1,0.027567666,,,
98643,98959,189567,7644,Gl 776,,,20.092216,-67.320897,17.7274,844.55,-674.69,-12.2,6.07,4.827,G2V,0.648,3.559782,-5.834946,-16.356595,0.0000316,0.00008757,-0.00001084,5.260129978,-1.174971308,4.09449E-06,-3.27099E-06,,,Pav,1,98643,,1.021409752,,,
56297,56466,,,GJ 3671,,,11.57722,-23.870877,17.7368,-605.74,-295.99,0,11.16,9.916,,1.505,-16.120335,1.791617,-7.177672,0.00001599,0.00005063,-0.00002327,3.030909115,-0.416625407,-2.93671E-06,-1.435E-06,,,Crt,1,56297,,0.009410225,,11.234,11.094
22398,22451,30876,,GJ 3317,,,4.831204,-35.10763,17.7462,-26.26,-113.91,0,7.49,6.244,K2V,0.901,4.373274,13.84333,-10.206091,0.00000046,-0.00000605,-0.00000802,1.264806296,-0.612743738,-1.27312E-07,-5.52251E-07,,,Cae,1,22398,,0.276949127,,,
55679,55846,99491,4414,Gl 429A,83    Leo,,11.445923,3.013102,17.7462,-726.28,181.91,3.8,6.49,5.244,K0IV,0.778,-17.535582,2.561653,0.932819,0.000006,0.00006227,0.00001583,2.996535576,0.052588551,-3.5211E-06,8.81925E-07,,83,Leo,1,55679,Gl 429,0.695664754,,,
118635,,,,Gl 354.1B,,,9.546703,26.995977,17.7462,-135,-233.83,0,16.5,15.254,m,,-12.661655,9.472017,8.055496,-0.00000036,0.00001477,-0.00001792,2.49932109,0.471168676,-6.54498E-07,-1.13362E-06,,,Leo,2,46710,Gl 354.1,6.89287E-05,,,
18404,18450,25004,,GJ 1066,,,3.943436,-41.343572,17.7588,62.67,91.45,0,8.85,7.603,K5V,1.214,6.836553,11.446424,-11.73098,-0.00000197,0.00000723,0.00000591,1.032389091,-0.721581461,3.03833E-07,4.43362E-07,,,Hor,1,18404,,0.079213645,,,
118253,,,,Gl 151,,,3.742846,18.437389,17.762,422.21,-1123.27,0,15.19,13.943,DQ8,0.31,9.387658,13.992984,5.617556,-0.00001313,0.00004568,-0.00009175,0.979874676,0.321793146,2.04693E-06,-5.44577E-06,,,Tau,1,118253,,0.000230569,,,
118665,,,,GJ 1131,,,10.135065,69.246355,17.762,-869.98,-6.07,0,14.34,13.093,m,1.75,-5.557454,2.954458,16.609471,0.00003469,0.00006639,-0.00000019,2.65335374,1.20857689,-4.21778E-06,-2.94427E-08,,,UMa,1,118665,,0.000504429,,,
98504,98819,190406,7672,Gl 779,15    Sge,,20.068399,17.070173,17.7683,-394.07,-406.42,4.8,5.8,4.552,G1V,0.6,8.754808,-14.555518,5.215768,-0.00002137,-0.00003032,-0.00003202,5.253894481,0.297930726,-1.91051E-06,-1.97038E-06,,15,Sge,1,98504,,1.315830655,,,
25357,25421,35854,,GJ 1079,,,5.43742,-32.504764,17.7715,246.73,-90.72,0,7.7,6.451,K2/K3V,0.946,2.19941,14.825278,-9.549867,-0.00002164,-0.00000103,-0.00000659,1.423513236,-0.56731516,1.19618E-06,-4.39823E-07,,,Col,1,25357,,0.228875866,,,
118957,,,,Gl 542.1B,,,14.316763,-25.815916,17.7841,-364.48,342.27,0,13.3,12.05,,,-13.153776,-9.1254,-7.744641,-0.00002847,0.00001849,0.00002656,3.748119732,-0.450572738,-1.76705E-06,1.65939E-06,,,Hya,2,69742,Gl 542.1,0.001318257,,,
46710,46843,82443,,Gl 354.1A,,,9.545492,26.98853,17.7936,-147.51,-246.28,9.3,7.05,5.799,K0,0.779,-12.69339,9.501976,8.074989,-0.00000688,0.00002104,-0.00001461,2.49900385,0.471038713,-7.15149E-07,-1.194E-06,,,Leo,1,46710,Gl 354.1,0.417253511,,,
84202,84460,,,GJ 3998,,,17.266844,11.057666,17.7936,-137.67,-349.04,0,11.01,9.759,M2.5,1.773,-3.331353,-17.142561,3.412756,-0.00001276,-0.0000034,-0.00002955,4.520449178,0.192992679,-6.67443E-07,-1.69219E-06,,,Oph,1,84202,,0.010874267,,11.091,10.951
82752,83006,153525,,Gl 649.1C,,,16.961741,47.362144,17.7999,-139.09,262.49,-7,7.93,6.678,K0,1.004,-3.23709,-11.614258,13.094445,-0.00000579,0.00002394,0.00001008,4.44057335,0.826625345,-6.74327E-07,1.27259E-06,,,Her,3,82765,Gl 649.1,0.18569491,V1089,7.951,7.911
63415,63618,113194,,,,,13.039084,-26.787109,17.8063,-153.35,-202.05,0,8.35,7.097,K4V,1.216,-15.310937,-4.270922,-8.024884,0.00000401,0.00001486,-0.00001557,3.413624331,-0.467523253,-7.43462E-07,-9.79566E-07,,,Hya,1,63415,,0.126240876,,,
38820,38931,65277,,Gl 293.1B,,,7.966052,-0.814417,17.8126,-156.43,3,-4,8.05,6.796,K5V,1.065,-8.767945,15.503112,-0.253184,0.00001377,0.00000309,0.00000032,2.085507456,-0.014214266,-7.58394E-07,1.45444E-08,,,Mon,2,118511,Gl 293.1,0.166571233,,,
64037,64241,114378,4968,Gl 501A,42Alp Com,Diadem,13.166469,17.529431,17.8253,-445.95,129.69,-11.6,4.32,3.065,F5V,0.455,-16.211012,-5.110375,5.368871,0.00000242,0.00004117,0.00000711,3.446973582,0.305946294,-2.16203E-06,6.28755E-07,Alp,42,Com,1,64037,Gl 501,5.17606832,,,
83284,83541,154088,,Gl 652,,,17.074399,-28.582678,17.838,83.25,-269.14,15.3,6.59,5.333,K1V,0.814,-3.758721,-15.20651,-8.534235,0.00000636,-0.00000426,-0.00002792,4.470067197,-0.498861846,4.03607E-07,-1.30483E-06,,,Oph,1,83284,,0.640914357,,,
8989,9007,11937,566,Gl 81A,Chi Eri,,1.932564,-51.608896,17.8508,681.24,284.23,-6.3,3.69,2.432,G5IV,0.844,9.696827,5.372709,-13.991232,-0.00001521,0.00005897,0.00002032,0.505944033,-0.900745156,3.30274E-06,1.37799E-06,Chi,,Eri,1,8989,Gl  81,9.272567426,,,
118318,,,,Gl 171.2B,,,4.612552,27.16566,17.8508,238.4,-126.76,0,15.8,14.542,DC8,0.65,5.642626,14.845489,8.150046,-0.0000175,0.00001201,-0.00000976,1.207563281,0.474130204,1.1558E-06,-6.14535E-07,,,Tau,2,21429,Gl 171.2,0.000132801,,,
73506,73734,,,GJ 3890,,,15.071916,60.384586,17.854,-654.95,177.55,0,11,9.741,M:,1.5,-6.120433,-6.354988,15.521589,-0.00003157,0.00004894,0.00000759,3.945818362,1.053909843,-3.17529E-06,8.60787E-07,,,Dra,1,73506,,0.01105605,,11.045,10.925
117969,,,,GJ 3017,,,0.260486,-29.768356,17.8571,91.92,-91.92,0,14.31,13.051,dM3.4,1.57,15.464641,1.056302,-8.865954,-0.00000448,0.00000767,-0.00000691,0.068195016,-0.51955583,4.45641E-07,-4.45655E-07,,,Scl,1,117969,,0.000524324,,,
118093,,,,GJ 3120,,,1.856514,21.39435,17.8571,0,-360,0,13.9,12.641,M4,,14.701111,7.766667,6.514002,0.00001005,0.00000531,-0.00002902,0.486034112,0.373401856,0,-1.74533E-06,,,Ari,1,118093,,0.000764892,,,
118120,,,,GJ 3141,,,2.189293,-63.236781,17.8571,-685.46,-350.77,0,12.25,10.991,m,,6.756994,4.359223,-15.94416,0.00000941,-0.00006456,-0.00001368,0.5731556,-1.103690037,-3.3232E-06,-1.70058E-06,,,Hyi,1,118120,,0.00349623,,,
118662,,,,GJ 3582,,,10.045055,14.987349,17.8571,135,-233.83,0,14.23,12.971,m,1.7,-15.039339,8.448009,4.61795,-0.00001029,-0.00000762,-0.00001955,2.629789166,0.261578592,6.54498E-07,-1.13362E-06,,,Leo,1,118662,,0.000564417,,,
118700,,,,GJ 1136B,,,10.697567,-36.630584,17.8571,-148.45,59.68,0,11.67,10.411,,1.52,-13.50525,4.792276,-10.654499,0.00000139,0.00001314,0.00000415,2.800616608,-0.639324306,-7.19706E-07,2.89327E-07,,,Ant,2,52190,GJ 1136,0.005964856,,,
118722,,,,GJ 3634,,,10.97637,-31.14377,17.8571,-524.04,-79.25,0,11.95,10.691,m,,-14.737787,4.0472,-9.235465,0.00001543,0.00004281,-0.00000587,2.873606932,-0.543561325,-2.54062E-06,-3.84229E-07,,,Hya,1,118722,,0.004608929,,,
118788,,,,GJ 3696,,,11.971734,42.574754,17.8571,130.23,-378.21,0,14.08,12.821,m,,-13.149525,0.09716,12.081248,-0.00002224,-0.00001111,-0.00002411,3.134192647,0.743069635,6.31373E-07,-1.8336E-06,,,UMa,1,118788,,0.000648037,,,
118874,,,,GJ 1168,,,13.218087,20.190128,17.8571,-592.14,146.54,0,13.02,11.761,dM,1.58,-15.914889,-5.254338,6.163138,-0.00001192,0.00005005,0.00001191,3.460487036,0.352384216,-2.87078E-06,7.10441E-07,,,Com,1,118874,,0.001720283,,,
118898,,,,GJ 3791,,,13.573357,-26.371338,17.8571,-694.37,-355.32,0,14,12.741,m,,-14.660775,-6.404903,-7.931893,-0.00001156,0.00006055,-0.00002756,3.553496591,-0.460266684,-3.3664E-06,-1.72266E-06,,,Hya,1,118898,,0.00069759,,,
119042,,,,GJ 3918,,,15.836434,0.957751,17.8571,179.01,-18.82,0,12.45,11.191,m,,-9.581046,-15.066204,0.298484,0.00001306,-0.00000834,-0.00000163,4.145968703,0.016715916,8.67865E-07,-9.12177E-08,,,Ser,1,119042,,0.002908037,,,
119092,,,,GJ 3961,,,16.579592,-53.592898,17.8571,-177.92,-645.94,0,12,10.741,m,,-3.851272,-9.874025,-14.371756,0.000002,0.00004752,-0.00003319,4.340527065,-0.935372531,-8.62581E-07,-3.13162E-06,,,Nor,1,119092,,0.004401493,,,
119187,,,,GJ 2133,,,17.90186,-34.664358,17.8571,-327.66,-229.43,0,13.52,12.261,k,1.64,-0.377575,-14.682575,-10.156547,-0.00002807,0.00001202,-0.00001634,4.686695969,-0.605007182,-1.58854E-06,-1.11231E-06,,,Sco,1,119187,,0.001085425,,,
119528,,215857,,GJ 4296,,,22.792106,44.552805,17.8571,-60.92,-66.25,2.2,9.6,8.341,F8,,12.094137,-3.957354,12.528019,0.00000371,-0.00000676,-0.00000251,5.966959462,0.777593136,-2.95348E-07,-3.21179E-07,,,Lac,1,119528,,0.040142092,,,
119607,,,,GJ 4378A,,,23.955733,-12.979755,17.8571,188.96,19.86,0,12.93,11.671,M4,,17.399674,-0.201634,-4.010825,0.00000058,0.00001635,0.00000168,6.27159626,-0.226539462,9.16104E-07,9.6284E-08,,,Cet,1,119607,GJ 4378,0.00186896,,,
119608,,,,GJ 4379B,,,23.955456,-12.978089,17.8571,188.96,19.86,0,12.98,11.721,M4,,17.399776,-0.2029,-4.010319,0.00000058,0.00001635,0.00000168,6.27152362,-0.226510381,9.16104E-07,9.6284E-08,,,Cet,2,119608,GJ 4379,0.001784843,,,
7156,7170,,,GJ 3098,,,1.540619,-21.905126,17.8635,-588.41,-888.25,0,11.16,9.9,,1.492,15.243902,6.504961,-6.66435,-0.00000639,-0.00005813,-0.00007137,0.403333169,-0.382316571,-2.85269E-06,-4.30636E-06,,,Cet,1,7156,,0.009549926,,11.215,11.055
75083,75312,137107,5727,Gl 584A,2Eta CrB,,15.38675,30.287812,17.8635,125.77,-176.48,-7.3,4.99,3.73,G2V,0.577,-9.748862,-11.953838,9.009316,0.00000764,-0.00000786,-0.00001696,4.028241698,0.528622045,6.0975E-07,-8.55599E-07,Eta,2,CrB,1,75083,Gl 584,2.805433638,,,
32353,32439,46588,2401,Gl 240.1,,,6.77067,79.564811,17.8731,-99.03,-603.61,15.7,5.44,4.179,F8V,0.525,-0.64867,3.171604,17.577624,-0.00000248,0.00005496,0.00000632,1.772557241,1.388667918,-4.80111E-07,-2.92638E-06,,,Cam,1,32353,,1.855239576,,,
22854,22907,31560,,GJ 2037,,,4.928304,-28.563914,17.8859,187.57,-227.55,12.1,8.13,6.867,K3/K4V,1.072,4.349849,15.09475,-8.551994,-0.00001523,0.00000588,-0.00002325,1.290227021,-0.49853435,9.09365E-07,-1.10319E-06,,,Cae,1,22854,,0.156027087,,,
107007,107350,206860,8314,Gl 836.7,,,21.742035,14.771939,17.8859,231.08,-113.45,-17,5.96,4.697,G0V,0.587,14.359866,-9.638323,4.560369,-0.00000071,0.00002461,-0.00001394,5.692051389,0.257818974,1.12031E-06,-5.50021E-07,,,Peg,1,107007,,1.151330474,HN,5.976,5.946
119259,,177475,7227,Gl 743.1B,Gam CrA,,19.106847,-37.06474,17.8923,91.62,-264.58,-51.3,5,3.737,F8 V,,4.078969,-13.679989,-10.782412,-0.0000083,0.00005565,0.00001331,5.00216083,-0.646901752,4.44186E-07,-1.28274E-06,Gam,,CrA,2,93530,Gl 743.1,2.78740452,,,
106214,106557,,,GJ 4205,,,21.580604,51.537103,17.9019,456.12,310.81,0,12.01,10.746,M:,1.8,8.975228,-6.590613,14.017387,0.00000641,0.00004441,0.00001678,5.649788924,0.899492135,2.21133E-06,1.50685E-06,,,Cyg,1,106214,,0.00438127,,12.109,11.909
31080,31156,,,,,,6.538285,17.779621,17.9051,37.17,30.84,0,6.91,5.645,G8,0.401,-2.394779,16.880898,5.467441,-0.00000308,-0.00000126,0.00000255,1.711719124,0.310312927,1.80205E-07,1.49517E-07,,,Gem,1,31080,,0.480839348,,,
51399,51547,,,Gl 397.1A,,,10.528683,57.115862,17.9115,-66.52,172.39,-2,9.63,8.364,M0,1.361,-9.012315,3.654007,15.041529,0.00001485,0.00000021,0.00000641,2.756402661,0.996859849,-3.22498E-07,8.3577E-07,,,UMa,1,51399,Gl 397.1,0.039300674,,,
54712,54872,97603,4357,Gl 419,68Del Leo,Zosma,11.235138,20.523717,17.9147,143.31,-130.43,-20.2,2.56,1.294,A4V,0.128,-16.442201,3.337108,6.280742,0.00001259,-0.00001526,-0.00001785,2.941352165,0.358206432,6.94786E-07,-6.32342E-07,Del,68,Leo,1,54712,,26.44843627,,,
54903,55066,,,GJ 1144,,,11.27282,-14.69337,17.9147,-172.48,-118.09,0,9.98,8.714,K7V,1.401,-17.015762,3.279096,-4.543992,0.00000539,0.00001422,-0.00000992,2.951217277,-0.256447684,-8.36207E-07,-5.72516E-07,,,Crt,1,54903,,0.028470822,,,
99899,100223,192961,,Gl 787,,,20.326953,-46.428118,17.9147,-379.36,-103.54,29.9,8.73,7.464,K5V,1.167,7.065626,-10.126874,-12.979577,-0.00001869,-0.0000308,-0.00002835,5.321583981,-0.810323528,-1.83919E-06,-5.01976E-07,,,Tel,1,99899,,0.090032643,,,
65916,66125,,,,,,13.555404,-77.573501,17.9276,-350.49,-117.55,0,9.31,8.042,G,0.914,-3.542425,-1.527659,-17.507607,-0.0000029,0.00003192,-0.0000022,3.548796432,-1.353913005,-1.69922E-06,-5.69898E-07,,,Cha,1,65916,,0.052868867,,,
38313,38423,64379,3079,Gl 292A,,,7.871024,-34.705442,17.9437,-198.24,238.13,26.7,5.01,3.74,F3/F5V,0.47,-6.940256,13.016933,-10.216518,-0.00000089,0.00003833,0.00000148,2.060629339,-0.605724237,-9.61095E-07,1.15449E-06,,,Pup,1,38313,Gl 292,2.779713268,,,
101904,102235,,,Gl 800A,,,20.71587,-18.918356,17.9469,605.85,-858.8,5,10.8,9.53,M1:,1.45,11.079552,-12.863836,-5.818767,0.00002729,0.00004909,-0.00007234,5.42340219,-0.330187598,2.93724E-06,-4.16358E-06,,,Cap,1,101904,Gl 800,0.01342765,,10.853,10.733
29452,29525,42807,2208,Gl 230,,,6.220139,10.627144,17.9501,78.11,-297.1,6,6.43,5.16,G8V,0.663,-1.016205,17.612983,3.310314,-0.00000741,0.00001039,-0.00002428,1.628428697,0.185478648,3.78688E-07,-1.44038E-06,,,Ori,1,29452,,0.751622894,V1357,6.448,6.418
119120,,,,Gl 649.1B,,,16.964766,47.365919,17.9501,-154.53,268.74,0,11.19,9.92,,1.47,-3.255082,-11.713998,13.205787,-0.00000835,0.00002017,0.00001584,4.441365279,0.826691242,-7.49183E-07,1.30287E-06,,,Her,2,82765,Gl 649.1,0.00937562,,,
55681,55848,99492,,Gl 429B,,,11.446188,3.006328,17.9565,-730.15,191.17,1.7,7.58,6.309,K2V,1.002,-17.743656,2.59079,0.941752,0.00000833,0.00006302,0.00001671,2.996605067,0.052470325,-3.53987E-06,9.26818E-07,,,Leo,2,55679,Gl 429,0.260855501,,,
45252,45383,79555,,Gl 339A,,,9.248239,4.4429,17.9598,-107.8,4.04,16.2,7.91,6.638,K0,1.035,-13.456982,11.812435,1.391277,-0.0000062,0.00001793,0.00000163,2.421183397,0.077543231,-5.22629E-07,1.95865E-08,,,Hya,1,45252,Gl 339,0.192663746,,,
21429,21482,283750,,Gl 171.2A,,,4.613396,27.132194,17.9662,232.36,-147.11,35.2,8.1,6.828,K2,1.104,5.677691,14.947421,8.19354,-0.00000547,0.0000426,0.00000502,1.20778426,0.473546113,1.12651E-06,-7.13209E-07,,,Tau,1,21429,Gl 171.2,0.161733506,V833,8.168,8.058
104972,105312,202940,8148,Gl 825.4A,,,21.329351,-26.35288,17.9695,-582.35,-357.67,-17.2,6.56,5.287,G5V,0.737,12.32396,-10.363004,-7.976564,-0.0000553,-0.00001978,-0.00002011,5.584011079,-0.459944528,-2.82331E-06,-1.73403E-06,,,Cap,1,104972,Gl 825.4,0.668651772,,,
1730,1734,,,GJ 1009,,,0.365566,-31.406073,17.9791,61.82,-200.07,0,11.16,9.886,M2V:,1.485,15.274859,1.466366,-9.36891,-0.00000956,0.0000045,-0.00001488,0.095704945,-0.548139372,2.99712E-07,-9.69967E-07,,,Scl,1,1730,,0.009673864,,,
8884,8903,11636,553,Gl 80,6Bet Ari,Sheratan,1.910668,20.808035,17.9856,96.32,-108.8,-4,2.64,1.365,A5V...,0.165,14.752622,8.063457,6.389157,-0.00000443,0.00000715,-0.00001032,0.500211742,0.363168722,4.66973E-07,-5.27477E-07,Bet,6,Ari,1,8884,,24.77422058,,,
65515,65721,117176,5072,Gl 512.1,70    Vir,,13.473837,13.778787,17.9856,-234.81,-576.19,5.3,4.97,3.695,G5V,0.714,-16.183798,-6.57404,4.283711,-0.00002367,0.00001248,-0.0000475,3.52744229,0.240485204,-1.13839E-06,-2.79345E-06,,70,Vir,1,65515,,2.897343588,,,
119295,,,,GJ 1241,,,19.620281,27.719451,17.9856,398.48,34.86,0,12.98,11.705,DAV5,0.17,6.553172,-14.51034,8.365868,0.00003108,0.00001559,0.00000269,5.136577429,0.483795681,1.93189E-06,1.69016E-07,,,Vul,1,119295,,0.00181134,,,
32276,32362,48737,2484,Gl 242,31Xi  Gem,Alzirr,6.754824,12.895591,17.9986,-115.16,-190.91,30,3.35,2.074,F5IV,0.443,-3.444569,17.203451,4.0169,0.00000325,0.00003494,-0.00000939,1.768408783,0.225070523,-5.58311E-07,-9.25558E-07,Xi,31,Gem,1,32276,,12.8943662,,,
25220,25283,35650,,,,,5.408379,-38.969655,18.0018,44,-58.37,0,9.08,7.803,K2,1.248,2.159125,13.828481,-11.321489,-0.00000429,-0.00000257,-0.00000396,1.415910197,-0.680148781,2.13318E-07,-2.82986E-07,,,Col,1,25220,,0.06588704,,9.125,9.015
64904,65109,115892,5028,Gl 508.1,Iot Cen,Kulou,13.343296,-36.712295,18.0213,-340.76,-87.98,0.1,2.75,1.471,A2V,0.068,-13.562569,-4.976416,-10.773082,-0.00000602,0.0000295,-0.00000622,3.493266805,-0.640750421,-1.65205E-06,-4.26539E-07,Iot,,Cen,1,64904,,22.46984104,,,
91772,92059,,,,,,18.763366,-34.334304,18.0213,-24.19,19.27,0,13.16,11.881,Fp,,2.954247,-14.585095,-10.164384,-0.00000188,-0.00000135,0.00000139,4.912237797,-0.599246653,-1.17276E-07,9.34236E-08,,,Sgr,1,91772,,0.001540281,,13.767,12.297
118508,,,,Gl 292B,,,7.871159,-34.704015,18.0245,-200.09,236.78,0,8.6,7.321,K3,,-6.971882,13.075415,-10.262017,0.00000988,0.00001862,0.00001701,2.060664555,-0.605699321,-9.70064E-07,1.14792E-06,,,Pup,2,38313,Gl 292,0.10270699,,,
68714,68933,123139,5288,Gl 539,5The Cen,Menkent,14.111395,-36.369954,18.0343,-519.29,-517.87,1.3,2.06,0.78,K0IIIb,1.011,-12.358808,-7.624204,-10.694288,-0.0000019,0.00005217,-0.00003724,3.694354548,-0.634775453,-2.51759E-06,-2.5107E-06,The,5,Cen,1,68714,,42.46195639,,,
69742,69965,125276,5356,Gl 542.1A,,,14.316922,-25.815426,18.0343,-356.39,366.76,-21,5.87,4.59,F7Vw,0.518,-13.33829,-9.254387,-7.853378,-0.00001335,0.00002866,0.00003822,3.748161332,-0.450564178,-1.72783E-06,1.7781E-06,,,Hya,1,69742,Gl 542.1,1.270574105,,,
118472,,,,Gl 271B,,,7.335325,21.984593,18.0343,-17.16,-10.27,2.2,8.2,6.92,K3 V,,-5.727801,15.711527,6.751313,0.00000058,0.00000279,0.00000001,1.920383562,0.38370354,-8.3194E-08,-4.97904E-08,,,Gem,2,35453,Gl 271,0.148593564,,,
36263,36366,58946,2852,Gl 274A,62Rho Gem,,7.485195,31.78455,18.0473,159.33,193.82,3.1,4.16,2.878,F0V...,0.32,-5.815731,14.195743,9.506008,-0.00001053,-0.00001106,0.00001608,1.959619512,0.554745055,7.72454E-07,9.39666E-07,Rho,62,Gem,1,36263,Gl 274,6.148936385,,,
118111,,,,Gl 84.2A,,,2.115794,45.186072,18.0832,271.01,-432.03,62,10.28,8.994,dM0,1.49,10.841124,6.705677,12.830461,0.00004836,0.00005784,0.0000183,0.553913481,0.788645728,1.31389E-06,-2.09455E-06,,,And,1,118111,Gl  84.2,0.021998851,,,
118112,,,,Gl 84.2B,,,2.115794,45.186072,18.0832,271.01,-432.03,0,14.2,12.914,,,10.839224,6.704502,12.828212,0.00001036,0.00003434,-0.00002669,0.553913481,0.788645728,1.31389E-06,-2.09455E-06,,,And,2,118111,Gl  84.2,0.00059484,,,
118856,,,,Gl 490B,,,12.960968,35.22144,18.093,-233.69,-113.98,-2.8,13.2,11.912,dM4  e,1.64,-14.315337,-3.679229,10.434839,-0.00000842,0.000019,-0.00000982,3.393173591,0.614730091,-1.13296E-06,-5.52571E-07,,,CVn,2,63051,Gl 490,0.001496925,,,
42380,42499,73667,,Gl 315,,,8.664109,11.522672,18.1389,-109.35,-499.89,-13.4,7.61,6.317,K1V,0.832,-11.415277,13.622713,3.623324,0.00001035,0.00000261,-0.00004581,2.268258476,0.201108573,-5.30144E-07,-2.42354E-06,,,Cnc,1,42380,,0.258940511,,,
118432,,,,GJ 3398,,,6.601881,11.615685,18.1488,-159.38,-885.78,0,14.22,12.926,k-m,1.65,-2.789584,17.55688,3.654191,0.00001138,0.00001771,-0.00007633,1.728368301,0.202731956,-7.72696E-07,-4.29436E-06,,,Mon,1,118432,,0.000588302,,,
116859,117226,,,,,,23.768764,60.465371,18.162,13.72,-2.24,0,9.75,8.454,,2.108,8.936549,-0.541651,15.801992,0.00000024,0.0000012,-0.0000001,6.222647933,1.055319804,6.65164E-08,-1.08598E-08,,,Cas,1,116859,,0.036174289,,9.935,9.485
72341,72567,130948,5534,Gl 564,,,14.837723,23.911844,18.1719,144.73,32.42,-2.7,5.86,4.563,G2V,0.576,-12.234877,-11.237106,7.365617,0.00001134,-0.0000069,0.00000149,3.884506825,0.41734041,7.01671E-07,1.57177E-07,,,Boo,1,72341,,1.302566786,HP,5.876,5.846
89239,89517,,,Gl 708.2,,,18.267292,13.91339,18.1785,100.63,-500.97,11,10.18,8.882,M0,1.404,1.233753,-17.60206,4.371133,0.00001035,-0.00002086,-0.00004015,4.782365761,0.24283447,4.87868E-07,-2.42877E-06,,,Oph,1,89239,,0.024389337,,10.239,10.109
118013,,,,GJ 3051,,,0.73866,12.617688,18.1818,263.55,-198.6,0,12.79,11.492,m,1.49,17.411971,3.409776,3.971715,-0.00000071,0.00002353,-0.00001708,0.193380639,0.2202202,1.27773E-06,-9.6283E-07,,,Psc,1,118013,,0.002203941,,,
118216,,,,GJ 2030B,,,3.388183,-7.793106,18.1818,-1.1,-210,0,12.3,11.002,,,11.379753,13.964273,-2.465386,-0.00000151,-0.00000201,-0.00001834,0.88702433,-0.13601536,-5.33295E-09,-1.01809E-06,,,Eri,2,15737,GJ 2030,0.003460987,,,
118223,,,,GJ 3227,,,3.48033,26.488783,18.1818,208.45,-97.2,0,13.4,12.102,m,,9.972713,12.859197,8.109493,-0.00001218,0.00001428,-0.00000767,0.911148309,0.462316484,1.01059E-06,-4.71249E-07,,,Ari,1,118223,,0.001256609,,,
118310,,,,GJ 3293,,,4.476521,-25.170071,18.1818,-66.07,-515.78,0,12,10.702,M2.5,,6.390574,15.163825,-7.73284,-0.00000214,-0.00002007,-0.00004115,1.171950392,-0.439300612,-3.20316E-07,-2.5006E-06,,,Eri,1,118310,,0.00456247,,,
118326,,,,GJ 3307,,,4.678335,2.229181,18.1818,6.11,-349.95,0,11.24,9.942,M0,1.47,6.161655,17.091276,0.707213,-0.0000001,0.00000131,-0.00003082,1.224785202,0.038906557,2.96221E-08,-1.69659E-06,,,Tau,1,118326,,0.009187556,,,
118419,,,,GJ 3388,,,6.234142,51.671668,18.1818,-361.91,-76.93,0,12.86,11.562,m,,-0.690148,11.254613,14.263073,0.00003151,0.00000727,-0.00000421,1.632094626,0.901840729,-1.75459E-06,-3.72953E-07,,,Aur,1,118419,,0.002066332,,,
118479,,,,GJ 3444,,,7.533617,57.916503,18.1818,22.48,-919.73,16,17.4,16.102,M6  :,,-3.774298,8.889735,15.405677,-0.00003206,0.00007045,-0.00002918,1.972296323,1.010833676,1.08986E-07,-4.45895E-06,,,Lyn,1,118479,,3.15646E-05,,,
118481,,,,GJ 1098,,,7.558673,64.159795,18.1818,68.91,-240.31,0,16.38,15.082,DC9,0.91,-3.144937,7.274019,16.36386,-0.00001314,0.00001509,-0.00000923,1.978856084,1.119799676,3.34085E-07,-1.16508E-06,,,Cam,1,118481,,8.07607E-05,,,
118528,,,,GJ 3485,,,8.181683,3.977536,18.1818,96.47,-336.44,0,13.51,12.212,m,,-9.805609,15.259008,1.261187,-0.00000827,-0.00000286,-0.00002958,2.141959662,0.069421104,4.677E-07,-1.63111E-06,,,CMi,1,118528,,0.001135534,,,
118591,,,,GJ 1120B,,,9.021511,15.264382,18.1818,-109.2,-363.97,-12.7,9.49,8.192,K5,,-12.472109,12.332441,4.786614,0.00000967,0.00000397,-0.00003437,2.361826121,0.266413725,-5.29417E-07,-1.76459E-06,,,Cnc,2,44167,GJ 1120,0.046046858,,,
118672,,,,GJ 3590,,,10.252022,31.418638,18.1818,-12.04,-229.68,0,13.6,12.302,m,,-13.919512,6.855192,9.477941,-0.000009,0.00000561,-0.00001728,2.683973189,0.548358684,-5.83716E-08,-1.11354E-06,,,LMi,1,118672,,0.001045201,,,
118687,,,,GJ 3605,,,10.475611,-0.004197,18.1818,-469.8,198.45,0,13.83,12.532,DA,,-16.753025,7.064986,-0.001332,0.00001608,0.00003816,0.00001749,2.742508532,-7.32506E-05,-2.27765E-06,9.62127E-07,,,Sex,1,118687,,0.000845668,,,
119231,,,,GJ 4068,,,18.598678,80.092144,18.1818,131.92,188.4,0,13.22,11.922,M4  e,1.72,0.4888,-3.090015,17.910632,0.00000893,0.00001797,0.00000286,4.869122421,1.397871618,6.39566E-07,9.13408E-07,,,Dra,1,119231,,0.001483201,,,
119265,,,,GJ 4099,,,19.155698,39.197253,18.1818,-42.85,-628.54,0,11.33,10.032,M0,1.53,4.198431,-13.450412,11.490754,0.00000683,-0.00003455,-0.00004293,5.014950096,0.684121114,-2.07743E-07,-3.04725E-06,,,Lyr,1,119265,,0.008456682,,,
119328,,,,GJ 4135,,,20.095507,52.969738,18.1818,180.61,187.03,0,13.16,11.862,m,,5.710511,-9.342754,14.51485,0.00000672,0.00001953,0.00000993,5.260991326,0.924496335,8.75622E-07,9.06737E-07,,,Cyg,1,119328,,0.001567473,,,
119374,,,,GJ 4165,,,20.818409,37.469227,18.1818,163.49,147.21,71,12.93,11.632,DA4,0.14,9.709533,-10.679347,11.062838,0.00004412,-0.00002711,0.00005447,5.450246824,0.653961378,7.92622E-07,7.13685E-07,,,Cyg,1,119374,,0.001937314,,,
119610,,,,GJ 4380,,,23.962387,19.770238,18.1818,132.31,-461.4,0,13.01,11.712,m,,17.109274,-0.168446,6.149978,0.00001387,0.00001153,-0.00003827,6.273338289,0.345055754,6.41457E-07,-2.23695E-06,,,Peg,1,119610,,0.0017997,,,
64378,64583,114837,4989,Gl 503A,,,13.237578,-59.103235,18.1984,-249.62,-154.6,-64.8,4.9,3.6,F7IV,0.489,-8.858292,-2.974795,-15.615439,0.00003634,0.00003544,0.00004986,3.465589933,-1.031546051,-1.21019E-06,-7.49522E-07,,,Cen,1,64378,Gl 503,3.16227766,,,
49558,49699,87883,,,,,10.145319,34.24226,18.205,-64.48,-60.28,0,7.56,6.259,K0,0.965,-13.309976,7.023568,10.24383,0.00000001,0.00000643,-0.0000044,2.656038222,0.597640176,-3.12608E-07,-2.92246E-07,,,LMi,1,49558,,0.273149242,,,
119070,,,,GJ 1199,,,16.190392,13.36966,18.2149,-10.37,-539.9,131,15.09,13.788,DA6,0.23,-8.087946,-15.775259,4.213432,-0.00006531,-0.00012538,-0.00001538,4.238634619,0.233344589,-5.02752E-08,-2.61751E-06,,,Her,1,119070,,0.00026595,,,
47556,47690,84035,,Gl 365,,,9.723792,42.691559,18.2183,34.38,-826.37,-12.1,8.13,6.827,K5V,1.133,-11.082604,7.515648,12.35287,-0.00003513,0.00002016,-0.00006203,2.545682831,0.745108271,1.66679E-07,-4.00635E-06,,,UMa,1,47556,,0.161882536,,,
1931,1936,2025,,Gl 18,,,0.407191,-27.026772,18.2249,667.39,83.92,3.7,7.92,6.617,K2V,0.94,16.142502,1.727432,-8.281533,0.00000043,0.00005935,0.00000489,0.106602278,-0.471706158,3.2356E-06,4.06856E-07,,,Scl,1,1931,,0.196426465,,,
82032,82283,,,GJ 3973,,,16.812767,-15.738939,18.2282,-8.64,-223.04,0,10.89,9.586,,1.468,-5.365836,-16.704106,-4.944484,0.00000091,0.00000532,-0.00001897,4.401571994,-0.274696313,-4.18879E-08,-1.08133E-06,,,Oph,1,82032,,0.012752637,,10.952,10.832
19871,19921,27442,1355,Gl 167.3,Eps Ret,,4.274738,-59.302156,18.2382,-47.99,-167.81,29.3,4.44,3.135,K2IV,1.078,4.063966,8.377204,-15.682734,0.00000493,0.00000043,-0.00003334,1.119123696,-1.035017879,-2.32662E-07,-8.13566E-07,Eps,,Ret,1,19871,,4.852885002,,,
118215,,,,GJ 3221,,,3.389531,11.688179,18.2482,-236.15,-130.9,0,12.19,10.884,m,1.56,11.283878,13.856568,3.696816,0.00001768,-0.00001137,-0.00001134,0.887377096,0.203997208,-1.14489E-06,-6.34611E-07,,,Ari,1,118215,,0.003858336,,,
119104,,,,Gl 634,,,16.691261,-43.987445,18.2482,-387.19,-471.37,-42,11.57,10.264,M3,1.55,-4.410932,-12.364672,-12.671897,-0.00001215,0.00006789,-0.00000018,4.369761858,-0.767725742,-1.87715E-06,-2.28525E-06,,,Sco,1,119104,,0.006829674,,,
119618,,,,Gl 94,,,2.321944,3.745583,18.2482,675.29,-413.82,0,12.55,11.24,M3.5,1.47,14.947175,10.399846,1.192084,0,0,0,0.607883634,0.06537276,-2.0625E-06,3.2739E-06,,,Cet,1,119618,,0.00277,,,
82582,82834,152606,,,,,16.927222,-32.067699,18.2548,95.52,-328.76,0,9.58,8.273,K4/K5V,1.378,-4.287748,-14.863408,-9.691855,0.0000124,0.0000125,-0.00002465,4.431536476,-0.559686929,4.63094E-07,-1.59387E-06,,,Sco,1,82582,,0.042736603,,,
40728,40843,69897,3262,Gl 303,18Chi Cnc,,8.334406,27.217707,18.2715,-18.38,-376.26,33,5.13,3.821,F6V,0.487,-9.32358,13.3075,8.357022,-0.00002463,0.000038,-0.0000142,2.181942383,0.475038599,-8.91088E-08,-1.82416E-06,Chi,18,Cnc,1,40728,,2.579882936,,,
71731,71957,129502,5487,GJ 9491,107Mu  Vir,,14.717673,-5.658207,18.2715,104.23,-319.9,4.7,3.87,2.561,F2III,0.385,-13.771311,-11.872446,-1.801463,0.00000452,-0.00000829,-0.00002867,3.853077795,-0.098754335,5.05321E-07,-1.55092E-06,Mu,107,Vir,1,71731,,8.233794052,,,
80198,80440,,,Gl 622,,,16.420286,-21.93737,18.2715,-574.06,-341.08,0,10.4,9.091,K5,1.444,-6.811284,-15.519616,-6.826102,-0.00004203,0.00003077,-0.00002802,4.298820865,-0.382879342,-2.78312E-06,-1.6536E-06,,,Oph,1,80198,,0.020118704,,,
109076,109422,210302,8447,Gl 849.1,15Tau PsA,,22.169093,-32.548407,18.2782,428.62,13.83,-14.6,4.94,3.63,F6V,0.489,13.670951,-7.105556,-9.83382,0.00000693,0.0000392,0.00000907,5.803854878,-0.568076864,2.07801E-06,6.70497E-08,Tau,15,PsA,1,109076,,3.076096815,,,
54650,54810,97503,,Gl 418,,,11.220343,4.482345,18.2815,-317.71,-32.58,20.8,8.7,7.39,K5V,1.179,-17.847422,3.694354,1.428748,-0.00001528,0.00003192,-0.00000122,2.937478848,0.078231681,-1.5403E-06,-1.57952E-07,,,Leo,1,54650,,0.096382902,,,
60983,61174,109085,4775,Gl 471.2,8Eta Crv,,12.53451,-16.196007,18.2815,-424.37,-58.41,-0.8,4.3,2.99,F2V,0.388,-17.384353,-2.448661,-5.09915,-0.00000304,0.00003755,-0.00000474,3.281527126,-0.282673656,-2.0574E-06,-2.8318E-07,Eta,8,Crv,1,60983,,5.54625713,,,
61220,61413,,,Gl 476,,,12.58353,9.82849,18.2849,-449.22,-319.41,32.6,11.4,10.09,M4,1.429,-17.806993,-2.741694,3.121273,-0.00004331,0.00003362,-0.00002221,3.294360541,0.171539503,-2.17788E-06,-1.54854E-06,,,Vir,1,61220,,0.008016781,,11.471,11.321
110373,110719,212168,8526,,,,22.432294,-75.01455,18.2849,15.18,61.32,14,9.35,8.04,,1.12,4.335376,-1.886467,-17.66318,0.00000875,-0.00000234,-0.00001243,5.872760939,-1.309250889,7.35947E-08,2.97288E-07,,,Oct,1,110373,,0.052966344,,,
18868,18915,25329,,Gl 158,,,4.054103,35.273276,18.2882,1732.49,-1365.5,-25.6,8.51,7.199,K1V...,0.863,7.281111,13.034688,10.560881,-0.00011041,0.00011729,-0.00011395,1.061361741,0.615634798,8.39935E-06,-6.62013E-06,,,Per,1,18868,,0.11492116,,,
82765,83020,153557,,Gl 649.1A,,,16.964784,47.366688,18.305,-146.9,272.21,-6.6,7.76,6.447,K0,0.98,-3.319148,-11.945452,13.467008,-0.00000658,0.00002502,0.00001139,4.44136997,0.826704663,-7.12191E-07,1.31971E-06,,,Her,1,82765,Gl 649.1,0.229720631,V1090,7.782,7.732
26330,26394,39091,2022,GJ 9189,Pi  Men,,5.61916,-80.469122,18.315,311.97,1050.19,9.4,5.65,4.336,G3IV,0.6,0.301659,3.017555,-18.062272,-0.00001825,0.00009584,0.00000595,1.471092544,-1.404451123,1.51247E-06,5.09146E-06,Pi,,Men,1,26330,,1.605461887,,,
118442,,,,GJ 3410,,,6.789491,2.519804,18.315,-428.36,37.48,0,15.68,14.366,DA8,0.32,-3.754964,17.907851,0.805213,0.00003725,0.00000767,0.00000332,1.777484587,0.04397887,-2.07675E-06,1.81689E-07,,,Mon,1,118442,,0.000156171,,,
33603,33690,53143,,Gl 260,,,6.999933,-61.336182,18.3251,-161.19,264.54,21.3,6.81,5.495,K0IV-V,0.786,-2.274828,8.490625,-16.079513,0.00000579,0.00003372,-0.00000784,1.832578106,-1.070518324,-7.81471E-07,1.28253E-06,,,Car,1,33603,,0.552077439,,,
84358,84616,156985,,,,,17.297338,52.447114,18.3251,17.27,-195.16,0,7.93,6.615,K2,1.019,-2.043041,-10.980582,14.527977,-0.00000101,-0.00001379,-0.00001057,4.528432533,0.915374818,8.37273E-08,-9.46162E-07,,,Dra,1,84358,,0.196788629,,,
60213,60398,,,Gl 463,,,12.383518,64.030831,18.3352,-667.21,375.52,7.7,11.63,10.314,M4,1.61,-7.988378,-0.804484,16.483953,0.00002048,0.00006167,0.0000217,3.241997471,1.117548821,-3.23473E-06,1.82057E-06,,,Dra,1,60213,,0.006522288,,11.697,11.537
96138,96441,185395,7469,Gl 765A,13The Cyg,,19.607372,50.221103,18.3352,-8.15,262.98,-27.3,4.49,3.174,F4V,0.395,4.792178,-10.707751,14.090766,-0.0000153,0.00003241,-0.0000065,5.133197867,0.876523594,-3.95123E-08,1.27496E-06,The,13,Cyg,1,96138,Gl 765,4.681661397,,,
43387,43510,,,GJ 1114,,,8.862172,18.124971,18.3385,-897.6,-55.17,0,11.54,10.223,,1.481,-11.87121,12.760433,5.704936,0.00005738,0.00005547,-0.00000466,2.320111323,0.316340427,-4.35169E-06,-2.67472E-07,,,Cnc,1,43387,,0.007092511,,11.635,11.425
118872,,,,GJ 3768,,,13.14127,85.041151,18.3486,225.06,-241.35,0,16,14.682,DC9,0.78,-1.515518,-0.467742,18.279923,-0.00001455,-0.00002543,-0.00000185,3.440376437,1.484248081,1.09112E-06,-1.17008E-06,,,Cam,1,118872,,0.000116735,,,
33341,33428,266611,,Gl 254,,,6.9513,30.756489,18.3587,82.38,-224.57,-7.8,9.68,8.361,M0,1.359,-3.888639,15.28971,9.388427,-0.00000794,0.00000145,-0.00002125,1.819846024,0.536801995,3.9939E-07,-1.08875E-06,,,Gem,1,33341,,0.039409416,,,
47977,48113,84737,3881,Gl 368,,,9.80981,46.021008,18.3688,222.07,-92.62,5,5.08,3.76,G2V,0.619,-10.715267,6.919455,13.218119,-0.0000187,-0.00001147,-0.00000205,2.568202129,0.803218115,1.07663E-06,-4.49034E-07,,,UMa,1,47977,,2.728977783,,,
105805,106147,204587,,Gl 830,,,21.500761,-12.51007,18.406,1015.17,-260.51,-84.1,9.11,7.785,K4/K5V,1.261,14.257376,-10.935535,-3.986783,-0.00001549,0.00012604,-0.00000406,5.628886015,-0.218341909,4.92168E-06,-1.26299E-06,,,Cap,1,105805,,0.066988461,,,
119210,,,,GJ 1225,,,18.287451,68.5458,18.4162,-693.82,-1595.68,0,15.39,14.064,m,1.88,0.504466,-6.716945,17.140148,-0.00005177,-0.0001369,-0.00005205,4.787643388,1.196349905,-3.36373E-06,-7.73609E-06,,,Dra,1,119210,,0.000206253,,,
90663,90945,170573,,,,,18.551425,-54.263188,18.4366,-123.68,-141.05,0,8.5,7.172,K4Vp...,1.115,1.549083,-10.656126,-14.965143,-0.00001241,0.00000854,-0.00000736,4.856751667,-0.947071286,-5.99618E-07,-6.8383E-07,,,Tel,1,90663,,0.117814841,,,
33866,33955,52919,,GJ 1094,,,7.045255,-6.799226,18.4434,-200.84,-313.35,0,8.38,7.051,K5V,1.078,-4.949176,17.632269,-2.183524,0.00001818,0.00000166,-0.00002782,1.844443471,-0.118668874,-9.737E-07,-1.51916E-06,,,Mon,1,33866,,0.131704314,,,
119444,,,,GJ 4225,,,21.804344,27.927819,18.4502,-195.29,-672.21,0,11.99,10.66,m,1.62,13.681588,-8.862942,8.641315,0.00001415,-0.00002997,-0.00005312,5.708363977,0.487432396,-9.46793E-07,-3.25894E-06,,,Peg,1,119444,,0.00474242,,,
119397,,,,Gl 822B,,,21.241391,10.006094,18.4809,24.58,-298.99,0,5.4,4.066,F7 V,,13.656251,-12.030763,3.21111,0.00000495,-0.00000143,-0.00002638,5.560983275,0.17463929,1.19167E-07,-1.44955E-06,,,Equ,2,104520,Gl 822,2.058732877,,,
118958,,,,Gl 543,,,14.319608,-7.304328,18.4843,-1112.57,-764.65,-97,13.4,12.066,M3,1.64,-15.052252,-10.459245,-2.349456,0.00003102,0.00014299,-0.00005537,3.748864579,-0.127484581,-5.39389E-06,-3.70712E-06,,,Vir,1,118958,,0.001298973,,,
104520,104858,202275,8123,Gl 822A,7Del Equ,,21.241337,10.006981,18.4877,42.32,-303.43,-15.8,4.47,3.136,F5V+...,0.529,13.660962,-12.035259,3.212549,-0.00000589,0.00001024,-0.00002959,5.56096913,0.174654767,2.05173E-07,-1.47107E-06,Del,7,Equ,1,104520,Gl 822,4.848417387,,,
118475,,,,Gl 274B,,,7.485232,31.785477,18.498,152.7,171.99,0,12.5,11.164,,,-5.961118,14.55,9.743642,-0.00000959,-0.00001271,0.00001311,1.959629137,0.554761227,7.4031E-07,8.33846E-07,,,Gem,2,36263,Gl 274,0.002981261,,,
38798,38910,,,GJ 1106,,,7.963466,-33.952186,18.5014,136.63,304.56,0,8.83,7.494,K5V,1.136,-7.546039,13.363654,-10.333048,-0.00001817,0.00000726,0.00002266,2.084830617,-0.592577429,6.62401E-07,1.47655E-06,,,Pup,1,38798,,0.087579004,,,
4002,4012,,,Gl 38,,,0.858059,58.302027,18.5117,1566.84,405.19,-16.6,10.66,9.323,M2,1.363,9.48222,2.167246,15.750178,-0.00007017,0.0001282,0.00000466,0.224639212,1.017562331,7.59625E-06,1.96442E-06,,,Cas,1,4002,,0.016248003,,10.732,10.562
38829,38939,65486,,Gl 293.2,,,7.967874,-25.626629,18.5117,362.78,-245.89,-5.1,8.42,7.083,K3V,1.043,-8.223507,14.524226,-8.00638,-0.00002131,-0.00002844,-0.00001764,2.08598461,-0.447269053,1.75881E-06,-1.19211E-06,,,Pup,1,38829,,0.127879226,,,
118010,,,,GJ 1018,,,0.704829,-36.716519,18.5185,-165.69,70.33,0,12.65,11.312,m,1.54,14.592514,2.723497,-11.071402,0.00000644,-0.00001393,0.00000506,0.184523718,-0.640824152,-8.03288E-07,3.40974E-07,,,Scl,1,118010,,0.002601357,,,
118019,,,,GJ 3056,,,0.785658,-23.509054,18.5185,125.86,-155.43,0,14.4,13.062,m,,16.623455,3.468287,-7.386918,-0.00000776,0.00000992,-0.0000128,0.205684745,-0.410310394,6.10186E-07,-7.53541E-07,,,Cet,1,118019,,0.000519039,,,
118023,,,,GJ 3058,,,0.815883,44.579575,18.5185,143.75,-108.33,0,13.06,11.722,m,,12.890496,2.796221,12.99812,0.00000394,0.00001406,-0.00000693,0.213597584,0.77806036,6.9692E-07,-5.25179E-07,,,And,1,118023,,0.0017832,,,
118072,,,,GJ 1039,,,1.423524,-26.013384,18.5185,216.67,-505.52,0,14.95,13.612,DC7,0.4,15.499978,6.059774,-8.121863,-0.00002561,0.00001087,-0.00004079,0.372677704,-0.454019197,1.05045E-06,-2.45085E-06,,,Scl,1,118072,,0.000312752,,,
118203,,,,GJ 3209,,,3.245443,48.521043,18.5185,93.56,-306.02,0,11.43,10.092,M1,1.49,8.098185,9.21223,13.874042,0.00000728,0.000021,-0.00001819,0.84965493,0.846851961,4.53592E-07,-1.48361E-06,,,Per,1,118203,,0.008002027,,,
118242,,,,GJ 3242,,,3.659744,25.478452,18.5185,241.26,-571.13,0,12.7,11.362,M3.5,,9.613495,13.676852,7.966133,-0.00000503,0.0000305,-0.00004628,0.958118698,0.444682872,1.16966E-06,-2.76894E-06,,,Tau,1,118242,,0.002484277,,,
118285,,,,GJ 3271,,,4.364132,75.145293,18.5185,564.97,-523.17,0,12.16,10.822,M3,1.51,1.969934,4.319577,17.899594,-0.00002728,0.00006237,-0.00001203,1.142527129,1.311532773,2.73905E-06,-2.53639E-06,,,Cam,1,118285,,0.004085075,,,
118348,,,,GJ 3327,,,5.08673,-12.003695,18.5185,-173.03,-49.61,2.1,12.97,11.632,M4  e,,4.289738,17.598399,-3.851403,0.00001537,-0.00000254,-0.0000048,1.331702679,-0.209504008,-8.38873E-07,-2.40535E-07,,,Lep,1,118348,,0.001937314,,,
118522,,,,GJ 3479,,,8.113692,36.761973,18.5185,-126.97,-368.75,0,12.95,11.612,m,,-7.79683,12.621709,11.083175,-0.00000072,0.00002285,-0.00002652,2.124159551,0.641617476,-6.15568E-07,-1.78776E-06,,,Lyn,1,118522,,0.001973331,,,
118594,,,,GJ 3530,,,9.084482,2.834951,18.5185,-297.08,41.75,0,11.61,10.272,m,,-13.36457,12.786094,0.915907,0.00001857,0.00001914,0.00000374,2.378311869,0.04947923,-1.44028E-06,2.02415E-07,,,Hya,1,118594,,0.006779536,,,
118629,,,,GJ 3558,,,9.500458,39.623745,18.5185,137.66,-196.6,0,12.13,10.792,m,,-11.317404,8.681818,11.810048,-0.00001645,-0.00000295,-0.00001359,2.487213987,0.691564805,6.67395E-07,-9.53124E-07,,,Lyn,1,118629,,0.004199523,,,
118649,,,,GJ 3568,,,9.793075,12.945084,18.5185,-82.08,225.53,0,13.38,12.042,m,,-15.118356,9.857,4.148459,0.00000782,0.0000037,0.00001973,2.563821082,0.225934338,-3.97935E-07,1.09338E-06,,,Leo,1,118649,,0.001328006,,,
118745,,,,GJ 1146,,,11.360679,6.139325,18.5185,-762.76,-1563.9,0,13.58,12.242,k-m,1.64,-18.154991,3.067387,1.98049,-0.00000346,0.00007003,-0.00013958,2.974218852,0.107151439,-3.69796E-06,-7.58201E-06,,,Leo,1,118745,,0.001104587,,,
118780,,,,GJ 3691,,,11.882776,24.477707,18.5185,-283.66,60.29,0,14.6,13.262,m,,-16.846165,0.51727,7.67294,0.00000302,0.00002538,0.00000493,3.110903546,0.427216573,-1.37522E-06,2.92314E-07,,,Leo,1,118780,,0.000431718,,,
118843,,,,GJ 1163,,,12.72663,25.105443,18.5185,-336.69,-47.32,0,12.96,11.622,dM4,1.63,-16.466552,-3.170648,7.857129,-0.00000749,0.00002934,-0.00000385,3.33182389,0.438172639,-1.63232E-06,-2.29404E-07,,,Com,1,118843,,0.00195524,,,
118847,,,,GJ 3750,,,12.804733,58.341175,18.5185,78.64,43.77,0,15.56,14.222,DC8 :,,-9.504677,-2.032767,15.762734,0.00000475,-0.0000062,0.00000206,3.352271371,1.01824559,3.81257E-07,2.12203E-07,,,UMa,1,118847,,0.00017832,,,
119007,,,,GJ 3891,,,15.097408,55.077437,18.5185,-456.25,149.12,0,13.35,12.012,m,,-7.303279,-7.684329,15.183809,-0.00002213,0.00003617,0.00000766,3.952492162,0.96128262,-2.21196E-06,7.22974E-07,,,Dra,1,119007,,0.001365212,,,
119173,,,,GJ 4022,,,17.712235,-41.030673,18.5185,-131.81,-513.35,0,12.55,11.212,M3,,-1.051572,-13.929949,-12.156709,-0.00000952,0.00003105,-0.00003477,4.637052247,-0.716120334,-6.39033E-07,-2.48879E-06,,,Sco,1,119173,,0.002852332,,,
119327,,190780,,GJ 4134,,,20.068555,54.465667,18.5185,45.53,-111.03,-9,7.72,6.382,dK0,0.94,5.547739,-9.222487,15.069377,0.00000493,-0.00000026,-0.00001328,5.253935537,0.950605224,2.20736E-07,-5.38264E-07,,,Cyg,1,119327,,0.243893373,,,
119583,,,,GJ 4358,,,23.668467,60.688892,18.5185,74.16,-228.25,0,11.41,10.072,M2,1.57,9.031648,-0.785707,16.147658,0.00001838,0.00000508,-0.00001003,6.196390213,1.059220983,3.59538E-07,-1.1066E-06,,,Cas,1,119583,,0.008150796,,,
119600,,,,GJ 4370,,,23.862536,6.970754,18.5185,-45.37,-286.43,0,12.73,11.392,m,,18.369714,-0.661377,2.247455,0.00000297,-0.00000418,-0.00002552,6.247197283,0.121662616,-2.1996E-07,-1.38865E-06,,,Psc,1,119600,,0.002416573,,,
119613,,,,GJ 4386,,,23.996218,-44.067905,18.5185,-18.83,269.34,0,12.82,11.482,M7,1.64,13.305832,-0.013199,-12.87981,0.00001682,-0.00000171,0.00001737,6.282195198,-0.769130034,-9.12904E-08,1.30581E-06,,,Phe,1,119613,,0.002224334,,,
118886,,,,Gl 509B,,,13.392484,29.237121,18.5288,-477.57,229.84,0,9.8,8.461,dK6,,-15.105914,-5.764246,9.049931,-0.00000588,0.00004367,0.00001802,3.506144055,0.510284032,-2.31532E-06,1.11429E-06,,,CVn,2,65138,Gl 509,0.035941815,,,
35453,35550,56986,2777,Gl 271A,55Del Gem,Wasat,7.335383,21.98232,18.5391,-18.72,-7.76,-15.3,3.5,2.16,F0IV...,0.374,-5.888392,16.151258,6.939513,0.00000646,-0.00001281,-0.0000065,1.920398746,0.38366387,-9.07571E-08,-3.76215E-08,Del,55,Gem,1,35453,Gl 271,11.91242008,,,
89684,89962,168723,6869,Gl 711,58Eta Ser,,18.355167,-2.898825,18.5426,-547.57,-700.72,6.9,3.23,1.889,K0III-IV,0.941,1.719456,-18.438938,-0.937748,-0.00004865,-0.00000842,-0.00006326,4.805371473,-0.050594042,-2.65469E-06,-3.39719E-06,Eta,58,Ser,1,89684,,15.28973647,,,
118991,,,,GJ 1186,,,14.893726,11.569003,18.5529,69.97,-726.64,0,15.29,13.948,m,1.82,-13.204917,-12.489849,3.720746,-0.00000521,-0.00001359,-0.00006402,3.899168306,0.20191719,3.39224E-07,-3.52285E-06,,,Boo,1,118991,,0.000229509,,,
32832,32919,49601,,Gl 249,,,6.859017,47.367819,18.5563,-247.1,-692.77,22.2,8.95,7.608,K2,1.232,-2.80262,12.25165,13.652328,0.00000801,0.00006464,-0.0000255,1.795686423,0.826724405,-1.19797E-06,-3.35864E-06,,,Aur,1,32832,,0.078849692,,,
42763,42881,,,,,,8.739744,-44.472533,18.5563,137.83,104.33,0,10.65,9.308,M2V:,1.432,-8.704004,9.97889,-12.999936,-0.00001367,-0.00000319,0.0000067,2.288059614,-0.776192128,6.68219E-07,5.05806E-07,,,Vel,1,42763,,0.016474036,,10.732,10.592
118632,,,,Gl 351B,,,9.511764,-40.465622,18.5563,-187.82,68.73,0,4.65,3.308,F0 IV,,-11.226498,8.559845,-12.042884,0.00000705,0.00001587,0.0000047,2.490173936,-0.706258333,-9.10577E-07,3.33217E-07,,,Vel,2,46518,Gl 351,4.138090648,,,
116397,116763,222335,,Gl 902.1,,,23.664248,-32.743406,18.5701,135.47,-304.59,-8,7.18,5.836,K1V,0.802,15.558975,-1.371145,-10.044114,-0.00002056,0.00001405,-0.00001864,6.195285598,-0.571480245,6.56777E-07,-1.47669E-06,,,Scl,1,116397,,0.403273793,,,
10508,10531,13579,,Gl 90,,,2.261684,67.672283,18.5805,515.14,-318.06,-12.1,7.13,5.785,K2V,0.92,5.856981,3.939779,17.187347,-0.00000781,0.00005067,-0.00002233,0.592107376,1.181104158,2.49747E-06,-1.542E-06,,,Cas,1,10508,,0.422668614,V989,7.201,7.101
119357,,,,Gl 795B,,,20.660342,4.970797,18.5805,875.34,90.46,0,9.4,8.055,K8 V,,11.874912,-14.19963,1.609963,0.00006004,0.00005111,0.00000812,5.408864839,0.08675678,4.24377E-06,4.38548E-07,,,Del,2,101626,Gl 795,0.052239619,,,
73558,73786,,,Gl 576,,,15.081536,5.638097,18.5874,-606.77,-507.54,-68,9.83,8.484,K5,1.3,-12.797119,-13.355452,1.826052,0.00000529,0.00008455,-0.00005235,3.948336801,0.098403363,-2.9417E-06,-2.46062E-06,,,Vir,1,73558,,0.035188439,,9.888,9.788
83134,83389,154345,,Gl 651,,,17.043436,47.081881,18.5874,123.54,854.67,-47.3,6.76,5.414,G8V,0.728,-3.136571,-12.262044,13.611756,0.00003292,0.00008379,0.00001702,4.461961134,0.821733847,5.98939E-07,4.14356E-06,,,Her,1,83134,,0.594839774,,,
118863,,,,Gl 499B,,,13.104282,20.728141,18.5943,-55.97,57.16,-2.5,14.9,13.553,,,-16.668886,-4.957865,6.581114,0.0000026,0.00000604,0.00000391,3.430693059,0.361774313,-2.7135E-07,2.77105E-07,,,Com,2,63739,Gl 499,0.000330217,,,
119294,,,,Gl 765B,,,19.607346,50.220826,18.5943,-20.4,259.2,0,13,11.653,,,4.859891,-10.859319,14.290019,-0.00000901,0.00001564,0.00001495,5.133191211,0.87651876,-9.8902E-08,1.25663E-06,,,Cyg,2,96138,Gl 765,0.001900203,,,
117598,117966,,,Gl 912,,,23.927717,-6.142573,18.5977,-476.09,-391.03,0,11.14,9.793,,1.465,18.487615,-0.349898,-1.990007,-0.00000458,-0.00004284,-0.00003505,6.26426162,-0.107208116,-2.30815E-06,-1.89577E-06,,,Aqr,1,117598,,0.010539014,,11.219,11.079
90376,90656,170493,,Gl 715,,,18.497891,-1.818104,18.615,172,-193.9,-54.3,8.04,6.691,K3V,1.074,2.418273,-18.447312,-0.590575,0.0000081,0.0000576,-0.00001573,4.842736512,-0.031731894,8.3388E-07,-9.40054E-07,,,Ser,1,90376,,0.183484761,,,
46683,46816,82558,,Gl 355,,,9.540436,-11.184635,18.622,-248.25,35.08,10.9,7.82,6.47,K0,0.933,-14.610219,10.967058,-3.612152,0.00000422,0.00002486,0.00000094,2.497680407,-0.1952087,-1.20355E-06,1.70073E-07,,,Hya,1,46683,,0.224905461,LQ,7.908,7.768
118288,,,,GJ 1070,,,4.375574,39.014815,18.622,491.42,-512.45,0,15.27,13.92,k-m,1.71,5.969021,13.180373,11.722946,-0.00002839,0.00004484,-0.00003594,1.145522518,0.680936987,2.38247E-06,-2.48442E-06,,,Per,1,118288,,0.000235505,,,
119020,,137108,5728,Gl 584B,2Eta CrB,,15.38663,30.2862,18.622,134.87,-186.31,-10.6,5.96,4.61,G2 V,,-10.163052,-12.461021,9.391168,0.00000999,-0.00000701,-0.00001999,4.028210316,0.528593902,6.53868E-07,-9.03252E-07,Eta,2,CrB,2,75083,Gl 584,1.247383514,,,
119526,,,,GJ 4294,,,22.773765,-6.657564,18.622,677.69,-529.47,0,15.98,14.63,m,1.83,17.551483,-5.836378,-2.158944,0.00001406,0.0000598,-0.00004748,5.962157693,-0.116196414,3.28553E-06,-2.56693E-06,,,Aqr,1,119526,,0.000122462,,,
107179,107522,206804,,Gl 836.9A,,,21.776593,-57.703382,18.6289,88.92,-905.46,-7,8.77,7.419,K7V,1.322,8.314293,-5.472052,-15.746832,-0.00005652,0.00004681,-0.00003764,5.701098763,-1.00711401,4.31096E-07,-4.38979E-06,,,Ind,1,107179,Gl 836.9,0.093842593,,,
110053,110400,,,GJ 4273,,,22.361937,-65.525824,18.6393,-72.18,148.85,0,12.11,10.758,M5,1.653,7.022688,-3.210968,-16.964523,0.00000842,-0.00001102,0.00000557,5.85434135,-1.143641377,-3.49939E-07,7.21645E-07,,,Tuc,1,110053,,0.004333113,,12.235,11.975
118457,,,,GJ 3420,,,7.01424,31.964209,18.6567,333.81,-592.42,0,16.57,15.216,DC9,0.96,-4.153764,15.273189,9.87666,-0.00003658,0.00001946,-0.00004545,1.836323743,0.557880697,1.61836E-06,-2.87216E-06,,,Gem,1,118457,,7.13839E-05,,,
97893,98204,188807,,Gl 773A,,,19.955456,-12.567985,18.6776,-94.45,-512.89,-10.6,9.29,7.933,K4V,1.318,8.930258,-15.892831,-4.064186,-0.00001759,0.00001384,-0.00004297,5.224326292,-0.219352714,-4.57907E-07,-2.48656E-06,,,Sgr,1,97893,Gl 773,0.058452084,,,
116279,116645,,,GJ 4353,,,23.638161,-41.517704,18.6776,210.07,-198.1,0,11.95,10.593,M3,1.551,13.922174,-1.322754,-12.380474,-0.00001004,0.00002006,-0.00001343,6.188456036,-0.724620625,1.01845E-06,-9.60416E-07,,,Phe,1,116279,,0.005044289,,12.061,11.791
3842,3850,4747,,Gl 36,,,0.824094,-23.212483,18.6881,516.74,119.52,5,7.15,5.792,G8/K0V,0.769,16.777142,3.676884,-7.365786,-0.00000126,0.00004765,0.00000794,0.215747325,-0.405134262,2.50523E-06,5.79449E-07,,,Cet,1,3842,,0.419952335,,,
54214,54373,,,,,,11.124364,-19.291489,18.6881,-232.94,-46.02,0,10.38,9.022,K5,1.43,-17.177317,4.008213,-6.174065,0.00000614,0.00002024,-0.00000394,2.912351758,-0.336699996,-1.12932E-06,-2.23111E-07,,,Crt,1,54214,,0.021438777,,10.438,10.328
117961,,,,GJ 1003,,,0.123733,29.242444,18.6916,1505.44,-1142.69,0,14.18,12.822,m,1.49,16.300968,0.529093,9.130962,0.00004621,0.00013796,-0.00009033,0.032393141,0.51037693,7.29858E-06,-5.53993E-06,,,And,1,117961,,0.000647441,,,
78603,78843,144253,,Gl 610,,,16.094572,-20.45006,18.7126,296.74,-359.35,43.4,7.39,6.029,K3/K4V,1.043,-8.388206,-15.396967,-6.538146,0.00000919,-0.0000394,-0.00004605,4.213549129,-0.356920876,1.43864E-06,-1.74218E-06,,,Sco,1,78603,,0.337598105,,,
84019,84277,,,GJ 1212,,,17.22791,-8.420772,18.7231,-422.77,-409.97,-15,12,10.638,M1V:,1.548,-3.718285,-18.144041,-2.741822,-0.00003345,0.00002791,-0.00003456,4.510256382,-0.14697019,-2.04965E-06,-1.98759E-06,,,Oph,1,84019,,0.004839494,V2367,12.117,11.847
118981,,,,GJ 9490C,,,14.707351,19.502835,18.7266,-234.61,-170.46,-28,10.08,8.718,K5,1.34,-13.399736,-11.489047,6.251463,0.0000027,0.00003038,-0.00002415,3.850375514,0.34038869,-1.13742E-06,-8.26399E-07,,,Boo,3,71678,GJ 9490,0.028366124,,,
119409,,,,Gl 825.4B,,,21.329356,-26.354086,18.7266,-535.53,-350.44,-21.2,9.6,8.238,dG6,,12.842313,-10.79912,-8.312579,-0.00005696,-0.00001563,-0.00001888,5.584012238,-0.459965568,-2.59632E-06,-1.69898E-06,,,Cap,2,104972,Gl 825.4,0.044136714,,,
119390,,,,Gl 818.1B,,,21.155937,-73.175927,18.7336,435.76,-335.58,0,6.4,5.037,,,3.988268,-3.673326,-17.931764,0.00000537,0.00004887,-0.00000882,5.538611311,-1.277160851,2.11262E-06,-1.62693E-06,,,Pav,2,104102,Gl 818.1,0.841782708,,,
119391,,,,Gl 818.1C,,,21.155937,-73.175927,18.7336,435.76,-335.58,0,13.5,12.137,,,3.988268,-3.673326,-17.931764,0.00000537,0.00004887,-0.00000882,5.538611311,-1.277160851,2.11262E-06,-1.62693E-06,,,Pav,3,104102,Gl 818.1,0.001216746,,,
4142,4151,5015,244,Gl 41,,,0.884511,61.12397,18.7441,-68.45,169.72,20.8,4.8,3.436,F8V,0.54,8.810315,2.077392,16.413746,-0.00000172,-0.0000068,0.00002608,0.231564421,1.066814525,-3.31855E-07,8.22826E-07,,,Cas,1,4142,,3.677900704,,,
908,910,693,33,Gl 10,6    Cet,,0.187739,-15.467977,18.7477,-84.2,-269.31,14.6,4.89,3.525,F5V,0.487,18.046958,0.887717,-5.000042,0.00000823,-0.00000726,-0.00002757,0.049149857,-0.269967134,-4.08213E-07,-1.30565E-06,,6,Cet,1,908,,3.388441561,,,
19374,19422,25665,,Gl 161,,,4.159711,69.541392,18.7512,73.1,-298.47,-10.8,7.7,6.335,G5,0.952,3.036887,5.808041,17.568376,0.0000041,0.00002218,-0.00001983,1.08900989,1.213726263,3.54399E-07,-1.44702E-06,,,Cam,1,19374,,0.254683025,,,
118028,,,,GJ 1023B,,,0.905117,69.047731,18.7617,-84.89,-29.89,0,10.4,9.034,,0.64,6.521582,1.574682,17.521152,0.00000428,-0.00000691,-0.00000097,0.236959055,1.205110246,-4.11558E-07,-1.4493E-07,,,Cas,2,4248,GJ 1023,0.021203131,,,
25712,25775,274255,,,,,5.503888,-42.697332,18.7793,33.15,-145.33,0,9.72,8.352,M0V,1.343,1.787558,13.685526,-12.734721,-0.00000415,-0.00000851,-0.00000972,1.440914486,-0.745209029,1.60716E-07,-7.0458E-07,,,Col,1,25712,,0.039737451,VZ,9.793,9.653
98605,98921,190771,7683,GJ 1249,,,20.086039,38.478457,18.7899,263.35,111.57,-22.5,6.18,4.81,G5IV,0.654,7.639772,-12.569782,11.691332,0.00000786,0.00003326,-0.00000636,5.258512718,0.671575763,1.27676E-06,5.40907E-07,,,Cyg,1,98605,,1.037528416,,,
49830,49971,,,,,,10.201491,47.839555,18.7935,45.16,-53.13,0,12.47,11.1,,,-11.241722,5.722406,13.931023,-0.00000506,-0.00000204,-0.00000325,2.670743971,0.834957748,2.18942E-07,-2.57582E-07,,,UMa,1,49830,,0.003162278,,,
119031,,,,GJ 3913,,,15.596166,22.150714,18.797,-730.27,-119.59,0,12.69,11.32,k-m,1.51,-10.247492,-14.074313,7.087301,-0.00005622,0.00003584,-0.00001009,4.083066639,0.3866029,-3.54045E-06,-5.79769E-07,,,Ser,1,119031,,0.00258226,,,
63739,63942,,,Gl 499A,,,13.104278,20.729246,18.8041,-50.23,102.64,-1.8,9.44,8.069,M0,1.29,-16.856941,-5.013792,6.655749,0.00000352,0.00000582,0.0000081,3.430691857,0.361793598,-2.43522E-07,4.97613E-07,,,Com,1,63739,Gl 499,0.051570341,,,
46518,46651,82434,3786,Gl 351A,Psi Vel,,9.511674,-40.466769,18.8147,-147.14,48.65,8.8,3.6,2.228,F2IV,0.371,-11.382585,8.679058,-12.210922,0.0000004,0.00001657,-0.00000247,2.490150478,-0.706278362,-7.13355E-07,2.35862E-07,Psi,,Vel,1,46518,Gl 351,11.18922482,,,
65138,65343,116495,,Gl 509A,,,13.392451,29.237481,18.8218,-468.32,244.68,-39,8.88,7.507,K5,1.321,-15.344417,-5.855352,9.192972,0.00002747,0.00005622,0,3.506135503,0.510290301,-2.27048E-06,1.18624E-06,,,CVn,1,65138,Gl 509,0.086536634,,,
18813,18859,25457,1249,Gl 159,,,4.04354,-0.268923,18.8324,151.2,-252.03,17.7,5.38,4.005,F5V,0.516,9.229661,16.415565,-0.088392,-0.00000321,0.00002245,-0.00002309,1.05859636,-0.004693592,7.33038E-07,-1.22188E-06,,,Eri,1,18813,,2.177709772,,,
94854,95149,181321,7330,Gl 755,,,19.358263,-34.983487,18.8324,78.88,-108.93,-10.2,6.48,5.105,G1/G2V,0.628,5.371773,-14.464361,-10.797322,0.00000179,0.00001586,-0.00000217,5.067981315,-0.61057704,3.82421E-07,-5.28108E-07,,,Sgr,1,94854,,0.790678628,,,
118377,,,,Gl 204.2,,,5.497659,-3.440413,18.8324,-318.74,-472.55,0,12.02,10.645,M3.5,1.53,2.465114,18.636128,-1.13014,0.00002851,-0.00000638,-0.00004306,1.439283833,-0.060046528,-1.5453E-06,-2.29099E-06,,,Ori,1,118377,,0.004808393,,,
119255,,,,Gl 741,,,19.054564,-13.569937,18.8324,-559.19,-543.79,0,14.85,13.475,M4  :,1.56,4.990155,-17.613429,-4.418685,-0.00005229,-0.00000272,-0.00004826,4.98847324,-0.236840078,-2.71103E-06,-2.63636E-06,,,Sgr,1,119255,,0.000354813,,,
40260,40375,68834,,GJ 3488,,,8.243311,13.022825,18.8359,-422.98,96.96,0,8.79,7.415,K5,1.186,-10.168774,15.276507,4.244467,0.00003326,0.00001974,0.00000863,2.158093766,0.227291175,-2.05066E-06,4.70075E-07,,,Cnc,1,40260,,0.09418896,,,
85301,85561,158233,,GJ 4008,,,17.485159,-23.836117,18.8608,-287.29,-74.4,0,9.61,8.232,K5V,1.272,-2.318307,-17.095595,-7.622063,-0.00002566,0.00000625,-0.00000622,4.577603932,-0.416018715,-1.39282E-06,-3.60701E-07,,,Oph,1,85301,,0.044381298,,,
117986,,,,GJ 3033,,,0.409527,30.040407,18.8679,600,-2.09,0,14.54,13.161,m,1.67,16.2396,1.748185,9.445472,-0.00000577,0.00005458,-0.00000017,0.107213975,0.524304015,2.90888E-06,-1.0152E-08,,,And,1,117986,,0.000473805,,,
117988,,,,GJ 3034,,,0.422412,22.88711,18.8679,-217.29,-472.42,0,14.3,12.921,m,,17.276312,1.918288,7.338042,0.0000189,-0.0000179,-0.00003981,0.110587261,0.399455422,-1.05345E-06,-2.29038E-06,,,And,1,117988,,0.000591017,,,
118006,,,,GJ 3047,,,0.68228,31.383573,18.8679,-43.14,-306.98,0,13.83,12.451,m,,15.851259,2.861831,9.825741,0.00001509,-0.00000128,-0.00002397,0.178620468,0.547746684,-2.09149E-07,-1.4883E-06,,,And,1,118006,,0.000911171,,,
118185,,,,GJ 3190,,,2.986093,36.612847,18.8679,613.76,-292.75,0,13.04,11.661,M3.5,1.52,10.747633,10.670433,11.252908,-0.00002821,0.0000511,-0.00002149,0.781757201,0.639014726,2.97559E-06,-1.41928E-06,,,Per,1,118185,,0.001886253,,,
118334,,,,GJ 3313,,,4.786409,2.161481,18.8679,-259.84,-9.07,0,11.34,9.961,k,1.48,5.890123,17.910826,0.711623,0.00002259,-0.00000739,-0.00000083,1.25307884,0.037724965,-1.25974E-06,-4.39871E-08,,,Ori,1,118334,,0.009028176,,,
118384,,,,GJ 1082,,,5.605544,41.50332,18.8679,-96.59,25.88,0,14.75,13.371,DA7,0.32,1.45675,14.055207,12.503068,0.00000863,-0.00000247,0.00000177,1.467528015,0.724369586,-4.68282E-07,1.25475E-07,,,Aur,1,118384,,0.000390481,,,
118445,,,,GJ 3413,,,6.875472,18.275684,18.8679,128.56,153.21,0,13.18,11.801,m,,-4.070524,17.447644,5.916776,-0.00001045,-0.00000695,0.00001331,1.799994452,0.318970863,6.23276E-07,7.42773E-07,,,Gem,1,118445,,0.001658059,,,
118518,,66020,,Gl 296,,,8.000492,-40.03829,18.8679,509.03,-668.2,5.5,9.66,8.281,K7 V,1.34,-7.224963,12.509189,-12.13789,-0.00002282,-0.00005359,-0.00005042,2.094523925,-0.698799983,2.46785E-06,-3.23951E-06,,,Pup,1,118518,,0.042422865,,,
118768,,,,GJ 3682,,,11.723244,25.303596,18.8679,-194.06,-48.38,0,13.83,12.451,m,,-17.012873,1.234906,8.064416,-0.0000006,0.00001784,-0.000004,3.069138176,0.441631061,-9.40829E-07,-2.34572E-07,,,Leo,1,118768,,0.000911171,,,
118907,,,,GJ 3796,,,13.648242,-2.263519,18.8679,-280.12,-75.06,0,12.12,10.741,M3,1.58,-17.125016,-7.885187,-0.745199,-0.00001047,0.00002339,-0.00000686,3.573101472,-0.039505859,-1.35806E-06,-3.63887E-07,,,Vir,1,118907,,0.004401493,,,
118934,,,,GJ 3816,,,13.939102,-28.064498,18.8679,-491.79,-90.26,0,15.3,13.921,m,,-14.549801,-8.093535,-8.876691,-0.00001848,0.0000412,-0.00000729,3.64924846,-0.489817885,-2.38427E-06,-4.37588E-07,,,Hya,1,118934,,0.000235288,,,
119089,,,,GJ 1202,,,16.526351,17.563151,18.8679,-339.6,-811.83,0,12.78,11.401,k-m,1.57,-6.769107,-16.666156,5.693518,-0.00003722,-0.00000909,-0.00007079,4.326588568,0.306534818,-1.64643E-06,-3.93588E-06,,,Her,1,119089,,0.002396625,,,
119145,,,,GJ 4002,,,17.306126,18.147223,18.8679,-8.03,-229.86,0,13.02,11.641,m,,-3.239099,-17.634386,5.876591,-0.00000191,-0.00000631,-0.00001998,4.53073318,0.316728793,-3.89305E-08,-1.11439E-06,,,Her,1,119145,,0.001921321,,,
119151,,,,GJ 4005,,,17.404677,-4.366224,18.8679,-235.64,-109.88,0,12.19,10.811,M2,1.51,-2.920271,-18.58511,-1.436437,-0.00002117,0.0000041,-0.00001002,4.55653391,-0.076204981,-1.14241E-06,-5.32713E-07,,,Oph,1,119151,,0.004126672,,,
119154,,,,GJ 4007,,,17.454725,-25.161589,18.8679,429.07,-474.86,0,13.35,11.971,M3.5,,-2.429412,-16.903885,-8.022114,0.00004147,0.00001269,-0.00003931,4.569636408,-0.43915258,2.08019E-06,-2.30221E-06,,,Oph,1,119154,,0.001417751,,,
119190,,,,GJ 4036,,,17.955954,-41.996119,18.8679,-94.35,-378.42,0,11.36,9.981,M3,1.51,-0.161803,-14.021505,-12.624139,-0.00000836,0.00002325,-0.00002573,4.700857751,-0.732970547,-4.57422E-07,-1.83461E-06,,,Sco,1,119190,,0.008863393,,,
119233,,,,GJ 2139,,,18.716072,-11.149918,18.8679,-243.13,-251.77,53,14.18,12.801,DA5,0.15,3.450532,-18.19004,-3.649138,-0.00001276,-0.00005202,-0.00003307,4.899856197,-0.194602784,-1.17873E-06,-1.22061E-06,,,Sct,1,119233,,0.000660085,,,
119415,,,,GJ 4197,,,21.471749,-22.309225,18.8679,-195.09,-240.91,0,12.21,10.831,M4,1.56,13.769456,-10.728488,-7.162351,-0.00001756,-0.00000894,-0.00002039,5.621290792,-0.389369423,-9.45823E-07,-1.16799E-06,,,Cap,1,119415,,0.004051352,,,
119442,,,,GJ 4222,,,21.825624,-63.116742,18.8679,292.52,453.9,0,12.5,11.121,m+,,7.186587,-4.597908,-16.82884,0.00004561,0.00000257,0.00001877,5.713935073,-1.101594954,1.41818E-06,2.20059E-06,,,Ind,1,119442,,0.003101701,,,
119472,,,,GJ 4257,,,22.112911,3.41707,18.8679,487.25,-350.12,0,13.6,12.221,M4,1.6,16.582237,-8.930977,1.124599,0.00002282,0.00003833,-0.00003197,5.789146483,0.059639126,2.36225E-06,-1.69745E-06,,,Peg,1,119472,,0.00112616,,,
119593,,,,GJ 4362,,,23.810011,-27.660734,18.8679,-530.29,-258.64,0,12.4,11.021,M3.5:,,16.690845,-0.831148,-8.759143,-0.00001337,-0.0000479,-0.00002095,6.233446321,-0.48277088,-2.57092E-06,-1.25391E-06,,,Scl,1,119593,,0.003400948,,,
46504,46637,82159,,,,,9.509954,10.601736,18.8715,-203.73,-11.88,0,8.66,7.281,G5,0.905,-14.745571,11.253749,3.472,0.00001115,0.00001494,-0.00000107,2.489700121,0.185035208,-9.87711E-07,-5.75959E-08,,,Leo,1,46504,,0.10656142,GS,9.076,8.556
12676,12709,16909,,Gl 106,,,2.722474,19.429244,18.8822,434.67,-15.5,29.2,8.23,6.85,K5,1.074,13.472383,11.644308,6.281109,-0.00000435,0.00004883,0.0000086,0.712741903,0.339104282,2.10734E-06,-7.51461E-08,,,Ari,1,12676,,0.158489319,,,
71920,72146,130004,,,,,14.756718,13.846315,18.8964,-232.95,-225.68,0,7.87,6.488,K0,0.931,-13.77293,-12.121449,4.522256,-0.00001781,0.00001275,-0.00002007,3.863299834,0.241663785,-1.12937E-06,-1.09413E-06,,,Boo,1,71920,,0.221207578,,,
74972,75201,,,Gl 583,,,15.367806,-4.777454,18.8964,-294.73,-12.83,-17.8,9.46,8.078,K7V,1.31,-11.973394,-14.533718,-1.573787,-0.00000924,0.00003124,0.00000034,4.023282245,-0.083382307,-1.42889E-06,-6.22016E-08,,,Lib,1,74972,,0.051144625,,,
119316,,,,Gl 773B,,,19.956558,-12.56533,18.8964,-73.27,-514.81,0,15.36,13.978,m,,9.039643,-16.076653,-4.110963,-0.00001088,0.00000565,-0.00004603,5.224614684,-0.219306379,-3.55223E-07,-2.49588E-06,,,Sgr,2,97893,Gl 773,0.000223254,,,
118147,,,,Gl 100B,,,2.483918,-19.978584,18.9036,641.39,225.87,0,11.4,10.017,,,14.140011,10.75595,-6.458773,-0.00002995,0.00005107,0.00001945,0.650288126,-0.348692069,3.10955E-06,1.09504E-06,,,Cet,2,11538,Gl 100,0.008574326,,,
118148,,,,Gl 100C,,,2.475824,-20.037599,18.9036,601.53,271.6,0,12.85,11.467,M3,1.61,14.157466,10.721933,-6.477068,-0.00002647,0.0000491,0.00002338,0.648169109,-0.349722071,2.9163E-06,1.31675E-06,,,Cet,3,11538,Gl 100,0.002255278,,,
83150,83405,,,GJ 3987,,,17.047107,-6.06839,18.9286,-125.79,-78.66,0,10.86,9.474,M2,1.237,-4.647042,-18.239866,-2.001046,-0.000011,0.00000359,-0.00000718,4.462922293,-0.105913385,-6.09847E-07,-3.81354E-07,,,Oph,1,83150,,0.014138391,,10.938,10.788
42148,42267,,,GJ 3508,,,8.618879,15.129317,18.9609,-118.98,-892.76,0,11.8,10.411,K:,1.563,-11.589055,14.167542,4.948766,-0.0000051,0.0000235,-0.00007921,2.25641734,0.264056397,-5.76831E-07,-4.32822E-06,,,Cnc,1,42148,,0.005964856,,11.942,11.702
98365,98677,190067,,Gl 775.1,,,20.042822,15.592075,18.9717,-160.07,-582.07,20,7.15,5.759,G7V,0.714,9.313689,-15.722075,5.099387,0.00000471,-0.00003683,-0.00004606,5.247198534,0.272133048,-7.76041E-07,-2.82195E-06,,,Aql,1,98365,,0.432912375,,,
61302,61495,,,Gl 477,,,12.599566,-45.939096,18.9861,-99.69,-697.7,-12,11.09,9.698,M1,1.482,-13.040973,-2.063944,-13.643353,0.00005257,0.00001761,-0.00003584,3.298558658,-0.801788475,-4.83311E-07,-3.38255E-06,,,Cen,1,61302,,0.011502705,,11.156,11.016
69601,69824,,,Gl 541.2,,,14.290103,45.444483,19.0114,45.54,-15.59,0,10.19,8.795,M0,1.391,-11.012056,-7.526455,13.546971,0.00000152,-0.00000404,-0.00000101,3.741140285,0.793155857,2.20784E-07,-7.55825E-08,,,Boo,1,69601,,0.026424088,,10.238,10.128
119531,,,,GJ 1273,,,22.818243,22.606366,19.0114,498.9,33.14,94,14.36,12.965,DA5,0.19,16.721707,-5.34487,7.309789,0.00009742,0.00001712,0.00003977,5.973802017,0.394555516,2.41874E-06,1.60648E-07,,,Peg,1,119531,,0.000567545,,,
116018,116384,,,Gl 900,,,23.58341,1.605403,19.0259,342.97,26.78,-10.9,9.59,8.193,M0,1.329,18.905338,-2.070085,0.533025,-0.0000077,0.00003267,0.00000216,6.174122375,0.028019572,1.66277E-06,1.29833E-07,,,Psc,1,116018,,0.046004467,,,
119436,,,,Gl 836.9B,,,21.776642,-57.703986,19.0259,84.7,-896,0,9.6,8.203,K7 V,,8.491519,-5.588361,-16.082575,-0.00005405,0.00004493,-0.00004417,5.701111524,-1.007124554,4.10637E-07,-4.34395E-06,,,Ind,2,107179,Gl 836.9,0.045582695,,,
97819,98130,188474,,GJ 1246,,,19.943607,-31.335314,19.044,408.04,32.98,0,8.42,7.021,K3/K4V,1.025,7.924295,-14.205466,-9.903749,0.00003367,0.00001697,0.0000026,5.221224068,-0.546904394,1.97823E-06,1.59892E-07,,,Sgr,1,97819,,0.135394181,,,
7221,7235,9540,,Gl 59A,,,1.554387,-24.177962,19.0512,271.86,-159.5,-49.1,6.97,5.57,K0V,0.766,15.960311,6.878837,-7.802662,-0.00005755,0.00000254,0.00000713,0.406937578,-0.421985038,1.31801E-06,-7.73278E-07,,,Cet,1,7221,Gl  59,0.515228645,,,
65939,66147,117936,,GJ 2102,,,13.559001,8.586764,19.0694,-506.48,94.49,0,7.98,6.578,K0,1.026,-17.306819,-7.48395,2.847194,-0.00001739,0.00004349,0.00000864,3.549738157,0.149867303,-2.45548E-06,4.581E-07,,,Vir,1,65939,,0.20361042,,,
77278,77514,,,GJ 3920,,,15.826779,51.049193,19.073,-366.65,277.03,0,12.84,11.438,M:,2.2,-6.459816,-10.101385,14.832805,-0.00001783,0.00003505,0.0000161,4.143441147,0.890976505,-1.77757E-06,1.34308E-06,,,Her,1,77278,,0.002316328,,12.985,12.715
94262,94557,,,GJ 9652A,,,19.244216,19.317701,19.084,-617.43,434.84,0,11.56,10.157,M:,1.5,5.763123,-17.062539,6.313101,-0.00005838,-0.00000567,0.00003796,5.038124009,0.337157482,-2.99339E-06,2.10816E-06,,,Sge,1,94262,GJ 9652,0.007537026,,11.652,11.442
76083,76315,139477,,,,,15.588873,60.086992,19.1058,172.22,-162.88,0,8.39,6.984,K5,1.063,-5.622655,-7.691821,16.560593,0.00000516,-0.00001997,-0.00000752,4.081157428,1.048715846,8.34946E-07,-7.89665E-07,,,Dra,1,76083,,0.140087698,,,
21034,21086,,,,,,4.519179,-13.514604,19.1095,-161.78,-206.99,0,11.47,10.064,,,7.024122,17.201502,-4.46576,0.00001218,-0.00000981,-0.00001864,1.183118211,-0.235874331,-7.84332E-07,-1.00352E-06,,,Eri,1,21034,,0.008211075,,11.537,11.317
82846,83101,153026,,Gl 646A,,,16.981668,-39.55855,19.1131,272.9,223.14,42.5,8.33,6.923,K3/K4V,1.181,-3.882178,-14.215427,-12.172734,0.00001209,-0.00005169,-0.00001174,4.445790247,-0.690426942,1.32306E-06,1.08181E-06,,,Sco,1,82846,Gl 646,0.148183552,,,
118373,,,,GJ 1080,,,5.470507,2.971009,19.1205,-366.6,-1121.61,0,12.8,11.393,M5 V,1.6,2.638471,18.911634,0.991029,0.0000344,0.00000067,-0.00010382,1.432175475,0.051853889,-1.77733E-06,-5.43771E-06,,,Ori,1,118373,,0.002414349,,,
119118,,,,Gl 646B,,,16.98151,-39.561469,19.1205,272.29,186.44,0,10.4,8.993,,,-3.883799,-14.219952,-12.177955,0.00002145,-0.00001727,0.00001332,4.445748863,-0.690477893,1.3201E-06,9.03882E-07,,,Sco,2,82846,Gl 646,0.022019122,,,
115080,115445,220339,,Gl 894.5,,,23.384692,-10.764244,19.1241,451.02,260.28,35.9,7.8,6.392,K2V,0.881,18.54467,-3.013416,-3.571835,0.00004676,0.00003476,0.00001685,6.122097951,-0.187871495,2.18661E-06,1.26187E-06,,,Aqr,1,115080,,0.241657345,,,
33928,34017,52711,2643,Gl 262,,,7.058457,29.337081,19.1314,155.73,-828.01,25.4,5.93,4.521,G4V,0.595,-4.562639,16.041802,9.373479,-0.00003038,0.00005402,-0.00005421,1.847899722,0.512028654,7.55E-07,-4.01431E-06,,,Gem,1,33928,,1.353941811,,,
110189,110534,,,Gl 855,,,22.392503,-57.220629,19.1498,586.49,-376.12,-20,10.82,9.409,K,1.47,9.463169,-4.235311,-16.100266,-0.00001466,0.00006621,-0.00000171,5.862343461,-0.998688373,2.84338E-06,-1.82348E-06,,,Tuc,1,110189,,0.015010667,,10.895,10.735
118398,,,,Gl 220,,,5.887253,24.260288,19.1571,115.35,-598.99,0,10.81,9.398,M1.5,1.48,0.515402,17.457697,7.871318,-0.00001003,0.00002317,-0.00005071,1.541279306,0.423421895,5.59233E-07,-2.904E-06,,,Tau,1,118398,,0.015163519,,,
15057,15095,20280,,Gl 131,,,3.245725,-26.446249,19.1681,216.28,97.95,14.9,9.17,7.757,K5V,1.235,11.330329,12.890659,-8.536727,-0.00000341,0.00002656,0.00000136,0.849728753,-0.461574113,1.04856E-06,4.74875E-07,,,For,1,15057,,0.068738492,,,
103724,104059,,,Gl 817,,,21.081502,-16.958865,19.1718,-914.54,-2035.65,-47,11.45,10.037,M3,1.443,13.240389,-12.687134,-5.592005,-0.00013184,0.0000086,-0.00016695,5.519124232,-0.29598803,-4.43382E-06,-9.86911E-06,,,Cap,1,103724,,0.008417827,,11.519,11.359
116830,117197,,,Gl 906,,,23.763737,36.255045,19.1791,347.1,45.63,-21.8,9.89,8.476,M0,1.338,15.436154,-0.955945,11.342034,-0.00001845,0.00003348,-0.00000976,6.221331776,0.6327699,1.68279E-06,2.2122E-07,,,And,1,116830,,0.035448674,,,
44769,44897,78366,3625,Gl 334.2,,,9.147526,33.882217,19.1902,-191.06,-115.4,26.8,5.95,4.535,F9V,0.585,-11.691924,10.821992,10.69843,-0.00000902,0.00003257,0.00000637,2.394816678,0.591356243,-9.26285E-07,-5.59475E-07,,,Lyn,1,44769,,1.336595517,,,
97365,97675,187691,7560,Gl 768.1A,54Omi Aql,,19.850456,10.415727,19.1902,240.09,-134.51,-0.2,5.12,3.705,F8V,0.563,8.789994,-16.702189,3.469379,0.00002073,0.00000858,-0.00001234,5.196837126,0.181788729,1.16399E-06,-6.52123E-07,Omi,54,Aql,1,97365,Gl 768.1,2.870780582,,,
118438,,,,GJ 3406A,,,6.73051,51.140749,19.1939,102.55,-914.27,0,12.44,11.024,M3.5   J,1.59,-2.28924,11.822841,14.94609,-0.00002196,0.00006323,-0.00005336,1.762043357,0.892574448,4.97176E-07,-4.43249E-06,,,Lyn,1,118438,GJ 3406,0.003391564,,,
118439,,,,GJ 3407B,,,6.73051,51.140749,19.1939,102.55,-914.27,0,14.9,13.484,,,-2.28924,11.822841,14.94609,-0.00002196,0.00006323,-0.00005336,1.762043357,0.892574448,4.97176E-07,-4.43249E-06,,,Lyn,2,118439,GJ 3407,0.000351884,,,
14519,14555,,,GJ 1054A,,,3.13216,-28.219726,19.2012,-339.14,-119.54,0,10.21,8.793,Se,,11.542528,12.370176,-9.079367,0.00001949,-0.00002538,-0.0000098,0.819997537,-0.492527127,-1.6442E-06,-5.79546E-07,,,For,1,14519,GJ 1054,0.026472807,,10.307,10.117
25480,25544,36435,,Gl 204.1,,,5.460956,-60.415995,19.2012,-148.89,-92.83,12.9,6.99,5.573,G5V,0.755,1.33341,9.385425,-16.698094,0.00001358,-0.00000294,-0.00001574,1.429674858,-1.054458028,-7.21839E-07,-4.50053E-07,,,Dor,1,25480,,0.51380698,,,
114784,115147,220140,,,,,23.323926,79.003518,19.2049,201.34,71.6,-16.8,7.53,6.113,G9V,0.893,3.606073,-0.644874,18.85213,-0.00000637,0.00002018,-0.00001559,6.106189549,1.378871513,9.76124E-07,3.47127E-07,,,Cep,1,114784,,0.312464009,V368,7.556,7.486
91756,92043,173667,7061,Gl 725.2,110    Her,,18.761035,20.546308,19.2086,-9.25,-335.65,22.3,4.19,2.773,F6V,0.483,3.560021,-17.631081,6.741603,0.00000555,-0.00003186,-0.00002126,4.911627456,0.358600718,-4.48453E-08,-1.62728E-06,,110,Her,1,91756,,6.77329514,,,
81405,81655,,,GJ 3968,,,16.680254,36.316701,19.2197,-140.17,179.29,0,11.45,10.031,,,-5.244878,-14.571181,11.382831,-0.00000894,0.00001373,0.00001346,4.366880225,0.633846009,-6.79563E-07,8.69222E-07,,,Her,1,81405,,0.008464474,,11.545,11.305
1856,1860,,,GJ 1010A,,,0.391817,77.189292,19.2271,-840.75,45.38,0,11.31,9.89,K,1.462,4.240884,0.436015,18.748497,0.00000392,-0.00007837,0.00000094,0.10257742,1.347207284,-4.07607E-06,2.20008E-07,,,Cep,1,1856,GJ 1010,0.00963829,,11.376,11.256
117980,,,,GJ 3027,,,0.314836,27.81457,19.2308,386.37,-103.53,0,13.86,12.44,m,,16.951157,1.400559,8.973313,0.00000153,0.00003627,-0.00000854,0.082423782,0.485455818,1.87317E-06,-5.01913E-07,,,And,1,117980,,0.00092045,,,
118142,,,,GJ 3157,,,2.427,37.543731,19.2308,263.08,-60.74,0,14.05,12.63,m,,12.271983,9.049657,11.71861,-0.00001178,0.00002179,-0.00000449,0.635387198,0.655261711,1.27545E-06,-2.94456E-07,,,And,1,118142,,0.000772681,,,
118300,,,,GJ 3284,,,4.430238,15.518965,19.2308,126.67,-29.24,0,12.13,10.71,dM0,1.4,7.402444,16.986847,5.145341,-0.00001053,0.00000539,-0.00000263,1.159833505,0.270857028,6.14113E-07,-1.41774E-07,,,Tau,1,118300,,0.004528976,,,
118369,,,,GJ 3344,,,5.266086,-72.229568,19.2308,-54.21,838.25,0,11.7,10.28,m,1.4,1.120966,5.761276,-18.313242,0.00001917,0.00007209,0.00002384,1.378658177,-1.260643786,-2.62817E-07,4.06395E-06,,,Men,1,118369,,0.006729767,,,
118429,,,,GJ 3395,,,6.51758,50.040764,19.2308,702.48,-697.59,0,11.09,9.67,M0,1.5,-1.66961,12.237465,14.740439,-0.00007162,0.00004056,-0.00004176,1.706298541,0.873376096,3.40572E-06,-3.382E-06,,,Aur,1,118429,,0.011803206,,,
118613,,,,GJ 3546,,,9.305378,27.319313,19.2308,-657.31,643.69,0,9.55,8.13,K5,1.34,-13.00757,11.078324,8.825958,0.00006069,0.00002881,0.00005332,2.436142372,0.476811967,-3.18673E-06,3.1207E-06,,,Cnc,1,118613,,0.048752849,,,
118686,,,,GJ 3604,,,10.478353,32.24086,19.2308,-469.8,198.45,0,13,11.58,m,,-14.991862,6.309972,10.259239,0.00002608,0.00003654,0.00001565,2.743226433,0.562709152,-2.27765E-06,9.62127E-07,,,LMi,1,118686,,0.002032357,,,
118845,,,,GJ 3747,,,12.786036,-3.571474,19.2308,-500,-1.75,0,12.63,11.21,M3,1.54,-18.788493,-3.921876,-1.197956,-0.00000952,0.00004563,-0.00000016,3.347376289,-0.062333982,-2.42407E-06,-8.46E-09,,,Vir,1,118845,,0.002857591,,,
118858,,,,GJ 3757,,,12.990002,7.731934,19.2308,-699.96,7.33,0,16,14.58,m+,,-18.419498,-4.883823,2.587283,-0.00001665,0.0000631,0.00000068,3.400774651,0.134947704,-3.3935E-06,3.55368E-08,,,Vir,1,118858,,0.000128233,,,
119132,,,,GJ 3990,,,17.164612,11.923923,19.2308,-368.71,-91.93,0,13.99,12.57,m,,-4.082412,-18.367641,3.973328,-0.00003394,0.00000573,-0.00000839,4.493684961,0.208111716,-1.78756E-06,-4.45689E-07,,,Oph,1,119132,,0.000816582,,,
119220,,,,GJ 4059,,,18.440083,11.3471,19.2308,-14.13,-269.63,0,12.85,11.43,m,,2.167536,-18.729898,3.783703,-0.00000074,-0.00000507,-0.00002464,4.827602547,0.198044263,-6.85042E-08,-1.3072E-06,,,Oph,1,119220,,0.002333458,,,
119269,,,,GJ 4104,,,19.216417,-39.038781,19.2308,479.9,-140.33,0,12.7,11.28,M3,,4.677257,-14.185752,-12.112447,0.00003991,0.00002183,-0.00001016,5.030846245,-0.681355261,2.32662E-06,-6.80354E-07,,,CrA,1,119269,,0.002679168,,,
119367,,,,GJ 4160A,,,20.742084,8.899766,19.2308,191.51,160.7,0,11.27,9.85,k-m,,12.497467,-14.310332,2.975127,0.00001192,0.00001349,0.0000148,5.430264836,0.155330212,9.28467E-07,7.79076E-07,,,Del,1,119367,GJ 4160,0.01,,,
119368,,,,GJ 4161B,,,20.741805,8.903084,19.2308,191.51,160.7,0,12.54,11.12,m,,12.496309,-14.311114,2.976227,0.00001192,0.00001349,0.0000148,5.430191861,0.155388121,9.28467E-07,7.79076E-07,,,Del,2,119368,GJ 4161,0.00310456,,,
119426,,,,GJ 4211,,,21.687828,-0.775658,19.2308,256.8,40.67,0,12.57,11.15,m,1.56,15.812367,-10.941888,-0.260334,0.00001367,0.00001966,0.00000379,5.677860217,-0.013537787,1.245E-06,1.97183E-07,,,Aqr,1,119426,,0.003019952,,,
119458,,,,GJ 4240,,,21.943861,19.769541,19.2308,-116.09,-455.44,0,12.9,11.48,M3.5,1.58,15.538072,-9.278062,6.504581,0.00000679,-0.00001666,-0.00003995,5.744889406,0.345043584,-5.6282E-07,-2.20802E-06,,,Peg,1,119458,,0.002228435,,,
119532,,,,GJ 4300,,,22.845913,28.602534,19.2308,214.36,-49.49,0,12.55,11.13,m,,16.119138,-5.023916,9.206374,0.00000806,0.00001842,-0.00000405,5.981045908,0.499208386,1.03925E-06,-2.39929E-07,,,Peg,1,119532,,0.003076097,,,
119601,,,,GJ 4371,,,23.873318,-14.690523,19.2308,449.88,-260.79,0,15.5,14.08,m,,18.591913,-0.616765,-4.876891,-0.00000477,0.00004212,-0.00002352,6.25001998,-0.256397989,2.18108E-06,-1.26432E-06,,,Aqr,1,119601,,0.000203236,,,
15735,15774,21209,,Gl 140.1A,,,3.388083,-49.991931,19.2493,247.98,266.14,-12.2,8.58,7.158,K3V,1.068,7.817887,9.593053,-14.743993,-0.00001099,0.00002315,0.00002552,0.88699811,-0.872523797,1.20224E-06,1.29028E-06,,,Hor,1,15735,Gl 140.1,0.119343838,,8.705,8.525
29727,29800,43386,2241,GJ 9207,74    Ori,,6.274061,12.272163,19.2493,83.07,186.28,8.7,5.04,3.618,F5IV-V,0.431,-1.348406,18.761116,4.091564,-0.00000809,0.00000443,0.00001888,1.642545245,0.214189651,4.02735E-07,9.03111E-07,,74,Ori,1,29727,,3.110283669,,,
29787,29860,43587,2251,Gl 231.1A,,,6.287816,5.100112,19.2493,-189.37,171.18,9.6,5.7,4.278,G0.5Vb,0.61,-1.443333,19.118773,1.711198,0.00001699,0.00000967,0.00001678,1.646146413,0.089013744,-9.18092E-07,8.29904E-07,,,Ori,1,29787,Gl 231.1,1.693557709,,,
63051,63253,,,Gl 490A,,,12.961193,35.224991,19.2567,-263.66,-176.4,-6.9,10.57,9.147,M0Vvar,1.423,-15.235201,-3.916767,11.107011,-0.00000974,0.00002291,-0.00001752,3.393232395,0.614792072,-1.27826E-06,-8.55211E-07,,,CVn,1,63051,Gl 490,0.01910733,BF,10.659,10.469
57188,57361,,,,,,11.759565,-20.353443,19.2604,160.5,75.21,0,11.79,10.367,,1.482,-18.022114,1.135909,-6.698966,-0.00000338,-0.0000148,0.00000658,3.078646856,-0.355234602,7.78126E-07,3.64628E-07,,,Crt,1,57188,,0.00621155,,11.885,11.695
118011,,,,GJ 1019,,,0.72655,28.444334,19.2678,-129.18,-1052.1,0,14.52,13.096,m,1.59,16.636257,3.203036,9.177345,0.00004827,-0.00000299,-0.0000864,0.190210319,0.496447285,-6.26282E-07,-5.10072E-06,,,And,1,118011,,0.000503037,,,
119486,,,,Gl 852.1,,,22.288714,15.358813,19.2678,212.5,-56.94,0,13.55,12.126,m,1.54,16.746047,-8.048235,5.103327,0.00000987,0.00001728,-0.00000513,5.835171755,0.268061862,1.03023E-06,-2.76053E-07,,,Peg,1,119486,,0.001229136,,,
84394,84652,,,GJ 4001,,,17.306036,-1.781468,19.2827,114.04,-68.61,0,10.59,9.164,K7,1.44,-3.482345,-18.956172,-0.59945,0.00001052,-0.00000173,-0.00000641,4.530709554,-0.031092487,5.52882E-07,-3.32631E-07,,,Oph,1,84394,,0.018810485,,,
1716,1720,,,GJ 3029,,,0.360374,-46.09261,19.305,-301.15,-359.54,0,12.21,10.782,M6,1.537,13.328384,1.261143,-13.908512,-0.00002148,-0.00003034,-0.00002333,0.094345564,-0.804467805,-1.46002E-06,-1.7431E-06,,,Phe,1,1716,,0.004238381,,12.337,11.837
23086,23140,,,GJ 1074,,,4.979394,50.943826,19.305,502.53,-335.69,0,10.97,9.542,M0V:,1.432,3.211395,11.73215,14.990885,-0.00003892,0.00003595,-0.00001979,1.303602304,0.889137503,2.43633E-06,-1.62747E-06,,,Aur,1,23086,,0.013280059,,11.046,10.906
118333,,,,GJ 3311,,,4.771299,48.750101,19.305,1012.07,-644.76,0,17.29,15.862,m,,4.022687,12.076275,14.51429,-0.00007549,0.00007301,-0.00003978,1.249123212,0.850849765,4.90665E-06,-3.12588E-06,,,Per,1,118333,,3.93731E-05,,,
118890,,,,Gl 513,,,13.489327,11.440016,19.305,315.76,-1178.43,40,12.13,10.702,M5,1.46,-17.503163,-7.192846,3.829398,-0.00004612,-0.00005089,-0.00009996,3.531497481,0.199665938,1.53085E-06,-5.71319E-06,,,Vir,1,118890,,0.00456247,,,
46493,46626,82342,,GJ 1126A,,,9.507804,-32.1034,19.3087,-66.81,315.93,0,8.31,6.881,K3/K4V,0.985,-12.996568,9.930506,-10.261587,-0.00000869,0.00001451,0.00002505,2.489137293,-0.560310037,-3.23904E-07,1.53167E-06,,,Ant,1,46493,GJ 1126,0.154028115,,,
99392,99711,192263,,,,,20.23329,-0.866877,19.3162,-63.37,262.26,0,7.79,6.36,K0,0.938,10.659924,-16.105781,-0.29224,-0.00000474,-0.00000359,0.00002456,5.297063013,-0.015129857,-3.07226E-07,1.27147E-06,,,Aql,1,99392,,0.248885732,V1703,7.809,7.759
118420,,,,Gl 231.1B,,,6.286339,5.119493,19.3199,-245.93,153.68,8.9,13.42,11.99,m+,1.41,-1.441189,19.189238,1.724017,0.00002239,0.00000949,0.00001515,1.645759811,0.089352016,-1.1923E-06,7.45042E-07,,,Ori,2,29787,Gl 231.1,0.001393157,,,
73230,73457,132683,,Gl 571.1,,,15.012059,-11.135129,19.3424,-19.01,-480.3,14,9.49,8.057,K7V,1.372,-13.377317,-13.462048,-3.735498,-0.00000504,-0.00000254,-0.00004695,3.930147778,-0.19434466,-9.21631E-08,-2.32856E-06,,,Lib,1,73230,,0.052143479,,,
118284,,,,Gl 167.2,,,4.285885,-26.048534,19.3424,597.49,364.71,55,11.8,10.367,M0,1.38,7.540019,15.659453,-8.495108,-0.00002203,0.00008337,0.00000602,1.122041953,-0.454632677,2.89671E-06,1.76814E-06,,,Eri,1,118284,,0.00621155,,,
36114,36215,,,GJ 3441,,,7.457951,22.043872,19.3498,-264.03,-143.72,0,11.25,9.817,M2,1.495,-6.680691,16.644583,7.262298,0.0000211,0.00001392,-0.0000125,1.952486922,0.384738148,-1.28005E-06,-6.96774E-07,,,Gem,1,36114,,0.010308607,,11.334,11.174
119387,,,,Gl 816.1B,,,21.044379,45.884641,19.3611,393.4,147.09,0,13,11.565,,,9.640404,-9.418172,13.900103,0.00001872,0.00003333,0.00000961,5.509405434,0.800838059,1.90726E-06,7.13098E-07,,,Cyg,2,103527,Gl 816.1,0.00206063,,,
69263,69485,,,GJ 9472,,,14.225332,-6.958981,19.3648,111.33,136.9,0,10.15,8.715,M0,1.418,-16.051261,-10.57581,-2.346214,0.00000445,-0.00000958,0.00001276,3.724183113,-0.121457139,5.39743E-07,6.6371E-07,,,Vir,1,69263,,0.028444611,,10.219,10.069
72086,72312,130307,,GJ 3867,,,14.787806,2.703224,19.3723,-289.08,-79.28,8.7,7.76,6.324,G8V,0.893,-14.421726,-12.902251,0.913653,-0.00002499,0.00001407,-0.00000702,3.871438471,0.047180161,-1.4015E-06,-3.8436E-07,,,Vir,1,72086,,0.25727643,QY,7.781,7.731
119094,,,,Gl 629.3,,,16.605079,-49.298494,19.3798,-49.37,-587.93,0,12.38,10.943,M1 :,1.48,-4.513409,-11.804501,-14.692159,0.00001062,0.00004076,-0.00003603,4.347199567,-0.860421031,-2.39353E-07,-2.85037E-06,,,Ara,1,119094,,0.003654265,,,
85878,86141,160964,,Gl 689,,,17.603677,71.878358,19.3874,91.84,-36.49,-23.9,8.55,7.112,K5,1.089,-0.624492,-5.997678,18.425549,0.00000903,0.00000343,-0.0000243,4.608631956,1.254514011,4.45253E-07,-1.76909E-07,,,Dra,1,85878,,0.124508786,,,
100164,100490,,,Gl 788.1,,,20.378208,-58.285661,19.3874,757.9,-434.81,-66,10.6,9.162,M,1.455,5.943427,-8.278841,-16.491963,0.0000169,0.0000986,0.00003594,5.335002369,-1.017276685,3.6744E-06,-2.10802E-06,,,Pav,1,100164,,0.018845167,,10.653,10.543
119307,,,,Gl 768.1B,,,19.850455,10.41519,19.3911,233.83,-135,-1.2,13.1,11.662,M3,,8.882013,-16.877015,3.50551,0.00001996,0.00000927,-0.0000127,5.19683691,0.181779349,1.13364E-06,-6.54494E-07,,,Aql,2,97365,Gl 768.1,0.001884517,,,
35398,35495,,,Gl 270,,,7.325344,32.830092,19.3949,433.19,-345.22,-68.9,10.06,8.622,M2:,1.42,-5.541799,15.325462,10.514603,-0.00002415,-0.00005298,-0.00006548,1.917770583,0.572993201,2.10016E-06,-1.67367E-06,,,Gem,1,35398,,0.03098846,,10.103,9.993
42311,42430,73752,3430,Gl 314A,,,8.652198,-22.661875,19.3986,-268.26,424.08,47.7,5.05,3.611,G3/G5V,0.72,-11.454706,13.756704,-7.474291,-0.00001925,0.00006255,0.000018,2.265140179,-0.395524333,-1.30056E-06,2.056E-06,,,Pyx,1,42311,Gl 314,3.13040119,,,
114761,115123,219764,,GJ 1283,,,23.318182,-60.520661,19.3986,-95.04,-42.68,0,8.93,7.491,K7V,1.154,9.394553,-1.695005,-16.887125,-0.00000503,-0.00000818,-0.00000198,6.104685696,-1.056284806,-4.60767E-07,-2.06918E-07,,,Tuc,1,114761,,0.087821328,,,
66941,67153,119756,5168,Gl 525.1,1    Cen,,13.761471,-33.043721,19.4024,-461.85,-146.17,-21.6,4.23,2.791,F3V,0.39,-14.565089,-7.237099,-10.579613,0.00000397,0.00005048,0.00000052,3.602744795,-0.576721734,-2.23911E-06,-7.08652E-07,,1,Cen,1,66941,,6.661929002,,,
38481,38594,,,,,,7.903028,-25.303175,19.4099,-299.79,200.26,0,9.75,8.31,M,1.385,-8.385238,15.414581,-8.295946,0.00002093,0.00002055,0.00001704,2.069007961,-0.441623711,-1.45342E-06,9.70888E-07,,,Pup,1,38481,,0.04130475,,,
8777,8796,11443,544,Gl 78.1,2Alp Tri,Mothallah,1.884696,29.578829,19.4175,12.02,-233.69,-16.2,3.42,1.979,F6IV,0.488,14.872602,7.99818,9.584806,-0.00000366,-0.00000069,-0.00002731,0.493412346,0.516247959,5.82746E-08,-1.13296E-06,Alp,2,Tri,1,8777,,14.07343138,Alp,3.429,3.409
118251,,23232,,GJ 9126,,,3.738858,24.876525,19.4175,-17.61,-9.48,2,8.85,7.409,K2,1.71,9.829598,14.618526,8.16829,0.00000262,0.00000093,0.00000005,0.978830663,0.434177267,-8.53757E-08,-4.59652E-08,,,Tau,1,118251,,0.094710908,,,
27253,27321,39060,2020,Gl 219,Bet Pic,,5.788079,-51.066514,19.4401,4.65,81.96,20,3.85,2.407,A3V,0.171,0.677437,12.19782,-15.122127,0.00000061,0.00001886,-0.00001106,1.515315655,-0.891278807,2.25438E-08,3.97353E-07,Bet,,Pic,1,27253,,9.488553267,,,
98194,98505,189733,,GJ 4130,,,20.012143,22.710853,19.4515,-2.49,-250.81,0,7.67,6.225,G5,0.932,9.021016,-15.510779,7.50985,0.00000439,-0.00000801,-0.00002182,5.239166676,0.396379154,-1.20719E-08,-1.21596E-06,,,Vul,1,98194,,0.281838293,V452,7.703,7.643
103527,103859,200560,,Gl 816.1A,,,21.044626,45.884772,19.4704,402.3,141.72,-13.6,7.69,6.243,K2,0.97,9.695032,-9.470962,13.978517,0.00001274,0.00004064,-0.00000067,5.509470177,0.80084035,1.95041E-06,6.87078E-07,,,Cyg,1,103527,Gl 816.1,0.277204324,V2436,7.713,7.663
67406,67620,120690,5209,Gl 530,,,13.855656,-24.390368,19.4742,-580.93,-244.87,2.1,6.43,4.983,G5V,0.703,-15.684097,-8.28143,-8.041904,-0.0000189,0.00005204,-0.00002194,3.627402227,-0.42569222,-2.81643E-06,-1.18716E-06,,,Hya,1,67406,,0.884708093,,,
82442,82694,,,Gl 642,,,16.903344,11.914681,19.4742,-544.83,315.73,-67.3,10.75,9.303,M1,1.405,-5.395659,-18.274138,4.02042,-0.00002852,0.00008506,0.00001496,4.425285144,0.207950414,-2.64141E-06,1.5307E-06,,,Oph,1,82442,,0.016550076,,10.809,10.699
15732,15771,,,Gl 140.1B,,,3.387724,-49.994134,19.4818,233.23,261.7,-12,10.24,8.792,K0,1.386,7.912869,9.707732,-14.922561,-0.0000101,0.00002248,0.00002529,0.886904194,-0.872562247,1.13073E-06,1.26876E-06,,,Hor,2,15735,Gl 140.1,0.026497201,,,
34796,34890,56533,,Gl 268.2,,,7.218689,-63.344945,19.4818,-266.19,577.16,-20,9.08,7.632,K5V,1.255,-2.741271,8.298775,-17.411184,0.00001147,0.00004543,0.00004273,1.889848358,-1.105577856,-1.29053E-06,2.79815E-06,,,Car,1,34796,,0.077125856,,,
39644,39757,67523,3185,,15Rho Pup,Tureis,8.125737,-24.304324,19.4818,-83.29,46.38,46,2.83,1.382,F2mF5IIp,0.458,-9.379037,15.076242,-8.018549,-0.00001692,0.00004209,-0.00001537,2.127312994,-0.424190476,-4.03801E-07,2.24857E-07,Rho,15,Pup,1,39644,,24.3893373,Rho,2.875,2.775
15805,15844,,,Gl 140A,,,3.401797,23.785027,19.4894,217.18,-129.17,0,10.38,8.931,M0...,1.51,11.216811,13.864962,7.860195,-0.00001286,0.00001673,-0.00001117,0.89058829,0.415127027,1.05292E-06,-6.26234E-07,,,Ari,1,15805,Gl 140,0.023313099,,10.431,10.311
119175,,,,Gl 690.1,,,17.708909,-16.641868,19.4932,-128.48,-637.18,0,13.05,11.601,M2.5,1.55,-1.421954,-18.622491,-5.582629,-0.00001079,0.00001811,-0.00005769,4.636181407,-0.290455398,-6.22889E-07,-3.08912E-06,,,Oph,1,119175,,0.001993425,,,
119529,,,,Gl 874,,,22.804803,-36.789927,19.4932,754.58,-265.73,0,11.92,10.471,M3,1.48,14.853092,-4.804677,-11.674143,0.00000766,0.00007247,-0.00002011,5.970283446,-0.642105352,3.65831E-06,-1.28829E-06,,,Gru,1,119529,,0.005644169,,,
118073,,,,Gl 59B,,,1.549409,-24.240173,19.5046,282.54,-150.23,0,12.77,11.319,m,1.3,16.341675,7.018069,-8.007857,-0.0000159,0.00002225,-0.00001295,0.405634251,-0.423070839,1.36979E-06,-7.28336E-07,,,Cet,2,7221,Gl  59,0.00258464,,,
44248,44376,,,GJ 3528,,,9.038855,8.46849,19.5122,616.18,-201.54,0,11.74,10.288,K:,1.427,-13.784891,13.507252,2.873473,-0.0000428,-0.00003966,-0.00001886,2.366366748,0.147803026,2.98732E-06,-9.77093E-07,,,Cnc,1,44248,,0.006680362,,11.864,11.644
84783,85042,157347,6465,,,,17.380913,-2.388176,19.5236,49.94,-107.54,-35,6.28,4.827,G5IV,0.68,-3.147694,-19.250686,-0.813525,0.0000105,0.00003495,-0.00000868,4.550312499,-0.041681532,2.42116E-07,-5.21369E-07,,,Oph,1,84783,,1.021409752,,,
100599,100925,194640,,Gl 790,,,20.46229,-30.867845,19.5236,-14.88,-521.53,-1,6.61,5.157,G6/G8V,0.724,10.069952,-13.395188,-10.016766,-0.00001687,0.0000201,-0.00004184,5.357014996,-0.538745537,-7.21403E-08,-2.52845E-06,,,Sgr,1,100599,,0.753702577,,,
3254,3261,,,GJ 1016,,,0.691809,-33.62556,19.5274,-348.13,-249.4,0,10.58,9.127,,1.432,15.994015,2.928807,-10.813553,-0.00000692,-0.00003477,-0.00001966,0.181115287,-0.586876737,-1.68778E-06,-1.20913E-06,,,Scl,1,3254,,0.019462562,,,
119086,,,,Gl 627B,,,16.481379,18.413357,19.5312,-341.26,379,0,7.85,6.396,K3 V,,-7.175058,-17.085835,6.169325,-0.00002541,0.00002296,0.00003405,4.31481489,0.321373708,-1.65448E-06,1.83746E-06,,,Her,2,80481,Gl 627,0.240768685,,,
82144,82396,151680,6241,,26Eps Sco,Larawag,16.83608,-34.293232,19.5351,-611.83,-255.87,-3,2.29,0.836,K2IIIb,1.144,-4.842163,-15.39568,-11.006616,-0.00005042,0.00003282,-0.00001829,4.407675434,-0.598529803,-2.96624E-06,-1.24049E-06,Eps,26,Sco,1,82144,,40.3273793,,,
111334,111685,,,GJ 4287,,,22.624972,39.381011,19.5427,21.64,-340.77,0,9.41,7.955,M2,1.367,14.137206,-5.32098,12.399343,0.00001989,-0.0000053,-0.00002495,5.923203918,0.687328301,1.04914E-07,-1.6521E-06,,,Lac,1,111334,,0.057279603,,9.471,9.351
11538,11565,15468,,Gl 100A,,,2.483797,-19.979165,19.5465,612.86,186.56,23,8.78,7.325,K4V,1.12,14.621447,11.121247,-6.678687,-0.00001275,0.00006326,0.00000858,0.650256539,-0.348702209,2.97123E-06,9.04468E-07,,,Cet,1,11538,Gl 100,0.102329299,,,
31475,31555,,,,,,6.605074,-40.006632,19.5503,-226.06,42.59,0,10.6,9.144,,1.459,-2.362199,14.787459,-12.568424,0.00002075,0.00000594,0.00000309,1.729204363,-0.698247453,-1.09597E-06,2.06482E-07,,,Col,1,31475,,0.019160198,,10.669,10.549
73768,73996,134083,5634,Gl 578,45    Boo,,15.121682,24.869195,19.5542,184.81,-163.51,-9.8,4.93,3.474,F5V,0.429,-12.138752,-12.937889,8.223444,0.00001454,-0.00001011,-0.00001828,3.958847061,0.434049343,8.95984E-07,-7.92719E-07,,45,Boo,1,73768,,3.55140335,,,
118538,,,,Gl 308B,,,8.473092,35.016968,19.558,-1043.16,-349.04,0,11.56,10.103,,,-9.660455,12.776573,11.222752,0.00006741,0.00007482,-0.0000271,2.218250263,0.611161391,-5.05738E-06,-1.69217E-06,,,Lyn,2,41436,Gl 308,0.007921365,,,
40587,40702,71243,3318,Gl 305,Alp Cha,,8.308703,-76.919722,19.5618,109.84,106.92,-13.2,4.05,2.593,F5III,0.413,-2.515914,3.642744,-19.054133,-0.00001245,-0.00000031,0.00001544,2.175213364,-1.342502417,5.32519E-07,5.18363E-07,Alp,,Cha,1,40587,,7.994660025,,,
89547,89825,168442,,Gl 710,,,18.33079,-1.938607,19.5618,1.74,2.06,-13.3,9.66,8.203,K7V,1.35,1.690966,-19.477219,-0.661744,-0.00000101,0.00001355,0.00000066,4.798989487,-0.033835069,8.43576E-09,9.98716E-09,,,Ser,1,89547,,0.045582695,,,
45201,45333,79028,3648,Gl 337.1,16    UMa,,9.239041,61.423318,19.5695,-8.67,-31.84,-14.6,5.18,3.722,F9V,0.605,-7.020011,6.192111,17.185384,0.00000391,-0.00000235,-0.00001456,2.418775163,1.072039128,-4.20333E-08,-1.54365E-07,,16,UMa,1,45201,,2.82618118,,,
57786,57959,,,Gl 452A,,,11.887803,-7.374359,19.5695,-171.27,-512.35,26.7,11.89,10.432,M4,1.54,-19.3995,0.56999,-2.511811,-0.00002036,0.00001685,-0.00005171,3.112219444,-0.128706845,-8.3034E-07,-2.48394E-06,,,Crt,1,57786,Gl 452,0.005850595,,11.985,11.795
119023,,,,GJ 3907,,,15.495482,42.878934,19.5695,381.84,-574.72,0,14.17,12.712,m,1.73,-8.742948,-11.366961,13.316095,0.00000608,-0.0000515,-0.00003995,4.056707606,0.748378585,1.85121E-06,-2.7863E-06,,,Boo,1,119023,,0.000716473,,,
14131,14165,,,Gl 121.1,,,3.0439,-18.166326,19.5771,401.06,163.22,0,11.77,10.311,,1.501,13.001051,13.303406,-6.10368,-0.00002385,0.00003006,0.00001472,0.796891183,-0.317062195,1.94439E-06,7.91313E-07,,,Eri,1,14131,,0.006540335,,11.843,11.693
1090,1092,,,GJ 3014A,,,0.22721,80.665782,19.5886,250.86,182.1,0,11.14,9.68,M0,1.556,3.171508,0.18905,19.329227,-0.00001845,0.00002277,0.0000028,0.059483483,1.407883488,1.2162E-06,8.82846E-07,,,Cep,1,1090,GJ 3014,0.011694994,,11.208,11.048
75048,75277,136923,,,,,15.379678,18.91896,19.604,-230.3,77.5,-10.7,7.16,5.698,K0,0.804,-11.74718,-14.349765,6.356183,-0.00000887,0.00002372,0.00000342,4.026390322,0.330198146,-1.11653E-06,3.75731E-07,,,Ser,1,75048,,0.457930953,,,
80139,80381,147555,,,,,16.407593,-43.656579,19.6078,-222.1,-91.38,0,9.99,8.528,K5,1.239,-5.744264,-12.971031,-13.535937,-0.00001688,0.00001403,-0.00000628,4.295497771,-0.761951049,-1.07677E-06,-4.43023E-07,,,Nor,1,80139,,0.033790919,,10.153,9.883
90089,90368,,,,,,18.439684,46.803836,19.6078,-33.2,1.69,0,9.76,8.298,F8,0.661,1.541518,-13.332687,14.29437,-0.00000315,-0.00000025,0.00000011,4.827498006,0.816881039,-1.60958E-07,8.19335E-09,,,Lyr,1,90089,,0.041763799,,,
118076,,,,GJ 3101,,,1.600586,-26.777629,19.6078,3.82,19.63,0,13.33,11.868,m,,15.990606,7.122419,-8.833882,0.00000062,0.00000067,0.00000167,0.419032473,-0.467357791,1.85199E-08,9.51786E-08,,,Scl,1,118076,,0.001558834,,,
118343,,,,GJ 3321,,,5.031012,3.752698,19.6078,548.82,-1100.77,0,11.28,9.818,M1,1.52,4.91038,18.939564,1.283333,-0.00004877,0.00001975,-0.00010441,1.317115845,0.065496943,2.66075E-06,-5.33668E-06,,,Ori,1,118343,,0.010299117,,,
118381,,,,GJ 3353A,,,5.570921,10.321148,19.6078,-111.1,-363.39,0,12.32,10.858,M3,,2.162406,19.168944,3.513039,0.00001119,0.00000497,-0.00003398,1.458463835,0.180138008,-5.38628E-07,-1.76179E-06,,,Ori,1,118381,GJ 3353,0.003951846,,,
118382,,,,GJ 3354B,,,5.570921,10.319481,19.6078,-111.1,-363.39,0,13.62,12.158,M3.5,,2.162422,19.169045,3.512477,0.00001119,0.00000497,-0.00003398,1.45846369,0.180108919,-5.38628E-07,-1.76179E-06,,,Ori,2,118382,GJ 3354,0.001193438,,,
118413,,41190,,GJ 3383,,,6.072574,18.696475,19.6078,1.18,-9.93,0,7.98,6.518,G5,,-0.352863,18.569744,6.285372,-0.00000012,0.0000003,-0.00000089,1.589796071,0.326315041,5.7208E-09,-4.81372E-08,,,Ori,1,118413,,0.215179057,,,
118456,,,,GJ 3419,,,6.987481,-10.265047,19.6078,-23.87,-719.6,0,13.5,12.038,m,,-4.932536,18.652797,-3.494149,0.00000531,-0.00001119,-0.00006731,1.829318371,-0.179158863,-1.15725E-07,-3.48874E-06,,,Mon,1,118456,,0.001332907,,,
118636,,,,GJ 3560,,,9.587161,61.244872,19.6078,-18.33,8.01,0,11.95,10.488,M3,1.54,-7.612486,5.570039,17.189839,0.00000157,0.00000101,0.00000037,2.509912995,1.068924675,-8.88663E-08,3.88142E-08,,,UMa,1,118636,,0.005556483,,,
118682,,,,GJ 3600A,,,10.434177,50.449108,19.6078,-350.28,-511.57,0,13.52,12.058,k-m,,-11.450838,4.976619,15.118777,-0.00002113,0.00004548,-0.00003096,2.73166105,0.880503039,-1.69821E-06,-2.48016E-06,,,UMa,1,118682,GJ 3600,0.001308579,,,
118683,,,,GJ 3601B,,,10.434454,50.452433,19.6078,-350.28,-511.57,0,13.68,12.218,m,,-11.450395,4.975438,15.119501,-0.00002113,0.00004548,-0.00003096,2.731733666,0.880561071,-1.69821E-06,-2.48016E-06,,,UMa,2,118683,GJ 3601,0.001129276,,,
118726,,,,GJ 3639,,,11.052769,36.653086,19.6078,-177.26,31.26,0,13.67,12.208,m,,-15.24939,3.861259,11.705238,0.00000585,0.0000159,0.00000238,2.8936081,0.639717028,-8.59381E-07,1.51533E-07,,,UMa,1,118726,,0.001139725,,,
118736,,,,GJ 1143B,,,11.246661,-23.104147,19.6078,-260.04,-367.26,0,13.5,12.038,,,-17.685478,3.534037,-7.694174,0.00001827,0.00002156,-0.00003211,2.944368883,-0.403243443,-1.26071E-06,-1.78053E-06,,,Crt,2,54761,GJ 1143,0.001332907,,,
118810,,,,GJ 3719,,,12.282997,31.156772,19.6078,-85.1,-29.3,-34,14.15,12.688,dM4-5e,1.62,-16.731959,-1.241861,10.143815,0.00002764,0.00001016,-0.00002037,3.21568117,0.543788262,-4.12576E-07,-1.42055E-07,,,Com,1,118810,,0.000732487,,,
118842,,,,GJ 3744,,,12.709384,77.889024,19.6078,-659.3,453.12,0,15.84,14.378,m,1.86,-4.043549,-0.757189,19.17139,0.0000298,0.00006937,0.00000904,3.327308971,1.35941992,-3.19638E-06,2.19681E-06,,,Cam,1,118842,,0.000154454,,,
118914,,,,GJ 3802,,,13.716923,9.073041,19.6078,-319.5,-116.29,0,13.09,11.628,m,,-17.439186,-8.413087,3.092021,-0.00001477,0.00002659,-0.00001092,3.591082124,0.158354441,-1.54898E-06,-5.6377E-07,,,Boo,1,118914,,0.001944464,,,
118940,,,,GJ 3821,,,14.041381,-21.011248,19.6078,506,-358.27,0,13.19,11.728,M3.5,1.61,-15.751638,-9.323368,-7.0304,0.000035,-0.00003518,-0.00003179,3.676025,-0.366715454,2.45316E-06,-1.73695E-06,,,Vir,1,118940,,0.001773373,,,
118978,,,,GJ 3858,,,14.537588,49.651399,19.6078,-580.31,-106.51,0,13.26,11.798,m,,-9.995531,-7.826074,14.943485,-0.00004009,0.00003867,-0.00000655,3.805931591,0.866580394,-2.81342E-06,-5.16356E-07,,,Boo,1,118978,,0.001662647,,,
119015,,,,GJ 3899,,,15.287056,3.167462,19.6078,207.92,-387.77,0,14.02,12.558,DA wk,,-12.76517,-14.843938,1.083419,0.00001365,-0.00001443,-0.0000368,4.002141805,0.055282635,1.00802E-06,-1.87998E-06,,,Ser,1,119015,,0.000825658,,,
119026,,,,GJ 3911,,,15.561011,46.250131,19.6078,16.56,189.28,0,13.58,12.118,m,,-8.081323,-10.88757,14.163999,0.00000901,0.0000095,0.00001244,4.073863137,0.807217063,8.02851E-08,9.17636E-07,,,Boo,1,119026,,0.001238226,,,
119354,,,,GJ 4151,,,20.582312,59.290856,19.6078,-256.05,-45.15,0,13.43,11.968,m,,6.265016,-7.811276,16.858213,-0.00001668,-0.00001811,-0.00000219,5.388436724,1.034820655,-1.24137E-06,-2.18884E-07,,,Cyg,1,119354,,0.001421674,,,
119453,,,,GJ 4236,,,21.901844,-1.287832,19.6078,13.61,-259.64,113,14.41,12.948,DA6,0.26,16.724045,-10.237407,-0.440815,0.00009875,-0.00005893,-0.00002726,5.733889303,-0.022476901,6.59831E-08,-1.25878E-06,,,Aqr,1,119453,,0.000576501,,,
119575,,,,GJ 4348,,,23.605288,-48.588409,19.6078,-119.93,4.19,0,12.37,10.908,,1.44,12.90064,-1.338052,-14.705405,-0.00000088,-0.00001137,0.00000026,6.179849909,-0.84802772,-5.81437E-07,2.02991E-08,,,Phe,1,119575,,0.003773984,,,
112618,112978,,,,,,22.88003,-28.795193,19.6117,-407.77,-277.61,0,11.82,10.357,M:,1.533,16.453149,-4.967402,-9.446566,-0.00002337,-0.00003344,-0.00002313,5.989977833,-0.502570923,-1.97692E-06,-1.34589E-06,,,PsA,1,112618,,0.006269025,,11.94,11.71
54069,54227,,,GJ 3643,,,11.095315,10.235957,19.6464,618.85,-698.39,0,12.37,10.904,K:,1.572,-18.793974,4.536412,3.491211,-0.00002532,-0.00005452,-0.00006546,2.904746703,0.178651148,3.00027E-06,-3.38589E-06,,,Leo,1,54069,,0.003787913,,12.511,12.151
118127,,,,Gl 91.3,,,2.282333,42.967617,19.6464,817.14,-576.43,0,16.2,14.734,DC9,0.72,11.884617,8.088657,13.390689,-0.00001283,0.0000854,-0.00004017,0.597513483,0.74992638,3.96161E-06,-2.79462E-06,,,And,1,118127,,0.000111276,,,
119279,,,,Gl 755.1,,,19.361195,14.674922,19.6464,0,-90,35,13.01,11.544,DA5,0.06,6.630966,-17.813071,4.977566,0.00001284,-0.00003449,0.00000078,5.068749014,0.256125711,0,-4.36332E-07,,,Aql,1,119279,,0.002100874,,,
119410,,,,GJ 1261,,,21.315663,54.210827,19.6464,-108.96,213.84,0,12.33,10.864,DA,0.07,8.766917,-7.425982,15.936655,-0.00001931,0.00000276,0.00001191,5.580427422,0.946157428,-5.28253E-07,1.03673E-06,,,Cyg,1,119410,,0.003930067,,,
4463,4473,5633,,Gl 45,,,0.955294,-62.245596,19.658,1028.33,127.79,11,9.5,8.032,K7V,1.299,8.869515,2.266133,-17.39647,-0.00000873,0.00009891,-0.00000428,0.250095441,-1.086390602,4.98548E-06,6.19543E-07,,,Tuc,1,4463,,0.053358056,,,
80481,80725,148653,,Gl 627A,,,16.481299,18.414055,19.658,-345.93,385.98,-36.2,6.98,5.512,K2V,0.848,-7.221787,-17.196282,6.209502,-0.0000123,0.00005586,0.00002321,4.314793995,0.321385882,-1.67712E-06,1.87128E-06,,,Her,1,80481,Gl 627,0.543500565,,,
112168,112527,216520,,,,,22.792387,83.697028,19.6734,-152.2,116.76,-19.1,7.53,6.061,K2,0.867,2.052763,-0.671628,19.55431,-0.00001707,-0.00000969,-0.00001819,5.967033023,1.46078872,-7.37886E-07,5.66068E-07,,,Cep,1,112168,,0.327793245,,,
1838,1842,,,GJ 3032,,,0.388427,-50.893874,19.6773,548.11,-0.91,0,11.87,10.4,M:,1.516,12.347494,1.260133,-15.269171,-0.00000537,0.00005201,-0.00000005,0.10169005,-0.888265679,2.65731E-06,-4.4118E-09,,,Phe,1,1838,,0.006025596,,11.978,11.778
41436,41554,,,Gl 308A,,,8.47285,35.016455,19.6773,-1014.26,-328.95,0,10.76,9.29,M0V,1.568,-9.719224,12.854754,11.291064,0.00006631,0.00007272,-0.0000257,2.218186852,0.611152436,-4.91727E-06,-1.59479E-06,,,Lyn,1,41436,Gl 308,0.016749429,,10.816,10.706
21712,21765,,,GJ 9163,,,4.674795,-9.196107,19.685,-111.55,-112.43,0,10.27,8.799,M0V...,1.49,6.607263,18.274199,-3.145941,0.00000943,-0.00000523,-0.00001059,1.223858385,-0.160502347,-5.4081E-07,-5.45076E-07,,,Eri,1,21712,GJ 9163,0.026326917,,,
117968,,,,GJ 3016,,,0.236939,-13.183654,19.685,-556.49,-720.01,0,15.9,14.429,DC8,0.58,19.129326,1.188055,-4.489619,-0.00001233,-0.00005397,-0.0000669,0.062030423,-0.230098178,-2.69794E-06,-3.49072E-06,,,Cet,1,117968,,0.000147367,,,
118546,,,,GJ 3504,,,8.541916,-1.575998,19.685,162.78,-472.76,0,18.44,16.969,m,,-12.149522,15.478864,-0.541394,-0.00001146,-0.00001056,-0.0000451,2.236268336,-0.027506352,7.8918E-07,-2.292E-06,,,Hya,1,118546,,1.42037E-05,,,
119155,,,,GJ 1219,,,17.461075,14.483935,19.685,-1098.01,-306.57,0,13.69,12.219,m,1.76,-2.680341,-18.869957,4.923387,-0.00010477,0.00000746,-0.00002832,4.571298795,0.252792355,-5.3233E-06,-1.48628E-06,,,Her,1,119155,,0.001128236,,,
119202,,,,Gl 705.2,,,18.131218,52.797389,19.685,-395.07,-62.57,0,12.51,11.039,K5,1.5,0.408051,-11.895251,15.679149,-0.00003751,-0.00000605,-0.00000361,4.746741765,0.921488278,-1.91535E-06,-3.03362E-07,,,Dra,1,119202,,0.00334503,,,
118587,,,,GJ 3524,,,9.01473,48.423436,19.7239,-259.96,-1099.69,0,14.13,12.655,k-m,1.7,-9.290777,9.219984,14.754851,-0.00003834,0.00007306,-0.00006976,2.360050872,0.845148387,-1.26032E-06,-5.33146E-06,,,UMa,1,118587,,0.000755092,,,
10049,10072,,,GJ 3139,,,2.160035,-14.359077,19.7316,518.62,-353,0,11.78,10.304,,1.517,16.139393,10.242592,-4.893398,-0.00003365,0.0000374,-0.00003271,0.565495783,-0.250613172,2.51434E-06,-1.71139E-06,,,Cet,1,10049,,0.006582638,,11.892,11.702
41572,41689,,,Gl 308.1,,,8.498884,61.725756,19.7355,530.62,-716.92,0,10.29,8.814,M0,1.345,-5.689059,7.418227,17.380865,-0.00007704,0.00001704,-0.00003249,2.22500273,1.077317681,2.57252E-06,-3.47573E-06,,,UMa,1,41572,,0.025965698,,10.342,10.222
107002,107346,,,Gl 836.8,,,21.741659,41.597465,19.7394,-62.14,42.28,9.5,9.65,8.173,K0,1.334,12.255984,-8.227971,13.104908,0.00000049,-0.00000749,0.00000948,5.691953067,0.726012724,-3.01263E-07,2.04979E-07,,,Cyg,1,107002,,0.046859754,,9.709,9.599
63277,63480,,,,,,13.007169,-34.606745,19.7433,-57.74,77.77,0,10.6,9.123,Mp,,-15.68848,-4.23528,-11.213022,-0.00000552,0.00000423,0.00000613,3.405268776,-0.60400165,-2.79931E-07,3.7704E-07,,,Cen,1,63277,,0.019534397,,10.659,10.549
31512,31592,47205,2429,Gl 239.1,7Nu 2CMa,,6.611399,-19.255879,19.7511,62.32,-69.91,4.1,3.95,2.472,K1III+...,1.037,-2.971851,18.407811,-6.513678,-0.00000617,0.00000078,-0.0000077,1.730860124,-0.336078492,3.02136E-07,-3.38933E-07,Nu-2,7,CMa,1,31512,,8.937169609,,,
58895,59072,105211,4616,Gl 455.2,Eta Cru,,12.114687,-64.61373,19.755,34.27,-37.49,9,4.14,2.662,F2III,0.353,-8.465553,-0.254271,-17.847491,-0.0000006,-0.0000033,-0.00000985,3.171617608,-1.12772233,1.66146E-07,-1.81757E-07,Eta,,Cru,1,58895,,7.502396279,,,
36598,36704,59747,,,,,7.550163,37.029844,19.7628,-50.1,8.54,-20.7,7.68,6.201,G5,0.863,-6.228457,14.495441,11.901658,0.00001128,-0.00001409,-0.0000121,1.976628112,0.646292701,-2.42892E-07,4.14031E-08,,,Lyn,1,36598,,0.288137643,DX,7.72,7.65
59116,59296,105671,,Gl 456.1A,,,12.1653,-46.208392,19.7668,-382.58,-84.16,-4.2,8.46,6.98,K5V,1.137,-13.666537,-0.591697,-14.268867,0.0000072,0.00003701,-0.00000248,3.184868158,-0.80648859,-1.8548E-06,-4.08019E-07,,,Cen,1,59116,Gl 456.1,0.140604752,,,
104102,104440,200525,8061,Gl 818.1A,,,21.156052,-73.172968,19.7668,461.31,-287.24,-10.1,5.67,4.19,G3IV,0.59,4.208227,-3.877326,-18.920359,0.00000838,0.00005239,0.00000192,5.538641373,-1.277109215,2.23649E-06,-1.39258E-06,,,Pav,1,104102,Gl 818.1,1.836538343,,,
118217,,,,Gl 140B,,,3.401593,23.786244,19.7863,186.57,-116.58,0,12,10.518,,,11.388284,14.07548,7.980321,-0.00001107,0.00001476,-0.00001023,0.890535065,0.415148283,9.04517E-07,-5.65205E-07,,,Ari,2,15805,Gl 140,0.005405054,,,
118218,,,,Gl 140C,,,3.403537,23.774469,19.7863,186.57,-116.58,0,11.89,10.408,m,1.5,11.38215,14.082549,7.9766,-0.00001108,0.00001476,-0.00001023,0.891043902,0.414942758,9.04517E-07,-5.65205E-07,,,Ari,3,15805,Gl 140,0.005981361,,,
43666,43790,,,Gl 328,,,8.918784,1.546508,19.7941,45.83,-1044.3,-3.1,9.99,8.507,M1,1.372,-13.690794,14.285729,0.53421,-0.00000286,-0.00000338,-0.00010026,2.334932184,0.026991659,2.2219E-07,-5.06291E-06,,,Hya,1,43666,,0.034450855,,,
117997,,,,GJ 3040,,,0.575507,71.196652,19.802,510.95,-295,0,13.52,12.036,k-m,1.65,6.310043,0.959658,18.745175,0.00001915,0.00005251,-0.00000913,0.150667372,1.242616001,2.47716E-06,-1.4302E-06,,,Cas,1,117997,,0.001335365,,,
118836,,,,GJ 1162,,,12.646398,-4.324554,19.802,-708.04,-215.12,0,13.52,12.036,m,1.6,-19.463563,-3.325551,-1.49319,-0.00000992,0.00006726,-0.00002059,3.31081936,-0.075477714,-3.43267E-06,-1.04293E-06,,,Vir,1,118836,,0.001335365,,,
118986,,,,GJ 1185,,,14.798663,-3.161989,19.802,-523.18,385.72,0,13.28,11.796,m,1.63,-14.697983,-13.224805,-1.092261,-0.00003512,0.00003596,0.00003697,3.874280888,-0.055187117,-2.53645E-06,1.87003E-06,,,Lib,1,118986,,0.001665712,,,
104814,105152,202751,,Gl 825.3,,,21.300826,0.161579,19.8177,469.12,-186.83,-26.9,8.15,6.665,K2,0.99,15.072038,-12.867099,0.055887,0.00000838,0.00005211,-0.00001803,5.57654329,0.002820091,2.27436E-06,-9.05777E-07,,,Aqr,1,104814,,0.187931682,,,
114357,114719,,,GJ 2154A,,,23.237949,-19.644279,19.8334,447.7,57.87,0,10.46,8.973,K7V,1.449,18.308559,-3.701862,-6.667582,0.00001037,0.00004182,0.00000524,6.083680813,-0.34285734,2.17051E-06,2.80562E-07,,,Aqr,1,114357,GJ 2154,0.022428488,,10.53,10.37
68352,68570,,,GJ 3822,,,14.038784,13.689637,19.857,96.6,-140.22,-11,10.68,9.19,M0,1.559,-16.609253,-9.815551,4.699383,0.00001139,-0.00000407,-0.00001578,3.67534499,0.238929247,4.6833E-07,-6.79806E-07,,,Boo,1,68352,,0.018365383,,10.745,10.605
113061,113421,217107,8734,,,,22.970984,-2.395385,19.857,-6.05,-16.03,-12,6.17,4.68,G8IV,0.744,19.123967,-5.280276,-0.829922,-0.00001204,0.00000272,-0.00000103,6.013789462,-0.041807356,-2.93312E-08,-7.77156E-08,,,Psc,1,113061,,1.169499391,,,
83734,83988,155674,,Gl 659A,,,17.169577,54.494391,19.861,86.06,-104.87,4.2,8.85,7.36,K0,1.152,-2.488009,-11.263427,16.168049,0.00000578,-0.00001225,-0.00000237,4.494984623,0.951106546,4.17231E-07,-5.08424E-07,,,Dra,1,83734,Gl 659,0.099083194,,8.903,8.593
119022,,,,Gl 586C,,,15.462474,-9.028458,19.8649,43.14,-306.98,0,15.41,13.92,k-m,1.84,-12.095489,-15.446549,-3.1173,0.00000613,0.00000109,-0.0000292,4.04806633,-0.157576313,2.09149E-07,-1.4883E-06,,,Lib,3,75489,Gl 586,0.000235505,,,
118920,,,,GJ 1178,,,13.790057,10.360438,19.8807,-872.87,-111.82,0,15.08,13.588,DA7,0.38,-17.448109,-8.833044,3.575344,-0.00003974,0.00007417,-0.0000106,3.610228462,0.18082375,-4.23179E-06,-5.42099E-07,,,Boo,1,118920,,0.000319742,,,
24723,24783,34751,,Gl 199A,,,5.31311,-21.393761,19.8886,-139.42,-39.09,27.6,9.35,7.857,K4V,1.298,3.312207,18.219798,-7.254962,0.00001768,0.0000221,-0.00001381,1.390968977,-0.373391567,-6.75927E-07,-1.89514E-07,,,Lep,1,24723,Gl 199,0.06269025,,,
70634,70857,128642,,GJ 3859,,,14.489591,80.809852,19.8926,-73.73,-132.93,0,6.88,5.387,G5,0.774,-2.525837,-1.927164,19.637253,-0.00001437,-0.00000202,-0.00000205,3.793365929,1.410397994,-3.57453E-07,-6.44463E-07,,,UMi,1,70634,,0.609817664,,,
50663,50808,,,Gl 389A,,,10.373443,-60.177133,19.9005,344.17,-412.93,24.7,10.52,9.026,M,1.44,-9.013244,4.088115,-17.265209,0.00000632,-0.00003932,-0.00004173,2.715761146,-1.050289097,1.66858E-06,-2.00194E-06,,,Car,1,50663,Gl 389,0.021359939,,10.59,10.41
118551,,,,Gl 314B,,,8.652343,-22.66013,19.9203,-237.56,428.56,0,6.8,5.304,K0 V,,-11.763138,14.126141,-7.674575,0.00000742,0.00002694,0.00003819,2.265178086,-0.395493877,-1.15172E-06,2.07773E-06,,,Pyx,2,42311,Gl 314,0.658263842,,,
56659,56829,101206,,GJ 3678,,,11.649929,42.328806,19.9243,-130.44,436.44,14.8,8.22,6.723,K5V,0.98,-14.668165,1.34812,13.4168,0.00001828,0.00001097,0.00004136,3.04994422,0.73877704,-6.32391E-07,2.11592E-06,,,UMa,1,56659,,0.178155814,MV,8.254,8.204
119365,,,,Gl 800B,,,20.715975,-18.920029,19.9322,646.56,-889.92,0,14,12.502,,,12.305525,-14.286238,-6.462978,0.00002916,0.00006188,-0.00008135,5.423429565,-0.330216793,3.13461E-06,-4.31444E-06,,,Cap,2,101904,Gl 800,0.000869361,,,
9025,9044,12058,,Gl 81.2,,,1.942286,-60.226638,19.9362,446.69,190.22,0.4,8.61,7.112,K5V,1.143,8.647134,4.819931,-17.304553,-0.0000069,0.00004558,0.00000877,0.508489311,-1.051153129,2.16561E-06,9.22213E-07,,,Hyi,1,9025,,0.124508786,,,
107813,108156,208313,,Gl 840,,,21.912505,32.32857,19.9561,210.59,-233.39,-13.8,7.73,6.23,K0,0.911,14.406602,-8.763599,10.671933,0.00001072,0.00001733,-0.00002663,5.736680351,0.56423998,1.02097E-06,-1.13151E-06,,,Peg,1,107813,,0.280543364,V402,7.744,7.704
83954,84212,,,Gl 660.1,,,17.214242,-5.125371,19.9601,189.07,-695.06,0,11.61,10.109,K,1.49,-4.060809,-19.461136,-1.783142,0.00001914,0.00000214,-0.00006699,4.506678121,-0.089454604,9.16637E-07,-3.36975E-06,,,Oph,1,83954,,0.00787771,,11.677,11.517
119239,,,,GJ 4076,,,18.764744,52.461266,19.9601,-738.9,399.52,0,15.11,13.609,M1,1.85,2.417273,-11.91899,15.827194,-0.00007617,0.00001581,0.00002356,4.912598478,0.915621815,-3.58229E-06,1.93695E-06,,,Dra,1,119239,,0.000313617,,,
86440,86707,,,GJ 4024,,,17.716889,5.789329,19.9641,225.71,-60.54,0,10.68,9.179,M2,1.507,-1.470811,-19.807741,2.013799,0.00002174,-0.00000221,-0.00000583,4.638270637,0.101042849,1.09427E-06,-2.93506E-07,,,Oph,1,86440,,0.018552396,,,
118317,,,,Gl 171.1B,,,4.598651,16.510469,19.9641,64.78,-189.22,0,13.5,11.999,dM2,,6.865798,17.867185,5.673608,-0.00000399,0.00000711,-0.00001756,1.203923949,0.288162054,3.14062E-07,-9.1735E-07,,,Tau,2,21368,Gl 171.1,0.001381656,,,
39790,39903,68456,3220,Gl 297.1,,,8.150213,-61.302429,19.98,-155.04,-297.69,25,4.74,3.237,F5V,0.437,-5.120016,8.113858,-17.525983,0.00001964,-0.00000299,-0.00003627,2.133720851,-1.06992923,-7.51655E-07,-1.44324E-06,,,Car,1,39790,,4.417738449,,,
57287,57459,,,Gl 443,,,11.778584,-14.014385,19.992,713.78,-786.47,-128,11.68,10.176,M,1.478,-19.363249,1.123663,-4.841096,0.00014121,-0.00007749,-0.00004226,3.083626047,-0.244597166,3.4605E-06,-3.81291E-06,,,Crt,1,57287,,0.007406278,,11.784,11.584
71629,71855,128400,,GJ 3863,,,14.697849,-75.139479,19.996,120.37,-19.41,0,6.73,5.225,G5V,0.707,-3.901425,-3.328433,-19.327194,0.00000896,-0.0000077,-0.00000048,3.847887861,-1.311431308,5.8357E-07,-9.41023E-08,,,Aps,1,71629,,0.707945784,,,
117971,,,,GJ 3018A,,,0.264399,-67.99749,20,602.1,-147.89,0,10.95,9.445,m,,7.474875,0.520064,-18.543349,-0.00001729,0.00005732,-0.00000537,0.069219426,-1.186780089,2.91906E-06,-7.16991E-07,,,Tuc,1,117971,GJ 3018,0.014521116,,,
117972,,,,GJ 3019B,,,0.26193,-67.990813,20,602.1,-147.89,0,12.5,10.995,m,,7.477366,0.51538,-18.542476,-0.00001725,0.00005733,-0.00000537,0.068573132,-1.186663549,2.91906E-06,-7.16991E-07,,,Tuc,2,117972,GJ 3019,0.003483373,,,
118378,,,,GJ 3350,,,5.517847,-30.19386,20,350.93,-449.17,0,13,11.495,m,,2.17602,17.149069,-10.058546,-0.00003651,-0.00001744,-0.00003764,1.444568939,-0.526982266,1.70136E-06,-2.17762E-06,,,Col,1,118378,,0.00219786,,,
118523,,,,GJ 3480,,,8.136973,58.513919,20,-166.89,-67.43,0,12.69,11.185,m,,-5.543558,8.853492,17.055341,0.00001075,0.00001331,-0.00000341,2.130254573,1.021260543,-8.09106E-07,-3.26905E-07,,,Lyn,1,118523,,0.002924152,,,
118595,,,,GJ 3531,,,9.104039,12.859599,20,-270.92,-280.54,0,13.31,11.805,m,,-14.157777,13.406853,4.451254,0.00001366,0.00002324,-0.00002652,2.383431738,0.224442342,-1.31346E-06,-1.36011E-06,,,Cnc,1,118595,,0.001651962,,,
118614,,,,GJ 3548A,,,9.312871,26.75379,20,-190,-329.09,0,11.77,10.265,k-m,1.5,-13.619019,11.552731,9.00315,0.00000096,0.00002334,-0.00002849,2.438103959,0.466941721,-9.21146E-07,-1.59547E-06,,,Cnc,1,118614,GJ 3548,0.006823387,,,
118615,,,,GJ 3549B,,,9.311488,26.765523,20,-190,-329.09,0,16,14.495,m,,-13.61343,11.556469,9.006807,0.00000096,0.00002334,-0.00002849,2.437741845,0.467146503,-9.21146E-07,-1.59547E-06,,,Cnc,2,118615,GJ 3549,0.000138676,,,
118653,,,,GJ 1130B,,,9.891203,-31.752439,20,-150.71,-131.47,0,14.42,12.915,,1.7,-14.479947,8.919387,-10.525002,0.00001337,0.00000892,-0.00001084,2.589510887,-0.554184604,-7.30663E-07,-6.37409E-07,,,Ant,2,48365,GJ 1130,0.000594292,,,
118719,,,,GJ 3632,,,10.926303,-9.357037,20,-263.92,448.05,0,13.54,12.035,M4,1.63,-18.959381,5.474317,-3.251723,0.00000031,0.00002654,0.00004286,2.860499453,-0.163311101,-1.27952E-06,2.17219E-06,,,Crt,1,118719,,0.001336596,,,
118728,,,,GJ 1142A,,,11.135053,-5.229713,20,-29.3,-418.98,0,12.56,11.055,dM6,1.52,-19.408295,4.471558,-1.822979,0.00000424,0.00000194,-0.00004045,2.915149992,-0.091275703,-1.4205E-07,-2.03125E-06,,,Leo,1,118728,GJ 1142,0.003296097,,,
118729,,,,GJ 1142B,,,11.133391,-5.158017,20,-29.3,-418.98,15.4,12.92,11.415,DA3,0.05,-19.409319,4.480687,-1.798127,-0.00001109,0.00000548,-0.00004187,2.914714926,-0.090024384,-1.4205E-07,-2.03125E-06,,,Leo,2,118728,GJ 1142,0.00236592,,,
118763,,,,GJ 3675,,,11.63638,81.809984,20,420,0,0,11.77,10.265,m,1.5,-2.836396,0.269077,19.796021,-0.00000387,-0.00004054,0,3.046397137,1.427853578,2.03622E-06,0,,,Cam,1,118763,,0.006823387,,,
118765,,,,GJ 1147,,,11.640939,-41.369144,20,-957.04,75.32,28,13.79,12.285,k,1.72,-14.944039,1.410083,-13.219102,-0.00001751,0.00009485,-0.00001345,3.047590801,-0.722027763,-4.63986E-06,3.65162E-07,,,Cen,1,118765,,0.001061696,,,
118792,,,,GJ 3700,,,12.027868,-12.231656,20,-81.39,-236.38,0,12.34,10.835,M5-6,1.46,-19.54546,-0.142592,-4.237296,0.0000048,0.00000793,-0.0000224,3.14888843,-0.213482669,-3.9459E-07,-1.146E-06,,,Crv,1,118792,,0.004036454,,,
118870,,,,GJ 3766,,,13.189255,28.560864,20,-427.41,-476.36,0,15.89,14.385,m,1.86,-16.721725,-5.380996,9.561841,-0.00003372,0.00003268,-0.00004056,3.452938922,0.498481105,-2.07214E-06,-2.30945E-06,,,Com,1,118870,,0.000153462,,,
118895,,,,GJ 3790,,,13.530721,23.388184,20,-276.55,43.8,0,12.26,10.755,m,,-16.902404,-7.160886,7.939172,-0.00000891,0.00002535,0.0000039,3.542334439,0.408200814,-1.34075E-06,2.12353E-07,,,Com,1,118895,,0.004345102,,,
118906,,,,GJ 3795,,,13.643702,25.828732,20,-593.56,87.65,0,12.56,11.055,M3,1.52,-16.360924,-7.509491,8.71365,-0.00002065,0.00005384,0.00000765,3.571912922,0.450796423,-2.87766E-06,4.24934E-07,,,Boo,1,118906,,0.003296097,,,
118928,,,,GJ 3811,,,13.855145,-53.538841,20,355,-420.09,0,12.9,11.395,m,,-10.510779,-5.548866,-16.085199,0.00004503,-0.00001515,-0.00002421,3.627268387,-0.93442905,1.72109E-06,-2.03664E-06,,,Cen,1,118928,,0.002409905,,,
118975,,,,GJ 3853,,,14.499971,29.566208,20,-225.97,-457.21,0,14.66,13.155,m,,-13.80112,-10.589628,9.86858,-0.00003069,0.00000406,-0.00003855,3.796083606,0.516027675,-1.09553E-06,-2.21661E-06,,,Boo,1,118975,,0.000476431,,,
119215,,,,GJ 2135,,,18.40101,-13.147641,20,-172.59,-605.9,0,15.6,14.095,DA7,0.42,2.040867,-19.368516,-4.549222,-0.00001804,0.00001153,-0.00005721,4.817373048,-0.229469626,-8.3674E-07,-2.93747E-06,,,Sct,1,119215,,0.000200447,,,
119322,,,,GJ 4131,,,20.068486,-31.69849,20,321.69,-743.38,0,14.5,12.995,m,,8.771293,-14.58169,-10.508984,0.00000722,0.00004852,-0.00006133,5.253917471,-0.553243017,1.5596E-06,-3.60401E-06,,,Sgr,1,119322,,0.000552077,,,
119372,,,,GJ 4163,,,20.814562,19.717464,20,-154.27,-183.85,0,13.38,11.875,m,1.54,12.651176,-13.943351,6.747644,-0.00000703,-0.00001451,-0.00001678,5.449239668,0.344134661,-7.47922E-07,-8.9133E-07,,,Del,1,119372,,0.001548817,,,
119375,,,,GJ 4166,,,20.839089,26.508775,20,-414.74,-313.67,0,15.58,14.075,DC9,0.95,12.110969,-13.177197,8.926697,-0.00002042,-0.00003721,-0.00002721,5.455660807,0.462665402,-2.01072E-06,-1.52071E-06,,,Vul,1,119375,,0.000204174,,,
119522,,,,GJ 4290,,,22.67791,44.597133,20,468.74,-34.42,0,13.2,11.695,m,,13.396873,-4.83076,14.042348,0.00001763,0.00004195,-0.00000238,5.937062893,0.778366801,2.27252E-06,-1.66878E-07,,,Lac,1,119522,,0.0018281,,,
119537,,,,GJ 4302,,,22.912957,-5.474266,20,610.36,321.81,0,13.9,12.395,m,,19.108009,-5.589602,-1.907973,0.00001948,0.00005596,0.00003106,5.998598128,-0.095543964,2.95911E-06,1.56016E-06,,,Aqr,1,119537,,0.000959401,,,
119545,,,,GJ 4311,,,23.10727,71.722765,20,1251.79,418.84,0,11.78,10.275,M2,1.48,6.102742,-1.448578,18.991003,-0.00000936,0.000127,0.00001274,6.049469126,1.251798402,6.06885E-06,2.0306E-06,,,Cep,1,119545,,0.00676083,,,
119550,,,,GJ 4316,,,23.203236,-14.103146,20,-220.06,-706.52,0,13,11.495,m,,18.976701,-4.016854,-4.873365,-0.00002074,-0.00001742,-0.00006644,6.074593015,-0.246146339,-1.06688E-06,-3.42532E-06,,,Aqr,1,119550,,0.00219786,,,
119592,,,,GJ 4361,,,23.775217,-50.72034,20,-200.97,-457.83,0,14.6,13.095,m,,12.640183,-0.745067,-15.4813,-0.00003544,-0.00001743,-0.00002811,6.224337262,-0.885236927,-9.7433E-07,-2.21963E-06,,,Phe,1,119592,,0.000503501,,,
94051,94346,180161,,GJ 1233,,,19.203124,57.671981,20.016,217.75,408.26,-26.3,7.04,5.533,G8V,0.804,3.316045,-10.17713,16.91333,0.00000526,0.00005205,-0.00000154,5.027366164,1.006565959,1.05568E-06,1.9793E-06,,,Dra,1,94051,,0.533089342,MV,7.074,7.014
52469,52621,,,Gl 401A,,,10.760887,-19.114346,20.02,-1804.68,-594.7,36,11.03,9.523,M,1.428,-17.929874,6.029521,-6.555745,0.00004075,0.00017108,-0.00006659,2.817193741,-0.333608266,-8.74934E-06,-2.88319E-06,,,Hya,1,52469,Gl 401,0.013514501,,11.098,10.908
1066,1068,,,Gl 11A,,,0.220849,69.326881,20.0361,717.01,-292.41,0,12.49,10.981,M6,1.4,7.061621,0.40914,18.745971,0.00002251,0.00007106,-0.00001003,0.057818143,1.209982341,3.47616E-06,-1.41764E-06,,,Cep,1,1066,Gl  11,0.00352858,,12.806,12.206
118679,,,,Gl 389B,,,10.373151,-60.173562,20.0481,344.63,-428.63,0,12.63,11.12,m,1.49,-9.080952,4.118901,-17.392449,0.00001907,-0.00004543,-0.00002072,2.715684506,-1.050226784,1.67081E-06,-2.07808E-06,,,Car,2,50663,Gl 389,0.00310456,,,
119501,,212698,8545,Gl 859A,53    Aqr,,22.442972,-16.742424,20.0803,220,0,-0.3,6.21,4.696,G3 V,0.62,17.653524,-7.623008,-5.784521,0.00000822,0.00001978,0.00000009,5.875556409,-0.292210429,1.06659E-06,0,,53,Aqr,1,119501,Gl 859,1.152391377,,,
33765,33852,51866,,Gl 257.1,,,7.027341,48.378672,20.0844,546.46,-430.91,-22.8,7.98,6.466,K3V,0.986,-3.544943,12.860379,15.013959,-0.00005551,0.00000117,-0.0000453,1.839753547,0.844367119,2.64931E-06,-2.08911E-06,,,Lyn,1,33765,,0.225735571,,,
38512,38625,64606,,Gl 292.2,,,7.909494,-1.412258,20.0884,-251.57,-62.07,102,7.43,5.915,G8V,0.739,-9.626719,17.625595,-0.495122,-0.00002842,0.00010314,-0.00000861,2.070700728,-0.024648554,-1.21965E-06,-3.00924E-07,,,Mon,1,38512,,0.374973002,,,
6275,6290,,,,,,1.344692,57.327911,20.0924,-294.33,436.43,0,10.36,8.845,K6V:,1.34,10.181327,3.739902,16.913257,-0.0000237,-0.00003925,0.00002295,0.352039601,1.000560796,-1.42695E-06,2.11587E-06,,,Cas,1,6275,,0.025234808,,10.432,10.292
109466,109812,,,Gl 851.5,,,22.242063,27.855194,20.1045,-216.18,533.3,17,10.33,8.814,M0,1.426,15.92567,-7.894876,9.393669,-0.00001734,-0.00001492,0.00005408,5.822958564,0.486164856,-1.04807E-06,2.58551E-06,,,Peg,1,109466,,0.025965698,,,
118799,,,,Gl 456.1B,,,12.166,-46.19269,20.1126,-381.48,-81.08,0,13.25,11.733,m,1.56,-13.90953,-0.604298,-14.514698,0.00000408,0.00003741,-0.00000547,3.185051354,-0.806214531,-1.84947E-06,-3.93111E-07,,,Cen,2,59116,Gl 456.1,0.001765225,,,
118327,,,,Gl 174.1B,,,4.676063,-41.862945,20.1329,-142.18,-73.38,0,12.5,10.98,,,5.093689,14.102115,-13.435712,0.00001143,-0.00000921,-0.00000533,1.224190315,-0.730646228,-6.89308E-07,-3.55771E-07,,,Cae,2,21717,Gl 174.1,0.003531832,,,
113245,113605,,,GJ 4309B,,,23.010161,-23.969627,20.1532,195.27,-346.33,0,11.6,10.078,M2,1.51,17.800345,-4.718856,-8.187284,-0.0000084,0.00002196,-0.00003092,6.024046192,-0.418348908,9.46696E-07,-1.67906E-06,,,Aqr,2,113245,GJ 4309,0.008105877,,11.694,11.514
26440,26505,37008,,GJ 3358,,,5.636682,51.44574,20.1613,-549.43,105.81,-44,7.74,6.217,K2V,0.834,1.193551,12.508582,15.766197,0.00005003,-0.00004107,-0.00002875,1.475679898,0.897897549,-2.66371E-06,5.12981E-07,,,Aur,1,26440,,0.283922624,,,
118616,,,,GJ 1122A,,,9.322205,38.523203,20.1613,-249.85,8.72,0,14.52,12.997,m,1.68,-12.053299,10.174252,12.557094,0.00001616,0.00001832,0.00000067,2.440547649,0.672356728,-1.21131E-06,4.22951E-08,,,Lyn,1,118616,GJ 1122,0.000551061,,,
118617,,,,GJ 1122B,,,9.322206,38.52487,20.1613,-249.85,8.72,0,14.67,13.147,m,1.68,-12.053021,10.174015,12.557552,0.00001616,0.00001832,0.00000067,2.440547802,0.672385817,-1.21131E-06,4.22951E-08,,,Lyn,2,118616,GJ 1122,0.000479954,,,
119454,,,,GJ 4237A,,,21.927234,33.037102,20.1613,-7.07,7.07,0,10,8.477,,,14.473555,-8.728083,10.991578,-0.00000068,-0.0000004,0.00000058,5.740536374,0.576606207,-3.42763E-08,3.42812E-08,,,Peg,1,119454,GJ 4237,0.03541604,,,
119455,,,,GJ 4238B,,,21.927234,33.037102,20.1613,-7.07,7.07,0,10.2,8.677,,,14.473555,-8.728083,10.991578,-0.00000068,-0.0000004,0.00000058,5.740536374,0.576606207,-3.42763E-08,3.42812E-08,,,Peg,2,119455,GJ 4238,0.029457779,,,
15400,15439,,,,,,3.316184,-36.392964,20.1654,-162.28,-125.25,0,11.84,10.317,,1.54,10.489778,12.387809,-11.964536,0.00000741,-0.0000158,-0.00000986,0.868174928,-0.63517704,-7.86756E-07,-6.07229E-07,,,For,1,15400,,0.006504292,,11.962,11.712
21717,21770,29875,1502,Gl 174.1A,Alp Cae,,4.676039,-41.863752,20.1654,-141.18,-74.95,0.8,4.44,2.917,F2V,0.342,5.101798,14.124725,-13.457617,0.00001153,-0.00000871,-0.000006,1.22418417,-0.730660317,-6.8446E-07,-3.63368E-07,Alp,,Cae,1,21717,Gl 174.1,5.931984397,,,
9861,9884,12929,617,Gl 84.3,13Alp Ari,Hamal,2.119555,23.462423,20.1776,190.73,-145.77,-14.4,2.01,0.486,K2III,1.151,15.731986,9.751722,8.03361,-0.00001649,0.00001173,-0.00001894,0.554898131,0.409496533,9.24685E-07,-7.06713E-07,Alp,13,Ari,1,9861,,55.66727982,,,
1029,1031,870,,,,,0.213975,-57.912609,20.1898,-117.31,35.09,0,7.22,5.694,K0V,0.775,10.708246,0.600442,-17.105583,0.00000355,-0.0000113,0.00000182,0.056018571,-1.010765713,-5.68735E-07,1.70121E-07,,,Tuc,1,1029,,0.459621145,,,
113584,113944,,,GJ 1278,,,23.074982,66.764384,20.1939,303.53,-79.87,7.4,9.86,8.334,M1V:,1.392,7.734353,-1.910355,18.556039,0.000017,0.00002641,0.00000387,6.041016086,1.165258329,1.47155E-06,-3.87221E-07,,,Cep,1,113584,,0.040401734,,,
110432,110778,212697,8544,Gl 859B,53    Aqr,,22.442853,-16.742138,20.202,209.77,3.96,2,5.55,4.023,G3V,0.618,17.760317,-7.669824,-5.819492,0.00001005,0.00001804,-0.00000022,5.875525104,-0.29220543,1.01699E-06,1.91986E-08,,53,Aqr,2,119501,Gl 859,2.141903991,,,
118402,,,,GJ 3373A,,,6.013493,68.151792,20.202,373.18,-1108.89,0,12.9,11.373,k-m,1.56,-0.027704,7.518102,18.750953,-0.00003689,0.00010068,-0.00004039,1.574328755,1.189473154,1.80923E-06,-5.37605E-06,,,Cam,1,118402,GJ 3373,0.002459235,,,
118403,,,,GJ 3374B,,,6.012624,68.136852,20.202,373.18,-1108.89,0,13.31,11.783,m,1.59,-0.02601,7.522997,18.748991,-0.00003687,0.00010068,-0.00004041,1.574101352,1.189212415,1.80923E-06,-5.37605E-06,,,Cam,2,118403,GJ 3374,0.001685777,,,
47754,47890,,,,,,9.76114,-39.040738,20.2102,-126.18,-236.35,0,12.05,10.522,,1.57,-13.077134,8.68283,-12.729855,0.00001899,0.00000223,-0.00001799,2.555460573,-0.681389417,-6.11738E-07,-1.14586E-06,,,Ant,1,47754,,0.005385177,,12.183,11.903
66043,66252,118100,,Gl 517,,,13.578669,-8.342037,20.2102,-287.35,-91.02,-24,9.24,7.712,K7V,1.21,-18.312533,-8.031026,-2.932108,0.00001212,0.00003606,-0.00000526,3.554887161,-0.145596011,-1.39311E-06,-4.41277E-07,,,Vir,1,66043,,0.071647328,EQ,9.331,9.181
83739,83996,,,Gl 659B,,,17.170089,54.49014,20.2184,87.93,-105.06,2.9,9.34,7.811,K8,1.257,-2.531504,-11.467639,16.458114,0.00000624,-0.00001173,-0.00000357,4.495118822,0.951032349,4.26297E-07,-5.09345E-07,,,Dra,2,83734,Gl 659,0.065403351,,,
7631,7646,,,GJ 3103,,,1.64165,0.651577,20.2265,512.97,162.07,0,11.6,10.07,K:,1.496,18.385837,8.427299,0.230014,-0.00002112,0.00004565,0.00001589,0.429782849,0.011372167,2.48695E-06,7.85738E-07,,,Cet,1,7631,,0.008165824,,11.676,11.516
25056,25119,35112,,,,,5.377081,2.603191,20.2265,54.2,-139.41,0,7.76,6.23,K3V,0.98,3.280546,19.937537,0.918659,-0.00000514,0.00000148,-0.00001366,1.407716394,0.045434246,2.62769E-07,-6.75879E-07,,,Ori,1,25056,,0.280543364,,,
71085,71311,,,Gl 558,,,14.582749,33.746726,20.2306,-711.52,243.09,-51.9,9.54,8.01,K8,1.283,-13.120413,-10.526812,11.2383,0.00000108,0.00009034,-0.00000966,3.817754697,0.588991488,-3.44955E-06,1.17853E-06,,,Boo,1,71085,,0.054450265,,9.605,9.495
36336,36439,58855,2849,GJ 9234,22    Lyn,,7.498867,49.672463,20.2388,110.4,-82.01,-26.7,5.35,3.819,F6V,0.47,-5.008642,12.101997,15.429016,-0.0000056,-0.0000148,-0.00002602,1.963198771,0.866948021,5.35234E-07,-3.97596E-07,,22,Lyn,1,36336,,2.584639636,,,
50363,50505,89269,,GJ 3593,,,10.314426,44.048323,20.2388,62.98,-299.34,-8.3,6.66,5.129,G5,0.653,-13.153164,6.212852,14.071274,-0.00001559,0.00000053,-0.00002701,2.700310468,0.768788263,3.05336E-07,-1.45124E-06,,,UMa,1,50363,,0.773392578,,,
118802,,,,GJ 3710,,,12.191358,57.401977,20.2429,411.23,-349.98,0,15.79,14.259,DA9,0.58,-10.891966,-0.547048,17.054056,-0.00002688,-0.00004175,-0.0000185,3.191690101,1.001853496,1.9937E-06,-1.69677E-06,,,UMa,1,118802,,0.000172346,,,
118855,,,,GJ 3756,,,12.93227,50.923353,20.2429,243.85,-782.9,0,14.4,12.869,m,1.74,-12.382019,-3.08398,15.714632,-0.0000521,-0.00003763,-0.00004842,3.385660432,0.88878018,1.18222E-06,-3.79562E-06,,,CVn,1,118855,,0.000620012,,,
54491,54651,97214,,Gl 415,,,11.186309,-10.950887,20.2511,-942.27,592.66,40,9.23,7.698,K5V,1.083,-19.433257,4.203541,-3.847119,-0.00003051,0.00010124,0.00004935,2.928568757,-0.19112904,-4.56825E-06,2.8733E-06,,,Crt,1,54491,,0.072577165,,,
118367,,,,Gl 199B,,,5.313175,-21.393247,20.2675,-133.88,-40.93,0,13.5,11.966,,,3.375001,18.56679,-7.392916,0.00001268,-0.0000038,-0.00000374,1.390985837,-0.373382599,-6.49069E-07,-1.98444E-07,,,Lep,2,24723,Gl 199,0.001424295,,,
99445,99764,,,GJ 4140,,,20.241164,-7.281975,20.2716,10.64,-268.66,0,10.19,8.656,K7V,1.351,11.132754,-16.745069,-2.569477,-0.00000098,0.00000337,-0.00002619,5.299124385,-0.127094439,5.15842E-08,-1.3025E-06,,,Aql,1,99445,,0.030033089,,,
117958,,,,Gl 4.1B,,,0.103944,58.437504,20.284,253.03,59.81,-16,7.2,5.664,dG8,0.78,10.612845,0.289466,17.282686,-0.00001425,0.0000245,-0.00001086,0.027212506,1.019926851,1.22672E-06,2.89977E-07,,,Cas,2,517,Gl   4.1,0.472498028,,,
118631,,,,Gl 351.1,,,9.525846,20.282316,20.284,20.94,-799.73,0,12.2,10.664,M3,1.48,-15.172617,11.480076,7.031371,-0.00002299,0.00001481,-0.00007376,2.4938607,0.353993198,1.0152E-07,-3.87718E-06,,,Leo,1,118631,,0.00472498,,,
118794,,,,Gl 455,,,12.038625,28.587966,20.284,-789.65,-23.44,0,12.84,11.304,M3,1.75,-17.81014,-0.17963,9.706045,-0.0000019,0.00007763,-0.00000202,3.151704647,0.498954137,-3.82833E-06,-1.13621E-07,,,UMa,1,118794,,0.002620596,,,
27734,27803,,,Gl 221,,,5.883412,-5.994845,20.3128,-1.19,-346.66,22.2,9.7,8.161,M0V,1.321,0.616518,20.192503,-2.121469,0.0000007,0.000019,-0.00003632,1.540273765,-0.104629776,-5.76928E-09,-1.68066E-06,,,Ori,1,27734,,0.047380539,,,
103436,103768,199981,,GJ 9714,,,21.027521,-32.524476,20.3128,244.32,-120.9,0,9.37,7.831,K5V,1.239,12.197566,-12.02301,-10.921377,0.00001233,0.00002163,-0.00001004,5.504992049,-0.567659192,1.1845E-06,-5.8614E-07,,,Mic,1,103436,,0.064209605,,,
96915,97223,332518,,,,,19.759892,30.010221,20.3169,-70.45,-99.87,0,9.15,7.611,K5V,1.175,7.822076,-15.758607,10.161588,-0.00000403,-0.00000749,-0.00000852,5.17312762,0.523777159,-3.41551E-07,-4.84183E-07,,,Cyg,1,96915,,0.078632123,,,
113490,113850,,,GJ 4310,,,23.055796,-49.726122,20.3169,-33.03,-109.37,0,10.65,9.111,M3,1.643,12.734474,-3.213592,-15.501046,-0.00000876,-0.00000114,-0.00000696,6.03599338,-0.867884545,-1.60134E-07,-5.30241E-07,,,Gru,1,113490,,0.019751496,,10.714,10.564
118582,,,,GJ 1117,,,8.987494,32.953206,20.3252,-309.95,5.41,0,15.18,13.64,DQ6,0.01,-12.020111,12.099429,11.055972,0.00002187,0.00002132,0.00000045,2.352920372,0.575141945,-1.50268E-06,2.62284E-08,,,Cnc,1,118582,,0.000304789,,,
81128,81375,149806,,,,,16.619008,0.254342,20.3335,91.76,76.37,6,7.09,5.549,K0,0.828,-7.19227,-19.018846,0.090262,0.0000063,-0.00000891,0.00000756,4.350846031,0.004439103,4.44865E-07,3.70252E-07,,,Oph,1,81128,,0.525291048,,,
104549,104887,202444,8130,Gl 822.1A,65Tau Cyg,,21.246517,38.045317,20.3417,195.74,410.02,-23.1,3.74,2.198,F1IV,0.393,12.034413,-10.573279,12.536148,-0.00001996,0.00004323,0.00001728,5.562325108,0.664016046,9.48974E-07,1.98783E-06,Tau,65,Cyg,1,104549,Gl 822.1,11.50270548,Tau,3.748,3.738
45040,45170,79096,3650,Gl 337A,81Pi 1Cnc,,9.204878,14.996037,20.3625,-524.47,245.13,50.2,6.49,4.946,G9V,0.731,-14.634044,13.142774,5.268959,0.00000235,0.00006747,0.00003666,2.409831329,0.261730221,-2.5427E-06,1.18842E-06,Pi-1,81,Cnc,1,45040,Gl 337,0.915377008,,,
119299,,,,Gl 765.4B,,,19.759154,33.600682,20.3707,17.26,-429.65,0,8.54,6.995,K3 V,,7.540797,-15.199254,11.273175,0.00001196,-0.00002028,-0.00003534,5.172934488,0.586442529,8.36788E-08,-2.08302E-06,,,Cyg,2,96914,Gl 765.4,0.138675583,,,
44910,45038,78154,3616,Gl 335A,13Sig2UMa,,9.173204,67.134018,20.3791,12.88,-90.85,-2.9,4.8,3.254,F7IV-V,0.489,-5.847532,5.339885,18.777611,-0.00000611,0.00000386,-0.00000622,2.401539135,1.171709653,6.2444E-08,-4.40453E-07,Sig-2,13,UMa,1,44910,Gl 335,4.349106072,,,
4835,4845,,,GJ 3072,,,1.039203,-10.423863,20.3832,21.32,-178.72,-20,10.06,8.514,K7V,1.365,19.309282,5.386907,-3.687876,-0.00002302,-0.00000424,-0.00001367,0.272062754,-0.181930739,1.03362E-07,-8.66459E-07,,,Cet,1,4835,,0.034229456,,10.104,9.994
8367,8382,,,GJ 3114,,,1.801099,21.206751,20.3832,341.07,-212.9,0,12.24,10.694,M2,1.695,16.929193,8.632012,7.373305,-0.00000853,0.00003348,-0.00001961,0.471526525,0.370127627,1.65355E-06,-1.03217E-06,,,Ari,1,8367,,0.004596211,,12.374,12.074
19207,19255,25893,,,,,4.126202,38.074537,20.3832,172.94,-226.6,26.3,7.13,5.584,G5,0.865,7.559565,14.153726,12.570181,0.00000141,0.00003891,-0.00000104,1.080237038,0.664526029,8.38437E-07,-1.09859E-06,,,Per,1,19207,,0.50862769,V491,7.145,7.115
62278,62472,111261,,GJ 1164A,,,12.802979,-24.806598,20.3832,-312.15,170.71,0,8.9,7.354,K4/K5V,1.149,-18.095102,-3.860961,-8.551907,-0.00001336,0.00002869,0.00001531,3.351812159,-0.432956817,-1.51335E-06,8.27625E-07,,,Hya,1,62278,GJ 1164,0.099632264,,9.122,8.852
99134,99452,191785,,Gl 783.2A,,,20.185023,16.188,20.3915,-414.22,399.16,-48.3,7.34,5.793,K1V,0.83,10.600964,-16.465053,5.684825,-0.00006606,0.00002697,0.00002412,5.284426773,0.282533892,-2.0082E-06,1.93518E-06,,,Sge,1,99134,Gl 783.2,0.419565722,,,
110576,110922,,,,,,22.473172,-25.902137,20.4082,16.67,-340.28,0,11.97,10.421,,,16.910841,-7.144261,-8.915023,-0.0000129,0.00000724,-0.00003028,5.883462578,-0.452077579,8.08184E-08,-1.64972E-06,,,PsA,1,110576,,0.00591017,,12.083,11.793
118003,,,,GJ 3045,,,0.642689,51.465443,20.4082,-267.99,32.9,0,12.6,11.051,m,,12.534575,2.128635,15.963959,0.00000193,-0.00002656,0.00000203,0.168255508,0.898241423,-1.29925E-06,1.59523E-07,,,Cas,1,118003,,0.003308263,,,
118115,,,,GJ 3137,,,2.443969,88.409915,20.4082,-89.4,420.6,0,12.89,11.341,m,,0.454541,0.337769,20.400342,-0.00002809,-0.00003193,0.00000116,0.639829685,1.543044105,-4.33423E-07,2.03914E-06,,,Cep,1,118115,,0.002532795,,,
118116,,,,Gl 85,,,2.120563,-66.568974,20.4082,1748.91,381.32,-33,11.52,9.971,m,1.53,6.893117,4.281452,-18.72378,-0.00007312,0.00015824,0.00004597,0.555162019,-1.161847782,8.47895E-06,1.84871E-06,,,Hyi,1,118116,,0.008945405,,,
118411,,,,GJ 3382,,,6.039658,-20.327382,20.4082,-35.79,568.88,0,13.25,11.701,m,,-0.198679,19.136208,-7.08948,0.00000334,0.00001959,0.00005277,1.581178888,-0.35477975,-1.73515E-07,2.75798E-06,,,Lep,1,118411,,0.001818026,,,
118544,,,,GJ 3502B,,,8.524105,-6.036305,20.4082,-422.1,-82.05,0,12.36,10.811,M3,1.47,-12.456195,16.022862,-2.146098,0.00003349,0.00002496,-0.00000807,2.231605507,-0.105353395,-2.0464E-06,-3.97775E-07,,,Hya,2,118544,GJ 3502,0.004126672,,,
118592,,,,GJ 3527,,,9.019496,1.943268,20.4082,-371.7,-79.01,0,11.82,10.271,k,1.5,-14.495903,14.348676,0.69204,0.00002568,0.00002632,-0.00000781,2.361298632,0.033916423,-1.80205E-06,-3.83032E-07,,,Hya,1,118592,,0.006785784,,,
118626,,,,Gl 346,,,9.480862,-9.265471,20.4082,18.73,-46.36,0,10.52,8.971,dM0,1.43,-15.918036,12.341538,-3.285906,-0.00000055,-0.00000192,-0.00000453,2.482083995,-0.161712979,9.08056E-08,-2.24755E-07,,,Hya,1,118626,,0.022469841,,,
118693,,,,GJ 3610A,,,10.575245,46.30416,20.4082,-399.49,-92.23,0,13.13,11.581,m,,-13.128931,5.138248,14.755482,0.00000825,0.00003921,-0.0000063,2.768592765,0.808160056,-1.93678E-06,-4.47139E-07,,,UMa,1,118693,GJ 3610,0.002030486,,,
118694,,,,GJ 3611B,,,10.57414,46.307524,20.4082,-399.49,-92.23,0,15.5,13.951,m+,,-13.126635,5.14173,14.75631,0.00000827,0.00003921,-0.0000063,2.768303485,0.808218765,-1.93678E-06,-4.47139E-07,,,UMa,2,118694,GJ 3611,0.000228876,,,
118724,,,,GJ 3636,,,11.013393,12.061814,20.4082,-397.97,-230.69,0,15.96,14.411,M5  e,,-19.295584,5.097835,4.264637,0.00000544,0.00003929,-0.00002232,2.883299546,0.210518364,-1.92941E-06,-1.11844E-06,,,Leo,1,118724,,0.00014983,,,
118961,,,,GJ 3842,,,14.334072,39.03691,20.4082,-611.02,-866.17,0,12.31,10.761,M0:e:,1.51,-12.983724,-9.094217,12.853512,-0.0000789,0.00001853,-0.00006655,3.752651153,0.681322608,-2.96231E-06,-4.19933E-06,,,Boo,1,118961,,0.004321157,,,
119004,,,,GJ 3888,,,15.082697,-21.118199,20.4082,-650.42,-230.33,0,14.7,13.151,m,,-13.167175,-13.749709,-7.352934,-0.00004081,0.00005043,-0.00002126,3.94864075,-0.368582105,-3.15333E-06,-1.11665E-06,,,Lib,1,119004,,0.000478189,,,
119053,,,,GJ 3934,,,16.039934,-25.101591,20.4082,-230.82,-607.64,0,13.2,11.651,m,,-9.072661,-16.100509,-8.65766,-0.00000738,0.00003342,-0.00005444,4.199244911,-0.438105407,-1.11905E-06,-2.9459E-06,,,Sco,1,119053,,0.001903707,,,
119204,,,,GJ 4045,,,18.324511,-77.053303,20.4082,-234.26,-574.04,0,14.1,12.551,m,,0.387089,-4.555931,-19.889402,-0.00002779,0.00005318,-0.00001273,4.797345774,-1.344833829,-1.13572E-06,-2.78302E-06,,,Oct,1,119204,,0.000830998,,,
119228,,,,GJ 4067,,,18.666477,33.413619,20.4082,15.7,299.59,0,13.12,11.571,m,,2.957291,-16.776415,11.23837,-0.0000013,0.00001634,0.00002474,4.88687235,0.583177667,7.61157E-08,1.45244E-06,,,Lyr,1,119228,,0.002049274,,,
119242,,,,GJ 4081,,,18.867705,-60.764653,20.4082,-604.07,333.46,0,13.4,11.851,m,,2.243312,-9.711599,-17.808623,-0.00005174,-0.00004152,0.00001611,4.93955372,-1.060543261,-2.92861E-06,1.61668E-06,,,Pav,1,119242,,0.001583434,,,
119330,,,,GJ 4136,,,20.132602,-1.545386,20.4082,310.86,-251.73,0,13.55,12.001,k-m,1.62,10.807452,-17.30291,-0.550385,0.00002573,0.00001686,-0.0000249,5.270702821,-0.026972076,1.50709E-06,-1.22041E-06,,,Aql,1,119330,,0.001379113,,,
119355,,,,GJ 4152,,,20.612914,38.840261,20.4082,165.45,-159.77,0,13.35,11.801,m,,10.045459,-12.319425,12.799029,0.00001895,0.00000266,-0.00001231,5.396448295,0.677890435,8.02124E-07,-7.74592E-07,,,Cyg,1,119355,,0.001658059,,,
119405,,,,GJ 4189A,,,21.289736,20.896672,20.4082,307.17,286.44,0,12.47,10.921,M3,,14.464529,-12.421118,7.279273,0.00001213,0.00002964,0.00002648,5.57363987,0.364715725,1.4892E-06,1.3887E-06,,,Vul,1,119405,GJ 4189,0.003729065,,,
119406,,,,GJ 4190B,,,21.289736,20.896672,20.4082,307.17,286.44,0,14,12.451,M4,,14.464529,-12.421118,7.279273,0.00001213,0.00002964,0.00002648,5.57363987,0.364715725,1.4892E-06,1.3887E-06,,,Vul,2,119406,GJ 4190,0.000911171,,,
119412,,,,GJ 4193,,,21.436805,-42.433384,20.4082,-27.36,75.17,0,12.67,11.121,M7,1.53,11.796549,-9.365952,-13.770077,0.00000225,-0.00000524,0.00000549,5.612142356,-0.740602268,-1.32645E-07,3.64459E-07,,,Mic,1,119412,,0.003101701,,,
119435,,,,GJ 4217,,,21.756996,-5.9029,20.4082,-152.14,-326.27,0,13.54,11.991,M3.5,1.65,16.899449,-11.247139,-2.098838,-0.0000111,-0.00001069,-0.00003211,5.695968198,-0.103025035,-7.37596E-07,-1.5818E-06,,,Aqr,1,119435,,0.001391874,,,
119449,,,,GJ 4230B,,,21.914646,-77.339607,20.4082,217.6,-176.21,0,10.5,8.951,,,3.823145,-2.321727,-19.912001,-0.00000336,0.00002723,-0.00000382,5.737240829,-1.349830786,1.05495E-06,-8.54285E-07,,,Oct,2,119449,GJ 4230,0.022887587,,,
119469,,,,GJ 4253,,,22.098502,-38.269295,20.4082,588.67,-511.73,0,12.45,10.901,M3.5,,14.078278,-7.65032,-12.63999,0.00000027,0.00006614,-0.00003975,5.785374296,-0.667925208,2.85395E-06,-2.48092E-06,,,Gru,1,119469,,0.003798394,,,
119560,,,,GJ 4329,,,23.292735,6.391523,20.4082,178.54,-228.52,0,12.53,10.981,dM4,1.55,19.934674,-3.733897,2.27188,0.00000573,0.0000169,-0.00002247,6.098023879,0.111553116,8.65586E-07,-1.10791E-06,,,Psc,1,119560,,0.00352858,,,
105371,105712,203244,,GJ 1262,,,21.411251,-68.227833,20.4207,140.88,169.39,11.5,6.98,5.43,G5V,0.723,5.90049,-4.749317,-18.964108,0.00002427,-0.00000164,-0.0000047,5.605452328,-1.190800335,6.83006E-07,8.21226E-07,,,Pav,1,105371,,0.586138165,,,
18222,18267,24496,,GJ 3255,,,3.907785,16.616053,20.429,217.11,-165.59,22.2,6.81,5.259,G0,0.719,10.194449,16.712208,5.841869,-0.00000458,0.00003377,-0.00000922,1.023055839,0.290004841,1.05258E-06,-8.02803E-07,,,Tau,1,18222,,0.686119875,,,
21368,21421,29139,1457,Gl 171.1A,87Alp Tau,Aldebaran,4.598677,16.509301,20.4332,62.78,-189.36,54.5,0.87,-0.682,K5III,1.538,7.02722,18.287604,5.806661,0.00001528,0.00005709,-0.00000214,1.203930811,0.288141666,3.04366E-07,-9.18043E-07,Alp,87,Tau,1,21368,Gl 171.1,163.2300073,Alp,0.888,0.858
44827,44955,,,Gl 336,,,9.158513,32.819309,20.4332,-333.83,-628.62,9.9,9.96,8.408,M2,1.38,-12.635562,11.628138,11.074668,-0.0000087,0.00005295,-0.00004684,2.397693135,0.572805004,-1.61845E-06,-3.04764E-06,,,Cnc,1,44827,,0.037739835,,,
118057,,,,Gl 55.3B,,,1.262022,-68.874409,20.4332,392.91,117.13,4.9,7.2,5.648,G5,,6.965769,2.390353,-19.060173,-0.00000068,0.00004091,-0.00000049,0.330396629,-1.20208521,1.90488E-06,5.67872E-07,,,Tuc,2,5884,Gl  55.3,0.479512574,,,
107368,107711,,,GJ 4224A,,,21.819912,-41.559017,20.4499,948.19,-471.79,0,11.52,9.967,M6,1.57,12.876807,-8.266936,-13.566282,0.00002468,0.00009586,-0.000035,5.712439591,-0.725341679,4.59695E-06,-2.2873E-06,,,Gru,1,107368,GJ 4224,0.008978422,,11.628,11.428
118258,,,,GJ 1064B,,,3.783678,41.430153,20.4499,600.51,-1264.67,51.5,8.75,7.197,K2 V,0.9,8.40605,12.825241,13.533576,0.00001737,0.00013506,-0.00005911,0.990564671,0.723092577,2.91135E-06,-6.13129E-06,,,Per,2,17625,GJ 1064,0.115133047,,,
19843,19893,27290,1338,Gl 167.1,Gam Dor,,4.267097,-51.486648,20.4625,100.57,184.23,25.2,4.26,2.705,F4III,0.312,5.584439,11.453148,-16.011327,0.00000433,0.00003165,-0.00000879,1.117123445,-0.898611527,4.87577E-07,8.93172E-07,Gam,,Dor,1,19843,,7.211074792,Gam,4.287,4.217
118598,,,,Gl 335B,,,9.173543,67.136822,20.4625,-12.68,-89.1,0,8.44,6.885,K2 V,,-5.871234,5.360634,18.854869,-0.00000517,0.00000642,-0.00000343,2.40162798,1.171758599,-6.14744E-08,-4.31979E-07,,,UMa,2,44910,Gl 335,0.153461698,,,
48274,48411,85488,,Gl 371,,,9.869823,3.221842,20.4708,-425.61,17.85,21.5,8.86,7.304,K5,1.23,-17.341891,10.816501,1.150513,0.00000381,0.0000474,0.000003,2.583913627,0.05623175,-2.06342E-06,8.65392E-08,,,Sex,1,48274,,0.104327788,,,
105192,105533,,,,,,21.374056,10.873761,20.4708,-56.75,31.97,0,9.91,8.354,M0,1.495,15.53687,-12.757209,3.861729,-0.00000404,-0.00000397,0.00000312,5.595714739,0.189782929,-2.75132E-07,1.54995E-07,,,Equ,1,105192,,0.039664319,,,
6056,6069,,,GJ 3084,,,1.298125,5.473939,20.4792,88.17,-629.73,0,11.02,9.463,M2V:,1.478,19.219847,6.795491,1.953572,0.00000271,0.00001024,-0.00006223,0.339848373,0.095538258,4.2746E-07,-3.05302E-06,,,Psc,1,6056,,0.014282361,,,
118606,,,,Gl 337B,,,9.205047,14.9967,20.4792,-530.68,234.06,0,7.3,5.743,,,-14.718079,13.217168,5.299268,0.00003967,0.00003519,0.00002245,2.40987559,0.2617418,-2.57281E-06,1.13474E-06,,,Cnc,2,45040,Gl 337,0.439339246,,,
119335,,,,Gl 783.2B,,,20.18695,16.183883,20.4792,-417.55,388.01,0,13.94,12.383,dM,1.62,10.655289,-16.531225,5.707982,-0.00004066,-0.00001344,0.000037,5.284931282,0.282462036,-2.02434E-06,1.88113E-06,,,Sge,2,99134,Gl 783.2,0.000970063,,,
104996,105336,,,GJ 9732,,,21.336168,-67.651563,20.4834,-429.14,87.68,0,10.9,9.343,,1.45,5.969957,-5.002145,-18.944863,-0.00002119,-0.00003784,0.00000331,5.585795727,-1.180742527,-2.08053E-06,4.25085E-07,,,Pav,1,104996,,0.015951444,,10.992,10.832
114977,115341,220221,,,,,23.362334,45.176057,20.4834,197.05,-71.39,0,8.12,6.563,K2,1.056,14.238646,-2.399285,14.528388,0.00000821,0.00001846,-0.000005,6.116244833,0.788470946,9.55325E-07,-3.46108E-07,,,And,1,114977,,0.206442923,,,
75493,75722,137778,,Gl 586B,,,15.470058,-9.35786,20.4918,81.53,-355.85,8,7.57,6.012,K2V,0.868,-12.434009,-15.943968,-3.331985,0.00000496,-0.00000681,-0.00003621,4.050051769,-0.163325467,3.95269E-07,-1.72521E-06,,,Lib,2,75489,Gl 586,0.342925673,,,
