id,hip,hd,hr,gl,bf,proper,ra,dec,dist,pmra,pmdec,rv,mag,absmag,spect,ci,x,y,z,vx,vy,vz,rarad,decrad,pmrarad,pmdecrad,bayer,flam,con,comp,comp_primary,base,lum,var,var_min,var_max
0,,,,,,Sol,0,0,0,0,0,0,-26.7,4.85,G2V,0.656,0.000005,0,0,0,0,0,0,0,0,0,,,,1,0,,1,,,
70666,70890,,,Gl 551,,Proxima Centauri,14.495985,-62.679485,1.2959,-3775.64,768.16,-16,11.01,15.447,M5Ve,1.807,-0.472264,-0.361451,-1.151219,-0.00001186,0.00002079,0.00001675,3.795039917,-1.093963385,-1.83048E-05,3.72414E-06,,,Cen,1,70666,,5.77032E-05,V645,11.079,10.939
71456,71683,128620,5459,Gl 559A,Alp1Cen,Rigil Kentaurus,14.660765,-60.833976,1.3248,-3678.19,481.84,-26.2,-0.01,4.379,G2V,0.71,-0.495203,-0.414084,-1.156625,-0.00000722,0.00002476,0.00002491,3.838179212,-1.061753176,-1.78324E-05,2.33603E-06,Alp-1,,Cen,1,71456,Gl 559,1.543121066,,0.113,-0.087
71453,71681,128621,5460,Gl 559B,Alp2Cen,Toliman,14.660346,-60.8383,1.3248,-3678.19,481.84,-26.2,1.35,5.739,K1V,0.9,-0.495181,-0.413973,-1.156674,-0.00000722,0.00002476,0.00002491,3.838069571,-1.061828649,-1.78324E-05,2.33603E-06,Alp-2,,Cen,2,71456,Gl 559,0.440960816,,,
87665,87937,,,Gl 699,,Barnard's Star,17.963472,4.693388,1.8238,-797.84,9999.99,-111,9.54,13.235,sdM4,1.57,-0.017373,-1.816613,0.149123,-0.00000591,0.0001204,0.00007888,4.702826032,0.081915079,-3.86804E-06,5.00664E-05,,,Oph,1,87665,,0.000442588,V2500,9.59,9.49
118720,,,,Gl 406,,Wolf 359,10.941484,7.01532,2.3906,-3822.95,-2716.83,13,13.45,16.557,M6,2,-2.282811,0.649334,0.292057,-0.00000433,0.00004728,-0.00002961,2.864473687,0.122440437,-1.85342E-05,-1.31716E-05,,,Leo,1,118720,,2.07587E-05,,,
53879,54035,95735,,Gl 411,,Lalande 21185,11.055632,35.969877,2.5469,-580.2,-4767.09,-84.3,7.49,10.46,M2V,1.502,-1.998,0.504305,1.495504,0.00003587,-0.00000166,-0.00009828,2.894357577,0.627792793,-2.81289E-06,-2.31115E-05,,,UMa,1,53879,,0.005701643,,,
32263,32349,48915,2491,Gl 244A,9Alp CMa,Sirius,6.752481,-16.716116,2.6371,-546.01,-1223.08,-9.4,-1.44,1.454,A0m...,0.009,-0.494323,2.476731,-0.758485,0.00000953,-0.00001207,-0.00001221,1.76779537,-0.291751259,-2.64713E-06,-5.92966E-06,Alp,9,CMa,1,32263,Gl 244,22.82443312,,-1.333,-1.523
92115,92403,,,Gl 729,,Ross 154,18.830369,-23.836232,2.9698,637.55,-192.47,-12.1,10.37,13.006,M3.5Ve,1.51,0.585883,-2.652454,-1.200123,0.00000628,0.00001413,0.00000247,4.92977903,-0.416020736,3.09093E-06,-9.33121E-07,,,Sgr,1,92115,,0.000546512,V1216,10.408,10.338
119585,,,,Gl 905,,Ross 248,23.698379,44.174924,3.1686,84.26,-1607.79,-77.7,12.29,14.786,dM6  e,1.9,2.262649,-0.179022,2.205274,-0.00003953,0.00000443,-0.0000731,6.204221151,0.770997876,4.08504E-07,-7.7948E-06,,,And,1,119585,,0.000106072,,,
16496,16537,22049,1084,Gl 144,18Eps Eri,Ran,3.548848,-9.458262,3.2161,-976.44,17.97,16.9,3.72,6.183,K2V,0.881,1.89897,2.541426,-0.528523,0.00002243,0.00000458,-0.00000256,0.929086175,-0.165077816,-4.73391E-06,8.7121E-08,Eps,18,Eri,1,16496,,0.292954383,Eps,3.735,3.715
113687,114046,217987,,Gl 887,,Lacaille 9352,23.097531,-35.853073,3.2759,6767.26,1326.66,9.5,7.35,9.773,M2/M3V,1.483,2.581532,-0.621353,-1.918773,0.00004484,0.00009974,0.00001138,6.046919538,-0.625754162,3.28086E-05,6.43183E-06,,,PsA,1,113687,,0.010734949,,,
57375,57548,,,Gl 447,,Ross 128,11.795666,0.804563,3.3553,605.62,-1219.23,-31.1,11.12,13.491,M4.5V,1.746,-3.349892,0.179372,0.047111,0.00003095,-0.00001152,-0.00002028,3.088098042,0.014042269,2.93613E-06,-5.91099E-06,,,Vir,1,57375,,0.000349623,,11.171,11.041
119518,,,,Gl 866A,,EZ Aqr,22.642562,-15.302542,3.3979,2361.37,2233.03,-60,12.66,15.004,M5  e,1.98,3.069893,-1.139264,-0.895949,-0.0000328,0.00005369,0.0000517,5.927808781,-0.267079749,1.14482E-05,1.08261E-05,,,Aqr,1,119518,Gl 866,8.67761E-05,,,
91487,91772,173740,,Gl 725B,,Struve 2398 B,18.713249,59.626847,3.4545,-1393.2,1845.73,1.2,9.7,12.008,K5,1.561,0.324167,-1.716358,2.980381,-0.00002776,0.00002126,0.00001669,4.899117171,1.040684797,-6.75442E-06,8.94835E-06,,,Dra,2,91484,Gl 725,0.001370251,,,
37173,37279,61421,2943,Gl 280A,10Alp CMi,Procyon,7.655033,5.224993,3.5142,-716.57,-1034.58,-4,0.4,2.671,F5IV-V,0.432,-1.469312,3.17617,0.320024,0.00001212,0.00000289,-0.00001792,2.004083041,0.091193332,-3.47403E-06,-5.01579E-06,Alp,10,CMi,1,37173,Gl 280,7.440463662,,,
91484,91768,173739,,Gl 725A,,Struve 2398 A,18.713179,59.630396,3.5691,-1326.88,1802.12,-0.8,8.94,11.177,K5,1.504,0.334856,-1.773105,3.079349,-0.00002763,0.00002258,0.00001506,4.899098725,1.040746744,-6.4329E-06,8.73692E-06,,,Dra,1,91484,Gl 725,0.002945778,,9.149,8.809
1472,1475,1326,,Gl 15A,,Groombridge 34,0.306174,44.022954,3.5873,2888.92,410.58,12,8.09,10.316,M1V,1.56,2.571275,0.20667,2.493057,-0.00000017,0.00005039,0.00001366,0.080156205,0.76834549,1.40059E-05,1.99055E-06,,,And,1,1472,Gl  15,0.006510285,GX,8.125,8.065
36107,36208,,,Gl 273,,Luyten's Star,7.456805,5.225785,3.8026,571.27,-3694.25,18.2,9.84,11.94,M5,1.573,-1.409549,3.514856,0.346358,-0.00001899,0.00001905,-0.00006612,1.952186962,0.091207157,2.7696E-06,-1.79102E-05,,,CMi,1,36107,,0.001458814,,,
24129,24186,33793,,Gl 191,,Kapteyn's Star,5.194169,-45.018417,3.9114,6506.05,-5731.39,245.5,8.86,10.898,M0V,1.543,0.578997,2.705174,-2.76822,-0.00009951,0.0001243,-0.00025439,1.359830239,-0.785719603,3.15422E-05,-2.77866E-05,,,Pic,1,24129,,0.003808904,VZ,9.148,8.828
104751,105090,202560,,Gl 825,,Lacaille 8760,21.287725,-38.867362,3.9462,-3259,-1146.99,28.2,6.69,8.709,M1/M2V,1.397,2.330004,-2.003156,-2.476477,-0.00003405,-0.00005295,-0.00003518,5.573113374,-0.678363443,-1.58001E-05,-5.56076E-06,,,Mic,1,104751,,0.028602237,AX,6.707,6.667
110547,110893,239960,,Gl 860A,,Kruger 60,22.466642,57.695875,4.001,-870.23,-471.1,-33.3,9.59,11.579,M2V,1.613,1.968033,-0.83547,3.381486,-0.00001624,-0.00001144,-0.00003367,5.881753023,1.006982982,-4.21899E-06,-2.28396E-06,,,Cep,1,110547,Gl 860,0.00203423,DO,9.628,9.548
30847,30920,,,Gl 234A,,Ross 614,6.489833,-2.813979,4.1268,694.73,-618.62,16.7,11.12,13.042,M4.5Ve,1.69,-0.527146,4.088126,-0.202607,-0.00001589,0.00001454,-0.0000132,1.699034417,-0.049113198,3.36815E-06,-2.99915E-06,,,Mon,1,30847,Gl 234,0.000528689,V577,11.176,11.066
3820,3829,,,Gl 35,,Van Maanen's Star,0.819416,5.38861,4.2626,1233.05,-2710.56,54,12.37,14.222,DG,0.554,4.146957,0.903519,0.400348,0.00005345,0.00003772,-0.00005057,0.214522514,0.094048979,5.978E-06,-1.31412E-05,,,Psc,1,3820,,0.00017832,,12.621,12.091
80579,80824,,,Gl 628,,Wolf 1061,16.505017,-12.662594,4.2922,-93.61,-1184.9,-13,10.1,11.937,M4,1.604,-1.597477,-3.871023,-0.940865,0.00000521,0.00001773,-0.00002114,4.321003265,-0.22100395,-4.53834E-07,-5.74456E-06,,,Oph,1,80579,,0.001462851,V2306,10.143,10.063
19799,19849,26965,1325,Gl 166A,40Omi2Eri,Keid,4.254537,-7.652871,4.9845,-2239.33,-3419.86,-42.7,4.43,5.942,K1V,0.82,2.179524,4.432894,-0.66374,0.00002462,-0.00007258,-0.00007609,1.113835082,-0.133567789,-1.08566E-05,-1.65799E-05,Omi-2,40,Eri,1,19799,Gl 166,0.365763193,,,
97338,97649,187642,7557,Gl 768,53Alp Aql,Altair,19.846388,8.868322,5.1295,536.82,385.54,-26.1,0.76,2.21,A7IV-V,0.221,2.355468,-4.4873,0.790749,-0.00000112,0.00003087,0.00000536,5.195772106,0.154781417,2.60258E-06,1.86915E-06,Alp,53,Aql,1,97338,,11.37627286,Alp,0.803,0.753
95799,96100,185144,7462,Gl 764,61Sig Dra,Alsafi,19.539149,69.661175,5.7547,598.43,-1738.81,28.2,4.67,5.87,K0V,0.786,0.784452,-1.840016,5.396152,0.00003712,-0.00004452,0.00001019,5.115337176,1.215816871,2.90127E-06,-8.42999E-06,Sig,61,Dra,1,95799,,0.390840896,,,
84147,84405,155885,6401,Gl 663A,36    Oph,Guniibuu,17.255836,-26.602829,5.9333,-473.69,-1143.93,0.9,4.33,5.464,K2:III:,0.855,-1.027046,-5.204798,-2.656955,-0.00001067,0.00001628,-0.00002983,4.517567394,-0.464306962,-2.29651E-06,-5.54593E-06,,36,Oph,1,84147,Gl 663,0.568067574,,,
3814,3821,4614,219,Gl 34A,24Eta Cas,Achird,0.81826,57.815187,5.9531,1087.11,-559.65,8.2,3.46,4.586,G0V SB,0.587,3.098462,0.674227,5.038376,0.00001105,0.00003451,-0.0000015,0.214219876,1.009065377,5.27046E-06,-2.71326E-06,Eta,24,Cas,1,3814,Gl  34,1.275263706,Eta,3.507,3.457
119135,,155886,6402,Gl 663B,36    Oph,Guniibuu B,17.255734,-26.603215,5.9852,-492.43,-1127.13,0.5,5.07,6.185,K1 Ve,0.85,-1.036233,-5.250282,-2.680239,-0.00001127,0.00001668,-0.00002947,4.517540538,-0.464313694,-2.38737E-06,-5.46446E-06,,36,Oph,2,84147,Gl 663,0.292415238,,,
15471,15510,20794,1008,Gl 139,,82 G. Eri,3.331944,-43.069784,6.0434,3038.08,726.34,86.7,4.26,5.354,G8V,0.711,2.839238,3.381499,-4.127499,-0.00001715,0.00011797,-0.00004501,0.872300799,-0.751709536,1.4729E-05,3.5214E-06,,,Eri,1,15471,,0.628637088,,,
12082,12114,16160,753,Gl 105A,,268 G. Cet,2.601357,6.88687,7.1803,1806.27,1442.5,26,5.79,6.509,K3V,0.918,5.538462,4.488223,0.861013,-0.00002374,0.00006168,0.00005304,0.681033735,0.120198562,8.75704E-06,6.99344E-06,,,Cet,1,12082,Gl 105,0.216970155,,,
3759,3765,4628,222,Gl 33,,96 G. Psc,0.806382,5.280615,7.4549,758.04,-1141.22,-10,5.74,6.378,K2V,0.89,7.258368,1.555495,0.686093,-0.00001198,0.00002545,-0.00004201,0.211110319,0.092164116,3.67508E-06,-5.53279E-06,,,Psc,1,3759,,0.244793567,,,
90979,91262,172167,7001,Gl 721,3Alp Lyr,Vega,18.61564,38.783692,7.6787,201.02,287.46,-12.1,0.03,0.604,A0Vvar,-0.001,0.960565,-5.908009,4.809731,0.00000476,0.00001734,0.00000059,4.873563096,0.676903116,9.74572E-07,1.39365E-06,Alp,3,Lyr,1,90979,,49.93441887,,,
113008,113368,216956,8728,Gl 881,24Alp PsA,Fomalhaut,22.960838,-29.622236,7.7036,329.22,-164.22,6.1,1.17,1.737,A3V,0.145,6.450517,-1.799476,-3.807757,0.00000561,0.0000112,-0.00000841,6.011133384,-0.517005551,1.5961E-06,-7.96161E-07,Alp,24,PsA,1,113008,,17.58733354,,,
7736,7751,10360,486,Gl 66B,,p Eridani,1.663169,-56.1964,7.8223,286.1,16.66,22.5,5.76,6.293,K0V,0.88,3.945945,1.835674,-6.500103,0.00000751,0.00001546,-0.00001877,0.435416735,-0.980812209,1.38705E-06,8.077E-08,,,Eri,2,118084,Gl 66,0.264728074,,,
22396,22449,30652,1543,Gl 178,1Pi 3Ori,Tabit,4.830669,6.961276,8.0684,463.44,11.62,24.4,3.19,3.656,F6V,0.484,2.413721,7.63677,0.977904,-0.00000983,0.00002903,0.00000348,1.264666197,0.12149718,2.24682E-06,5.63353E-08,Pi-3,1,Ori,1,22396,,3.003308879,,,
118084,,10361,487,Gl 66A,,p Eridani,1.663003,-56.19462,8.1466,268.8,25.41,19.5,5.8,6.245,K2 V,0.86,4.110128,1.912046,-6.7701,0.00000634,0.00001466,-0.00001601,0.43537305,-0.980781133,1.30318E-06,1.23186E-07,,,Eri,1,118084,Gl 66,0.276694165,,,
62257,62452,,,Gl 486,,Gar,12.799065,9.751397,8.3703,-1007.72,-461.01,18.8,11.39,11.776,M4,1.563,-8.06968,-1.713193,1.417736,-0.00003013,0.0000354,-0.00001518,3.350787341,0.170193989,-4.88556E-06,-2.23504E-06,,,Vir,1,62257,,0.00169668,,11.461,11.301
61124,61317,109358,4785,Gl 475,8Bet CVn,Chara,12.562411,41.35748,8.4395,-705.06,292.93,6.6,4.24,4.608,G0V,0.588,-6.266213,-0.929293,5.576481,-0.00000141,0.00002895,0.00001346,3.288831624,0.721824191,-3.41823E-06,1.42016E-06,Bet,8,CVn,1,61124,,1.249683397,,,
17336,17378,23249,1136,Gl 150,23Del Eri,Rana,3.720806,-9.763395,9.0408,-91.71,742.23,-5.1,3.52,3.739,K0IV,0.915,5.006502,7.370189,-1.533131,0.00000354,-0.00000195,0.00003294,0.974104802,-0.170403382,-4.44623E-07,3.59843E-06,Del,23,Eri,1,17336,,2.782274658,Del,3.531,3.511
57767,57939,103095,4550,Gl 451A,,Groombridge 1830,11.88282,37.718679,9.0917,4003.69,-5813,-99.1,6.42,6.627,G8Vp,0.754,-7.187679,0.220247,5.561623,-0.00008204,-0.00017401,-0.00026465,3.110914983,0.658315145,1.94104E-05,-2.81822E-05,,,UMa,1,57767,Gl 451,0.194625616,CF,6.546,6.406
47645,47780,,,Gl 367,,Añañuca,9.741653,-45.776513,9.8707,-466.6,-585.84,60,10.22,10.248,M1:,1.53,-5.716082,3.837529,-7.073973,-0.00000641,0.0000312,-0.00006353,2.550358836,-0.798950864,-2.26214E-06,-2.84023E-06,,,Vel,1,47645,,0.006931065,,10.279,10.169
56916,57087,,,Gl 436,,Noquisi,11.703064,26.70657,10.141,896.37,-813.7,9.7,10.67,10.64,M3,1.493,-9.031878,0.703493,4.557621,-0.00003018,-0.00004185,-0.00003128,3.063855079,0.466117576,4.34572E-06,-3.94493E-06,,,Leo,1,56916,,0.004830588,,10.716,10.596
29198,29271,43834,2261,Gl 231,Alp Men,Hoerikwaggo,6.170632,-74.753045,10.1978,121.84,-212.82,34.9,5.08,5.037,G5V,0.714,-0.119802,2.679222,-9.839152,-0.00000598,-0.00000103,-0.0000372,1.615467618,-1.304686762,5.90697E-07,-1.03178E-06,Alp,,Men,1,29198,,0.841782708,,,
37718,37826,62509,2990,Gl 286,78Bet Gem,Pollux,7.755277,28.026199,10.3584,-625.69,-45.95,3.6,1.16,1.084,K0IIIvar,0.991,-4.055465,8.19518,4.867171,0.00002624,0.00001782,-0.00000031,2.030326887,0.489149442,-3.03343E-06,-2.22772E-07,Bet,78,Gem,1,37718,,32.09223768,,,
118742,,98231,4375,Gl 423A,53Xi  UMa,Alula Australis,11.303118,31.528783,10.4167,-425.24,-581.01,-15.9,4.33,4.241,G0 Ve,0.59,-8.73089,1.610966,5.446747,0.00000243,0.00002139,-0.00003351,2.959149416,0.550281064,-2.06162E-06,-2.81682E-06,Xi,53,UMa,1,118742,Gl 423,1.752265862,,,
118743,,98230,4374,Gl 423B,53Xi  UMa,Alula Australis B,11.303118,31.528783,10.4167,-425.24,-581.01,-13.6,4.8,4.711,G0 Ve,,-8.730989,1.610983,5.446808,0.00000046,0.00002175,-0.00003228,2.959149416,0.550281064,-2.06162E-06,-2.81682E-06,Xi,53,UMa,2,118742,Gl 423,1.136579975,,,
10620,10644,13974,660,Gl 92,8Del Tri,Deltoton,2.284191,34.224231,10.784,1151.61,-246.32,-6.6,4.84,4.676,G0V,0.607,7.36921,5.020051,6.065246,-0.00003252,0.00005069,-0.00001444,0.597999934,0.597325517,5.58316E-06,-1.19419E-06,Del,8,Tri,1,10620,,1.173815932,,,
57584,57757,102870,4540,Gl 449,5Bet Vir,Zavijava,11.844922,1.764718,10.929,740.96,-271.18,4.3,3.59,3.397,F8V,0.518,-10.914853,0.443379,0.336562,-0.00000643,-0.00003903,-0.00001423,3.100993262,0.030800138,3.59228E-06,-1.31472E-06,Bet,5,Vir,1,57584,,3.812413511,,,
57459,57632,102647,4534,Gl 448,94Bet Leo,Denebola,11.817663,14.57206,10.9999,-499.02,-113.78,-0.2,2.14,1.933,A3Vvar,0.09,-10.633926,0.508011,2.767546,-0.00000006,0.00002664,-0.00000592,3.093856966,0.25433043,-2.41932E-06,-5.51621E-07,Bet,94,Leo,1,57459,,14.68249968,,,
69451,69673,124897,5340,Gl 541,16Alp Boo,Arcturus,14.26103,19.18241,11.2575,-1093.45,-1999.4,-5,-0.05,-0.307,K2IIIp,1.239,-8.823448,-5.932531,3.698938,-0.00005905,0.0000322,-0.00010473,3.733529029,0.334796218,-5.3012E-06,-9.69336E-06,Alp,16,Boo,1,69451,,115.5579955,,,
67711,67927,121370,5235,Gl 534,8Eta Boo,Muphrid,13.911411,18.397717,11.396,-60.95,-358.1,1,2.68,2.396,G0IV,0.58,-9.487671,-5.188142,3.596709,-0.00000795,-0.00000051,-0.00001845,3.641998952,0.321100736,-2.95494E-07,-1.73612E-06,Eta,8,Boo,1,67711,,9.585173977,,,
61748,61941,110379,4825,Gl 482A,29Gam Vir,Porrima,12.694345,-1.449375,11.685,-616.66,60.66,-19.9,2.74,2.402,F0V+...,0.368,-11.488622,-2.111702,-0.295552,0.00001361,0.00003802,0.00000395,3.323371774,-0.025296363,-2.98965E-06,2.94088E-07,Gam,29,Vir,1,61748,Gl 482,9.532350439,,,
107213,107556,207098,8322,Gl 837,49Del Cap,Deneb Algedi,21.784011,-16.127286,11.8666,263.26,-296.23,-6.3,2.85,2.478,A5mF2 (IV),0.18,9.534405,-6.248606,-3.296196,-0.00000083,0.00001865,-0.00001458,5.703040681,-0.281474238,1.27632E-06,-1.43616E-06,Del,49,Cap,1,107213,,8.887917199,Del,2.93,2.82
43464,43587,75732,3522,Gl 324A,55Rho1Cnc,Copernicus,8.876625,28.330819,12.3411,-485.48,-234.4,27.2,5.96,5.503,G8V,0.869,-7.429298,7.925466,5.85673,-0.00000011,0.00004258,0.00000086,2.323894965,0.494466065,-2.35367E-06,-1.1364E-06,Rho-1,55,Cnc,1,43464,Gl 324,0.548024532,,,
73467,73695,133640,5618,Gl 575A,44    Boo,Quadrans,15.063174,47.65406,12.5078,-436.24,18.94,-29.7,4.83,4.344,G2V + G2V,0.647,-5.858189,-6.055134,9.244209,-0.00000419,0.00003371,-0.00002168,3.943529793,0.831720249,-2.11495E-06,9.18237E-08,,44,Boo,1,73467,Gl 575,1.593675881,I,4.943,4.793
119137,,,,GJ 1214,,Onkaria,17.255194,4.961607,12.9199,540.56,-707.03,0,14.67,14.114,m,1.74,-2.493928,-12.627569,1.117419,0.00003247,-0.00001033,-0.00004412,4.517399161,0.086596372,2.62071E-06,-3.42777E-06,,,Oph,1,119137,,0.00019697,,,
24549,24608,34029,1708,Gl 194A,13Alp Aur,Capella,5.27815,45.997991,13.1234,75.52,-427.13,22.2,0.08,-0.51,M1: comp,0.795,1.712633,8.954439,9.440007,0.00000192,0.00003559,-0.00000254,1.381816413,0.802816393,3.66131E-07,-2.07078E-06,Alp,13,Aur,1,24549,Gl 194,139.3156803,,,
7499,7513,9826,458,Gl 61,50Ups And,Titawin,1.613299,41.405459,13.4916,-172.57,-381.01,-28.7,4.1,3.45,F8V,0.536,9.229933,4.147969,8.92295,-0.00000042,-0.00001256,-0.0000381,0.422360683,0.722661584,-8.36643E-07,-1.84719E-06,Ups,50,And,1,7499,,3.630780548,,,
97725,98036,188512,7602,Gl 771A,60Bet Aql,Alshain,19.921887,6.406763,13.6986,46.35,-481.32,-40.7,3.71,3.027,G8IVvar,0.855,6.563854,-11.925647,1.528534,-0.00001553,0.0000346,-0.00003641,5.215537811,0.111819116,2.24711E-07,-2.33351E-06,Bet,60,Aql,1,97725,Gl 771,5.360434578,,,
53565,53721,95128,4277,Gl 407,47    UMa,Chalawan,10.99112,40.430257,14.0627,-315.92,55.15,11.6,5.03,4.29,G0V,0.624,-10.333319,2.794615,9.120037,-0.00000074,0.00002251,0.00001056,2.877468446,0.705641099,-1.53162E-06,2.67375E-07,,47,UMa,1,53565,,1.674942876,,,
116361,116727,222404,8974,Gl 903,35Gam Cep,Errai,23.65582,77.632276,14.1024,-48.85,127.18,-43.1,3.21,2.464,K1IV,1.031,3.008186,-0.271815,13.774751,-0.00001816,-0.00000171,-0.00004119,6.193079298,1.354938819,-2.36831E-07,6.16586E-07,Gam,35,Cep,1,116361,,9.003264311,,,
14843,14879,20010,963,Gl 127A,Alp For,Dalim,3.201249,-28.987618,14.2369,371.49,612.26,-20,3.8,3.033,F8V,0.543,8.329775,9.25728,-6.899408,-0.00001733,0.00001907,0.00004687,0.838085047,-0.505929377,1.80103E-06,2.96832E-06,Alp,,For,1,14843,Gl 127,5.330893422,,,
79191,79431,,,,,Sharjah,16.211604,-18.875503,14.3968,24.12,-210.89,0,11.34,10.549,,1.486,-6.147626,-12.156552,-4.657551,0.00000365,0.00000349,-0.00001393,4.244187941,-0.329439681,1.16937E-07,-1.02242E-06,,,Sco,1,79191,,0.00525291,,11.396,11.286
44000,44127,76644,3569,Gl 331A,9Iot UMa,Talitha,8.986828,48.041826,14.5096,-441.12,-215.21,9,3.12,2.312,A7IV,0.223,-6.835882,6.883318,10.789878,0.00000975,0.00003422,-0.00000328,2.35274611,0.83848805,-2.13861E-06,-1.04337E-06,Iot,9,UMa,1,44000,Gl 331,10.35618977,,,
85769,86032,159561,6556,Gl 681,55Alp Oph,Rasalhague,17.582241,12.560035,14.8965,110.08,-222.61,12.6,2.08,1.215,A5III,0.155,-1.587067,-14.453242,3.239454,0.00000615,-0.00001685,-0.00001289,4.603020023,0.219213961,5.33683E-07,-1.07924E-06,Alp,55,Oph,1,85769,,28.44461107,,,
59020,59199,105452,4623,Gl 455.3,1Alp Crv,Alchiba,12.140225,-24.728875,14.9365,100.18,-39.33,2.9,4.02,3.149,F0IV/V,0.334,-13.557668,-0.497944,-6.248321,-0.00000124,-0.0000073,-0.00000383,3.178303548,-0.431600297,4.85686E-07,-1.90677E-07,Alp,1,Crv,1,59020,,4.7907113,,,
104861,105199,203280,8162,Gl 826,5Alp Cep,Alderamin,21.30963,62.585573,15.0376,149.91,48.27,-11.5,2.45,1.564,A7IV-V,0.257,5.276111,-4.483201,13.348778,0.00000057,0.00001386,-0.00000882,5.578848152,1.092324305,7.26784E-07,2.3402E-07,Alp,5,Cep,1,104861,,20.62528698,,,
86529,86796,160691,6585,Gl 691,Mu  Ara,Cervantes,17.735752,-51.834053,15.5111,-15.06,-191.17,-9,5.12,4.167,G5V,0.694,-0.662558,-9.561971,-12.19514,0.00000004,0.00001703,-0.00000165,4.643209088,-0.904674888,-7.30129E-08,-9.26818E-07,Mu,,Ara,1,86529,,1.875858174,,,
36744,36850,60179,2891,Gl 278A,66Alp Gem,Castor,7.576634,31.888276,15.5958,-206.33,-148.18,6,1.58,0.615,A2Vm,0.034,-5.311938,12.130011,8.238737,0.00000983,0.00001645,-0.00000627,1.98355827,0.556555413,-1.00032E-06,-7.18397E-07,Alp,66,Gem,1,36744,Gl 278,49.4310687,,,
112997,113357,217014,8729,Gl 882,51    Peg,Helvetios,22.95777,20.768832,15.6079,208.06,60.96,-33.7,5.45,4.483,G5V,0.666,14.053522,-3.93265,5.534429,-0.00002837,0.00002429,-0.00000791,6.010330125,0.362484504,1.0087E-06,2.95542E-07,,51,Peg,1,112997,,1.402167834,,,
118485,,60178,2890,Gl 278B,66Alp Gem,Castor B,7.576827,31.89052,15.8053,-162.69,-98.14,-1.2,2.85,1.856,A m,,-5.383676,12.292323,8.349873,0.00001024,0.00000769,-0.00000703,1.983608717,0.556594568,-7.88743E-07,-4.75801E-07,Alp,66,Gem,2,36744,Gl 278,15.76158905,,,
71682,71908,128898,5463,Gl 560A,Alp Cir,Xami,14.708492,-64.975138,16.57,-192.64,-234.07,7.2,3.18,2.083,F1Vp,0.256,-5.319852,-4.563974,-15.014538,0.00000049,0.00002081,-0.00001463,3.850674302,-1.134030097,-9.33945E-07,-1.1348E-06,Alp,,Cir,1,71682,Gl 560,12.78792263,Alp,3.184,3.174
744,746,432,21,Gl 8,11Bet Cas,Caph,0.152887,59.14978,16.7842,523.39,-180.42,11.3,2.28,1.155,F2III-IV,0.38,8.600014,0.344589,14.409503,0.00001681,0.00004329,0.00000239,0.040025853,1.032358404,2.53747E-06,-8.74701E-07,Bet,11,Cas,1,744,,30.06076303,Bet,2.303,2.263
64037,64241,114378,4968,Gl 501A,42Alp Com,Diadem,13.166469,17.529431,17.8253,-445.95,129.69,-11.6,4.32,3.065,F5V,0.455,-16.211012,-5.110375,5.368871,0.00000242,0.00004117,0.00000711,3.446973582,0.305946294,-2.16203E-06,6.28755E-07,Alp,42,Com,1,64037,Gl 501,5.17606832,,,
54712,54872,97603,4357,Gl 419,68Del Leo,Zosma,11.235138,20.523717,17.9147,143.31,-130.43,-20.2,2.56,1.294,A4V,0.128,-16.442201,3.337108,6.280742,0.00001259,-0.00001526,-0.00001785,2.941352165,0.358206432,6.94786E-07,-6.32342E-07,Del,68,Leo,1,54712,,26.44843627,,,
8884,8903,11636,553,Gl 80,6Bet Ari,Sheratan,1.910668,20.808035,17.9856,96.32,-108.8,-4,2.64,1.365,A5V...,0.165,14.752622,8.063457,6.389157,-0.00000443,0.00000715,-0.00001032,0.500211742,0.363168722,4.66973E-07,-5.27477E-07,Bet,6,Ari,1,8884,,24.77422058,,,
32276,32362,48737,2484,Gl 242,31Xi  Gem,Alzirr,6.754824,12.895591,17.9986,-115.16,-190.91,30,3.35,2.074,F5IV,0.443,-3.444569,17.203451,4.0169,0.00000325,0.00003494,-0.00000939,1.768408783,0.225070523,-5.58311E-07,-9.25558E-07,Xi,31,Gem,1,32276,,12.8943662,,,
64904,65109,115892,5028,Gl 508.1,Iot Cen,Kulou,13.343296,-36.712295,18.0213,-340.76,-87.98,0.1,2.75,1.471,A2V,0.068,-13.562569,-4.976416,-10.773082,-0.00000602,0.0000295,-0.00000622,3.493266805,-0.640750421,-1.65205E-06,-4.26539E-07,Iot,,Cen,1,64904,,22.46984104,,,
68714,68933,123139,5288,Gl 539,5The Cen,Menkent,14.111395,-36.369954,18.0343,-519.29,-517.87,1.3,2.06,0.78,K0IIIb,1.011,-12.358808,-7.624204,-10.694288,-0.0000019,0.00005217,-0.00003724,3.694354548,-0.634775453,-2.51759E-06,-2.5107E-06,The,5,Cen,1,68714,,42.46195639,,,
35453,35550,56986,2777,Gl 271A,55Del Gem,Wasat,7.335383,21.98232,18.5391,-18.72,-7.76,-15.3,3.5,2.16,F0IV...,0.374,-5.888392,16.151258,6.939513,0.00000646,-0.00001281,-0.0000065,1.920398746,0.38366387,-9.07571E-08,-3.76215E-08,Del,55,Gem,1,35453,Gl 271,11.91242008,,,
8777,8796,11443,544,Gl 78.1,2Alp Tri,Mothallah,1.884696,29.578829,19.4175,12.02,-233.69,-16.2,3.42,1.979,F6IV,0.488,14.872602,7.99818,9.584806,-0.00000366,-0.00000069,-0.00002731,0.493412346,0.516247959,5.82746E-08,-1.13296E-06,Alp,2,Tri,1,8777,,14.07343138,Alp,3.429,3.409
39644,39757,67523,3185,,15Rho Pup,Tureis,8.125737,-24.304324,19.4818,-83.29,46.38,46,2.83,1.382,F2mF5IIp,0.458,-9.379037,15.076242,-8.018549,-0.00001692,0.00004209,-0.00001537,2.127312994,-0.424190476,-4.03801E-07,2.24857E-07,Rho,15,Pup,1,39644,,24.3893373,Rho,2.875,2.775
82144,82396,151680,6241,,26Eps Sco,Larawag,16.83608,-34.293232,19.5351,-611.83,-255.87,-3,2.29,0.836,K2IIIb,1.144,-4.842163,-15.39568,-11.006616,-0.00005042,0.00003282,-0.00001829,4.407675434,-0.598529803,-2.96624E-06,-1.24049E-06,Eps,26,Sco,1,82144,,40.3273793,,,
9861,9884,12929,617,Gl 84.3,13Alp Ari,Hamal,2.119555,23.462423,20.1776,190.73,-145.77,-14.4,2.01,0.486,K2III,1.151,15.731986,9.751722,8.03361,-0.00001649,0.00001173,-0.00001894,0.554898131,0.409496533,9.24685E-07,-7.06713E-07,Alp,13,Ari,1,9861,,55.66727982,,,
21368,21421,29139,1457,Gl 171.1A,87Alp Tau,Aldebaran,4.598677,16.509301,20.4332,62.78,-189.36,54.5,0.87,-0.682,K5III,1.538,7.02722,18.287604,5.806661,0.00001528,0.00005709,-0.00000214,1.203930811,0.288141666,3.04366E-07,-9.18043E-07,Alp,87,Tau,1,21368,Gl 171.1,163.2300073,Alp,0.888,0.858
44135,44263,,,Gl 333.2B,,Ross 687,9.013981,5.241545,20.9424,-247.74,-207.77,-37.1,12.37,10.765,M4,1.455,-14.80023,14.692285,1.913156,0.00004317,-0.00000741,-0.00002447,2.359854602,0.091482217,-1.20108E-06,-1.0073E-06,,,Hya,2,44135,Gl 333.2,0.004305266,,12.706,12.196
69479,69701,124850,5338,GJ 9473,99Iot Vir,Syrma,14.266908,-6.000547,22.237,-25.84,-419.84,14.6,4.07,2.335,F7V,0.511,-18.333625,-12.367873,-2.324624,-0.00000995,-0.00000335,-0.00004657,3.73506785,-0.104729295,-1.25276E-07,-2.03544E-06,Iot,99,Vir,1,69479,,10.13911386,,,
102157,102488,197989,7949,Gl 806.1A,53Eps Cyg,Aljanah,20.770178,33.970256,22.2916,356.16,330.28,-10.9,2.48,0.739,K0III,1.021,12.262597,-13.834612,12.455654,0.00000944,0.00004737,0.00002337,5.437619819,0.592892816,1.72671E-06,1.60124E-06,Eps,53,Cyg,1,102157,Gl 806.1,44.09608165,,,
76835,77070,140573,5854,Gl 596.2,24Alp Ser,Unukalhai,15.737798,6.425627,22.6757,134.66,44.14,2.7,2.63,0.852,K2III,1.167,-12.5786,-18.695648,2.537718,0.00001105,-0.00001009,0.00000513,4.120145986,0.112148346,6.5285E-07,2.13997E-07,Alp,24,Ser,1,76835,,39.73745051,,,
66040,66249,118098,5107,GJ 3792,79Zet Vir,Heze,13.57822,-0.59582,22.7118,-278.89,48.56,-13.2,3.38,1.599,A3V,0.114,-20.799365,-9.118725,-0.236175,-0.00000002,0.00003352,0.00000549,3.554769681,-0.010399023,-1.3521E-06,2.35426E-07,Zet,79,Vir,1,66040,,19.97100866,,,
86347,86614,162003,6636,Gl 694.1A,31Psi1Dra,Dziban,17.698978,72.148843,22.8363,26.6,-269.77,-13.7,4.57,2.777,F5IV-V,0.434,-0.551088,-6.978598,21.736754,0.00000104,-0.00002429,-0.00002249,4.633581727,1.259234868,1.2896E-07,-1.30788E-06,Psi-1,31,Dra,1,86347,Gl 694.1,6.748387309,,,
76035,76267,139006,5793,,5Alp CrB,Alphecca,15.578128,26.714693,23.0097,120.38,-89.44,2,2.22,0.41,A0V,0.032,-12.176093,-16.558746,10.343974,0.00000708,-0.00001304,-0.00000799,4.078344289,0.466259351,5.83619E-07,-4.33617E-07,Alp,5,CrB,1,76035,,59.70352866,Alp,2.289,2.209
12928,12961,,,,,Koeia,2.778575,-23.086611,23.015,292.67,141.42,0,10.25,8.44,M0,1.389,15.812912,14.078244,-9.024692,-0.00001709,0.0000285,0.00001451,0.727429296,-0.402937375,1.4189E-06,6.85624E-07,,,Eri,1,12928,,0.036643757,,,
84121,84379,156164,6410,GJ 3995A,65Del Her,Sarin,17.250531,24.839204,23.0362,-21.14,-157.68,-40,3.12,1.308,A3IVv SB,0.08,-4.075476,-20.503689,9.676738,0.00000348,0.00002962,-0.00003316,4.516178466,0.433525895,-1.0249E-07,-7.64454E-07,Del,65,Her,1,84121,GJ 3995,26.10958687,,,
86353,86620,162004,6637,Gl 694.1B,31Psi1Dra,Dziban B,17.699461,72.156911,23.0627,34.97,-273.61,-10.9,5.81,3.995,G0V,0.53,-0.555414,-7.044781,21.953273,0.00000188,-0.00002593,-0.00001998,4.633707989,1.259375671,1.69539E-07,-1.3265E-06,Psi-1,31,Dra,2,86347,Gl 694.1,2.197859873,,,
72396,72622,130841,5531,Gl 564.1,9Alp2Lib,Zubenelgenubi,14.847977,-16.041778,23.2396,-105.69,-69,-46.7,2.75,0.919,A3IV,0.147,-16.408581,-15.151818,-6.421874,0.00002722,0.00004135,0.00000573,3.88719117,-0.279981846,-5.124E-07,-3.34521E-07,Alp-2,9,Lib,1,72396,,37.35940923,,,
119127,,154906,6370,GJ 9584A,21Mu  Dra,Alrakis,17.088714,54.469093,23.2558,-76,79.53,-14.3,5.63,3.797,F7 V,0.47,-3.193886,-13.13167,18.925026,-0.00000459,0.00001737,-0.00000669,4.473814769,0.950665021,-3.68458E-07,3.85553E-07,Mu,21,Dra,1,119127,GJ 9584,2.637545741,,,
118515,,,,GJ 3470,,Kaewkosin,7.985082,15.392426,23.2558,-173.87,-46.59,0,12.33,10.497,m,,-11.134861,19.461351,6.172756,0.00001632,0.00001095,-0.00000506,2.090489591,0.268648522,-8.42946E-07,-2.2586E-07,,,Cnc,1,118515,,0.005510614,,,
118527,,,,GJ 3483,,Maru,8.113936,-66.299883,23.2558,370.37,-289.36,0,13.92,12.087,DQ5,0.05,-4.914249,7.951662,-21.294446,-0.00001983,-0.00004736,-0.00001311,2.124223541,-1.157151258,1.7956E-06,-1.40286E-06,,,Vol,1,118527,,0.00127409,,,
90217,90496,169916,6913,Gl 713.1,22Lam Sgr,Kaus Borealis,18.466179,-25.4217,23.9693,-44.81,-186.29,-43.2,2.82,0.922,K1IIIb,1.025,2.635486,-21.487046,-10.289309,-0.00001116,0.0000482,-0.00000058,4.834434275,-0.443692368,-2.17245E-07,-9.03159E-07,Lam,22,Sgr,1,90217,,37.25632385,,,
49528,49669,87901,3982,,32Alp Leo,Regulus,10.139532,11.967207,24.3132,-249.4,4.91,6,1.36,-0.569,B7V,-0.087,-21.018857,11.132218,5.041397,0.00000856,0.00002873,0.00000184,2.654523172,0.208867165,-1.20913E-06,2.38044E-08,Alp,32,Leo,1,49528,,147.0957077,,,
119058,,144070,5978,GJ 9540A,Xi  Sco,Graffias,16.072774,-11.374611,24.3309,-61.63,-33.19,-32.2,4.84,2.909,F6 IV-V,0.45,-11.530023,-20.879358,-4.798287,0.00000962,0.00003245,0.00000266,4.207842357,-0.198524414,-2.98791E-07,-1.6089E-07,Xi,,Sco,1,119058,GJ 9540,5.975854297,,,
12673,12706,16970,804,Gl 106.1A,86Gam Cet,Kaffaljidhma,2.721678,3.235818,24.4081,-146.43,-145.27,-5.1,3.47,1.532,A3V,0.093,18.440324,15.931398,1.377729,0.00000812,-0.00001588,-0.00001746,0.71253351,0.056475686,-7.09913E-07,-7.04289E-07,Gam,86,Cet,1,12673,Gl 106.1,21.24222477,,,
53754,53910,95418,4295,GJ 9343,48Bet UMa,Merak,11.030677,56.382427,24.4499,81.66,33.74,-12,2.34,0.399,A1V,0.033,-13.103033,3.398358,20.360601,0.00000737,-0.00001191,-0.00000801,2.887824569,0.984058986,3.95899E-07,1.63576E-07,Bet,48,UMa,1,53754,,60.31148196,,,
118589,,,,Gl 333.2A,,Ross 686,9.014005,5.242018,24.5278,-229.81,-192.84,-37,12.68,10.732,dM4,1.47,-17.333104,17.206472,2.240759,0.00004451,-0.00000568,-0.00002629,2.359860969,0.091490481,-1.11415E-06,-9.34895E-07,,,Hya,1,44135,Gl 333.2,0.00443813,,,
114208,114570,219080,8830,Gl 891.1,7    And,Honores,23.20916,49.406207,24.5881,89.78,95.57,11.2,4.53,2.576,F0V,0.302,15.657659,-3.288881,18.670848,0.00000103,0.00001072,0.00001611,6.076143819,0.862300985,4.35266E-07,4.63336E-07,,7,And,1,114208,,8.120822162,,,
59592,59774,106591,4660,Gl 459,69Del UMa,Megrez,12.257086,57.032617,24.6853,103.56,7.81,-13.4,3.32,1.358,A3Vvar,0.077,-13.402309,-0.903455,20.710384,0.00000906,-0.00001181,-0.00001099,3.208897599,0.995406944,5.02073E-07,3.78639E-08,Del,69,UMa,1,59592,,24.93446188,,,
42794,42913,74956,3485,Gl 321.3A,Del Vel,Alsephina,8.745059,-54.708821,24.6975,28.78,-104.14,2.2,1.93,-0.033,A1V,0.043,-9.394033,10.739813,-20.158771,0.00000325,-0.00000895,-0.00000904,2.289451211,-0.954849057,1.39529E-07,-5.04885E-07,Del,,Vel,1,42794,Gl 321.3,89.78421709,Del,1.939,1.929
28288,28360,40183,2088,GJ 3375,34Bet Aur,Menkalinan,5.992149,44.947433,24.8694,-56.41,-0.88,-19.4,1.9,-0.078,A2V,0.077,0.036195,17.601288,17.569058,0.00000677,-0.00001398,-0.00001409,1.568740945,0.784480691,-2.73483E-07,-4.26636E-09,Bet,34,Aur,1,28288,,93.58365436,Bet,1.967,1.897
65272,65477,116842,5062,GJ 3785,80    UMa,Alcor,13.420413,54.987958,25.0564,120.35,-16.94,-8.9,3.99,1.995,A5V SB,0.169,-13.393436,-5.223608,20.521915,0.00000861,-0.00001233,-0.00000864,3.51345583,0.959720908,5.83473E-07,-8.21274E-08,,80,UMa,1,65272,,13.86755829,,,
40054,40167,68255,3210,,16Zet2Cnc,Tegmine,8.203535,17.647771,25.0815,28.29,-150.94,-11,4.67,2.673,G0V,0.531,-13.035978,20.033032,7.603791,-0.00000007,-0.0000062,-0.0000209,2.147680389,0.308011703,1.37154E-07,-7.31778E-07,Zet-2,16,Cnc,1,40054,,7.426770437,,,
86475,86742,161096,6603,,60Bet Oph,Cebalrai,17.724543,4.567303,25.0941,-40.67,158.8,-12,2.76,0.762,K2III,1.168,-1.802333,-24.949291,1.998237,-0.00000394,0.00001409,0.00001828,4.640274383,0.079714471,-1.97174E-07,7.69884E-07,Bet,60,Oph,1,86475,,43.17178445,,,
62757,62956,112185,4905,,77Eps UMa,Alioth,12.900472,55.959821,25.31,111.74,-8.99,-9,1.76,-0.256,A0p,-0.022,-13.775959,-3.309169,20.972944,0.00000732,-0.00001234,-0.00000824,3.37733559,0.976683127,5.41731E-07,-4.35847E-08,Eps,77,UMa,1,62757,,110.2554332,Eps,1.776,1.746
93452,93747,177724,7235,GJ 4095A,17Zet Aql,Okab,19.090169,13.863478,25.4582,-7.04,-95.31,-25,2.99,0.961,A0Vn,0.014,6.95881,-23.716532,6.099966,-0.00000703,0.00002087,-0.00001755,4.997794545,0.241963339,-3.41309E-08,-4.62076E-07,Zet,17,Aql,1,93452,GJ 4095,35.94181463,,,
57828,58001,103287,4554,,64Gam UMa,Phecda,11.897168,53.69476,25.5037,107.76,11.16,-13,2.41,0.377,A0V SB,0.044,-15.094867,0.406425,20.552678,0.00000862,-0.00001356,-0.0000099,3.114671245,0.937150353,5.22435E-07,5.41052E-08,Gam,64,UMa,1,57828,,61.54602374,,,
2076,2081,2261,99,,Alp Phe,Ankaa,0.438056,-42.305981,25.974,232.76,-353.64,75,2.4,0.327,K0III...,1.083,19.083654,2.198282,-17.483284,0.00002323,0.00003218,-0.00008456,0.114682903,-0.738378669,1.12845E-06,-1.7145E-06,Alp,,Phe,1,2076,,64.44659847,,,
97755,98066,188376,7597,,58Ome Sgr,Terebellum,19.930651,-26.299506,25.9875,203.96,74.4,-21,4.7,2.626,G3/G5III,0.748,11.280499,-20.384256,-11.514028,0.00001517,0.00002565,0.00001792,5.217832252,-0.459012977,9.88826E-07,3.60701E-07,Ome,58,Sgr,1,97755,,7.755324958,,,
65173,65378,116656,5054,GJ 3783A,79Zet UMa,Mizar,13.398747,54.925362,26.3089,121.23,-22.01,-5.6,2.23,0.129,A2V,0.057,-14.115808,-5.413302,21.531272,0.00000646,-0.00001408,-0.0000063,3.507783855,0.958628404,5.8774E-07,-1.06707E-07,Zet,79,UMa,1,65173,GJ 3783,77.3392578,,2.336,2.196
114848,115211,,,GJ 4332,,Danfeng,23.335476,-60.065183,26.3713,-317.42,-128.94,0,11.03,8.924,M2,1.45,12.960983,-2.278056,-22.853202,-0.00002109,-0.00003749,-0.00000823,6.109213289,-1.048335206,-1.5389E-06,-6.25119E-07,,,Tuc,1,114848,,0.023463889,,11.117,10.947
116218,116584,222107,8961,GJ 9832,16Lam And,Udkadua,23.626056,46.458152,26.4061,159.22,-421.46,6.8,3.81,1.701,G8III-IV,0.984,18.103691,-1.77795,19.141071,0.00004568,0.00001599,-0.00003212,6.185286913,0.810847712,7.7192E-07,-2.0433E-06,Lam,16,And,1,116218,,18.18025624,Lam,3.951,3.741
70851,71075,127762,5435,,27Gam Boo,Seginus,14.534636,38.308253,26.6099,-115.55,151.87,-37,3.04,0.915,A7IIIvar,0.191,-16.449442,-12.860715,16.49506,0.00002378,0.00003751,-0.00000808,3.805158858,0.668605138,-5.60202E-07,7.36287E-07,Gam,27,Boo,1,70851,,37.49730022,Gam,3.052,3.032
60776,60965,108767,4757,,7Del Crv,Algorab,12.497739,-16.515432,26.6312,-209.97,-139.3,9,2.94,0.813,B9.5V,-0.012,-25.316094,-3.317674,-7.57057,-0.0000072,0.00002639,-0.00001986,3.271900435,-0.288248674,-1.01796E-06,-6.75345E-07,Del,7,Crv,1,60776,,41.19077849,,,
27559,27628,39425,2040,,Bet Col,Wazn,5.849329,-35.768309,26.7308,55.74,404.68,89,3.12,0.985,K1.5III,1.146,0.855327,21.672805,-15.624858,-0.0000031,0.00010471,-0.00001066,1.531350815,-0.624274753,2.70235E-07,1.96194E-06,Bet,,Col,1,27559,,35.15604405,,,
93213,93506,176687,7194,,38Zet Sgr,Ascella,19.043532,-29.880105,27.0416,-14.1,3.66,22,2.6,0.44,A3IV,0.062,6.326274,-22.577554,-13.471863,0.00000355,-0.00001951,-0.00001079,4.985585012,-0.521506219,-6.83587E-08,1.77442E-08,Zet,38,Sgr,1,93213,,58.07644175,,,
83755,84012,155125,6378,Gl 656.1A,35Eta Oph,Sabik,17.172968,-15.72491,27.0929,41.16,97.65,-2.4,2.43,0.266,A2.5Va,0.059,-5.602493,-25.470005,-7.342684,0.00000504,-0.00000225,0.00001301,4.495872618,-0.274451458,1.99549E-07,4.73421E-07,Eta,35,Oph,1,83755,Gl 656.1,68.17105263,,,
60893,61084,108903,4763,,Gam Cru,Gacrux,12.519429,-57.113212,27.1518,27.94,-264.33,21,1.59,-0.579,M4III,1.6,-14.606901,-1.998688,-22.800748,0.00001789,-0.00000126,-0.00003693,3.277578929,-0.996813589,1.35457E-07,-1.28151E-06,Gam,,Cru,1,60893,,148.4567675,,,
23820,23875,33111,1666,GJ 9175,67Bet Eri,Cursa,5.130829,-5.086446,27.3973,-83.39,-75.44,-9.2,2.78,0.591,A3IIIvar,0.161,6.156194,26.585876,-2.429001,0.00000848,-0.00001249,-0.00000915,1.343247953,-0.088775232,-4.04286E-07,-3.65743E-07,Bet,67,Eri,1,23820,,50.53589948,,,
94350,94645,179949,7291,,,Gumala,19.259228,-24.179352,27.5482,114.78,-101.81,-26,6.25,4.05,F8V,0.548,8.135614,-23.777829,-11.28349,0.00000485,0.00003318,-0.00000151,5.042054132,-0.422009305,5.56469E-07,-4.93589E-07,,,Sgr,1,94350,,2.089296131,V5652,6.258,6.238
14540,14576,19356,936,,26Bet Per,Algol,3.136148,40.955648,27.571,2.39,-1.44,4,2.09,-0.112,B8V,-0.003,14.189428,15.238793,18.072114,0.00000196,0.00000257,0.00000254,0.821041501,0.714810898,1.1587E-08,-6.98132E-09,Bet,26,Per,1,14540,,96.56060985,Bet,2.213,2.073
52370,52521,93083,,GJ 1137,,Macondo,10.739146,-33.577022,27.8552,-92.84,-151.12,41.7,8.3,6.075,K3V,0.945,-21.954758,7.522298,-15.405733,-0.00001887,0.00001972,-0.00004059,2.811501857,-0.586029586,-4.50101E-07,-7.3265E-07,,,Ant,1,52370,,0.323593657,,,
80089,80331,148387,6132,Gl 624.1A,14Eta Dra,Athebyne,16.39986,61.514213,28.2326,-16.98,56.68,-13.7,2.73,0.476,G8III,0.91,-5.477258,-12.300885,24.814526,0.00000337,0.00001328,-0.00000862,4.293473371,1.073625554,-8.23214E-08,2.74792E-07,Eta,14,Dra,1,80089,Gl 624.1,56.18236281,,,
109081,109427,210418,8450,GJ 9771,26The Peg,Biham,22.169996,6.197865,28.2965,281.96,31.23,-7.9,3.52,1.261,A2V,0.086,24.963846,-12.967714,3.054948,0.00001029,0.00003824,0.00000339,5.804091273,0.108173149,1.36698E-06,1.51407E-07,The,26,Peg,1,109081,,27.26465459,,,
113961,114322,218566,,GJ 4313,,Ebla,23.15298,-2.260742,28.5551,632.15,-96.23,-40.9,8.59,6.312,K3V,1.012,27.833867,-6.27534,-1.126403,-0.00002204,0.00009467,-0.00001166,6.061435923,-0.039457387,3.06475E-06,-4.66536E-07,,,Psc,1,113961,,0.260135726,,,
33632,33719,52265,2622,,,Citalá,7.00501,-5.367162,28.9603,-115.76,80.35,54,6.29,3.981,G0III-IV,0.572,-7.499264,27.84151,-2.708925,0.00000112,0.00005834,0.00000606,1.833907367,-0.093674646,-5.6122E-07,3.89548E-07,,,Mon,1,33632,,2.22638363,,,
53075,53229,94264,4247,,46    LMi,Praecipua,10.888526,34.214871,29.0867,92.47,-286.06,16,3.79,1.472,K0III-IV,1.04,-23.041794,6.900625,16.355475,-0.00003843,-0.0000021,-0.00002415,2.850609451,0.597162153,4.48307E-07,-1.38686E-06,,46,LMi,1,53075,,22.44915508,,,
62876,63076,112429,4916,,8    Dra,Taiyi,12.924598,65.438474,29.2912,-4.63,-30.38,9,5.23,2.896,A5n,0.303,-11.820552,-2.918495,26.640872,-0.00000768,-0.00000122,0.00000658,3.383651811,1.14211682,-2.24469E-08,-1.47286E-07,,8,Dra,1,62876,,6.047835919,IR,5.253,5.193
3413,3419,4128,188,Gl 31,16Bet Cet,Diphda,0.72649,-17.986605,29.5334,232.79,32.71,13.3,2.04,-0.312,K0III,1.019,27.583638,5.310463,-9.119792,0.00000782,0.00003545,0.00000025,0.190194642,-0.31392547,1.1286E-06,1.58583E-07,Bet,16,Cet,1,3413,,116.091387,,,
108573,108917,209790,8417,,17Xi  Cep,Kurhah,22.063135,64.627971,29.5946,214.46,89.29,-6,4.26,1.904,Am,0.379,11.085515,-6.15803,26.739992,0.00000253,0.00003379,-0.00000006,5.7761153,1.127970886,1.03973E-06,4.3289E-07,Xi,17,Cep,1,108573,,15.07995342,,,
57197,57370,102195,,,,Flegetonte,11.761748,2.821483,29.6384,-190.32,-111.44,0,8.07,5.711,K0,0.835,-29.544905,1.845236,1.458929,0.00000092,0.00002734,-0.00001599,3.079218372,0.049244174,-9.22697E-07,-5.40276E-07,,,Vir,1,57197,,0.452480638,,,
88361,88635,165135,6746,,10Gam2Sgr,Alnasl,18.096803,-30.424091,29.7,-55.75,-181.53,22,2.98,0.616,K0III,0.981,0.648969,-25.602281,-15.040072,-0.00000787,-0.00000637,-0.00003393,4.737732034,-0.531000564,-2.70284E-07,-8.80082E-07,Gam-2,10,Sgr,1,88361,,49.38556196,,,
676,677,358,15,,21Alp And,Alpheratz,0.139791,29.090432,29.7442,135.68,-162.95,-12,2.07,-0.297,B9p,-0.038,25.974572,0.951042,14.461264,-0.00000002,0.00001958,-0.0000265,0.036597163,0.507723818,6.57795E-07,-7.90004E-07,Alp,21,And,1,676,,114.4985535,Alp,2.083,2.063
94081,94376,180711,7310,,57Del Dra,Altais,19.209225,67.661541,29.8686,94.49,92.3,25,3.07,0.694,G9III,0.99,3.534238,-10.788301,27.627312,0.00001218,0.00000677,0.00002873,5.028963347,1.18091667,4.581E-07,4.47483E-07,Del,57,Dra,1,94081,,45.96211447,,,
69510,69732,125162,5351,GJ 3837,19Lam Boo,Xuange,14.273074,46.088305,30.3582,-187.42,159.01,-8.1,4.18,1.769,A0sh,0.087,-17.435524,-11.802923,21.870286,0.00000326,0.00003551,0.00001026,3.736682075,0.804392674,-9.08638E-07,7.70902E-07,Lam,19,Boo,1,69510,,17.07654473,,,
6672,6686,8538,403,,37Del Cas,Ruchbah,1.430216,60.235283,30.4785,297.24,-49.49,7,2.66,0.24,A5Vv SB,0.16,14.082378,5.53413,26.457567,-0.00000685,0.0000445,0.00000258,0.374429587,1.051304016,1.44106E-06,-2.39934E-07,Del,37,Cas,1,6672,,69.82324041,Del,2.666,2.656
101442,101769,196524,7882,,6Bet Del,Rotanev,20.625816,14.595087,30.931,118.28,-47.65,-23,3.64,1.188,F5IV,0.425,18.994041,-23.134214,7.794139,0.00000041,0.00002746,-0.00001284,5.399826078,0.254732324,5.73438E-07,-2.31014E-07,Bet,6,Del,1,101442,,29.16083799,,,
108922,109268,209952,8425,Gl 848.2,Alp Gru,Alnair,22.137209,-46.960975,30.9693,127.6,-147.91,10.9,1.73,-0.725,B7IV,-0.07,18.672505,-9.904001,-22.635193,0.00000136,0.00002096,-0.0000233,5.795507643,-0.81962364,6.18622E-07,-7.17088E-07,Alp,,Gru,1,108922,,169.8243652,,,
75229,75458,137759,5744,,12Iot Dra,Edasich,15.415494,58.966065,31.027,-8.27,17.3,-11,3.29,0.831,K2III,1.166,-10.015969,-12.471787,26.585776,0.00000406,0.00000704,-0.0000083,4.035766949,1.02915199,-4.00941E-08,8.38728E-08,Iot,12,Dra,1,75229,,40.51352202,,,
110822,111169,213558,8585,,7Alp Lac,Stellio,22.521515,50.282491,31.4564,137.22,17.15,-4,3.76,1.271,A1V,0.031,18.613691,-7.587422,24.196371,0.00000362,0.00002112,-0.00000148,5.896118962,0.877595031,6.65261E-07,8.31455E-08,Alp,7,Lac,1,110822,,27.01469073,,,
86839,87108,161868,6629,,62Gam Oph,Bake-eo,17.798211,2.707276,31.5159,-23.15,-75.12,-7,3.75,1.257,A0V,0.043,-1.662293,-31.436744,1.488597,-0.00000318,0.00000679,-0.0000118,4.659560806,0.047250882,-1.12234E-07,-3.64192E-07,Gam,62,Oph,1,86839,,27.36528654,,,
72113,72339,130322,,,,Mönch,14.792424,-0.281476,31.7058,-129.6,-140.79,0,8.04,5.534,K0III,0.781,-23.603748,-21.168292,-0.15576,-0.00001322,0.0000149,-0.00002164,3.872647576,-0.004912682,-6.28319E-07,-6.82569E-07,,,Vir,1,72113,,0.532598575,,,
67088,67301,120315,5191,,85Eta UMa,Alkaid,13.792354,49.313265,31.8674,-121.23,-15.56,-11,1.85,-0.667,B3V SB,-0.099,-18.529548,-9.394541,24.164506,-0.00000355,0.0000192,-0.0000101,3.610829901,0.860678839,-5.8774E-07,-7.5437E-08,Eta,85,UMa,1,67088,,160.9904076,,,
3472,3479,4208,,GJ 9024,,Cocibolca,0.74073,-26.51568,32.3729,313.52,150,55.4,7.78,5.229,G5V,0.664,28.425119,5.582477,-14.452867,0.00005058,0.00006007,-0.00000423,0.193922721,-0.462785921,1.51999E-06,7.27221E-07,,,Scl,1,3472,,0.705342414,,,
48099,48235,85390,,,,Natasha,9.834025,-49.790266,32.3729,24.57,-59.83,0,8.54,5.989,K1V,0.855,-17.62853,11.226113,-24.722742,0.00000398,-0.0000071,-0.00000606,2.574541645,-0.86900408,1.19119E-07,-2.90064E-07,,,Vel,1,48099,,0.350267627,,,
99743,100064,192947,7754,,6Alp2Cap,Algedi,20.300904,-12.544852,32.4465,61.78,2.85,0.7,3.58,1.024,G6/G8III,0.883,17.945333,-26.097385,-7.047505,0.00000846,0.00000485,0.00000028,5.314764238,-0.218948968,2.99518E-07,1.38172E-08,Alp-2,6,Cap,1,99743,,33.91563869,,,
112389,112748,216131,8684,GJ 4298,48Mu  Peg,Sadalbari,22.833385,24.601579,32.5309,144.11,-43.44,15.3,3.51,0.949,M2III,0.933,28.209183,-8.893887,13.542862,0.00002312,0.00001654,0.00000029,5.977766089,0.429378558,6.98665E-07,-2.10603E-07,Mu,48,Peg,1,112389,,36.34126161,,,
79640,79882,146791,6075,GJ 3949,2Eps Oph,Yed Posterior,16.305358,-4.692511,32.6371,82.39,40.08,-7.7,3.23,0.661,G8III,0.966,-13.962311,-29.378579,-2.669978,0.00001492,0.00000102,0.00000696,4.268732739,-0.081899761,3.99438E-07,1.94313E-07,Eps,2,Oph,1,79640,,47.38053933,,,
37933,38041,63765,,,,Tapecue,7.797127,-54.264145,33.2557,147.22,-278.72,-1,8.1,5.491,G6IV/V,0.745,-8.804898,17.312575,-26.994249,-0.00000435,-0.0000438,-0.00002541,2.041283079,-0.947087991,7.13743E-07,-1.35127E-06,,,Car,1,37933,,0.554115119,,,
31601,31681,47105,2421,,24Gam Gem,Alhena,6.628528,16.399252,33.5121,-2.04,-66.92,-13,1.93,-0.696,A0IV,0.001,-5.266162,31.714389,9.461403,0.00000191,-0.0000095,-0.00001418,1.735344593,0.286220944,-9.8902E-09,-3.24437E-07,Gam,24,Gem,1,31601,,165.3484012,,,
63405,63608,113226,4932,,47Eps Vir,Vindemiatrix,13.036278,10.95915,33.6022,-275.05,19.96,-14,2.85,0.218,G8IIIvar,0.934,-31.782664,-8.840495,6.38806,0.00000213,0.0000471,0.00000047,3.412889543,0.191273257,-1.33348E-06,9.67688E-08,Eps,47,Vir,1,63405,,71.25248248,,,
15159,15197,20320,984,,13Zet Eri,Zibal,3.263896,-8.81973,33.6474,-3.82,45.52,-4,4.8,2.165,A5m,0.232,21.831836,25.077889,-5.15902,-0.00000144,-0.0000026,0.00000796,0.854485898,-0.153933325,-1.85199E-08,2.20687E-07,Zet,13,Eri,1,15159,,11.85768748,,,
21541,21594,29503,1481,GJ 9160A,53    Eri,Sceptrum,4.63634,-14.30402,33.6814,-77.86,-178.06,41.8,3.86,1.223,K1III,1.082,11.405856,30.579706,-8.321655,0.00002388,0.00002764,-0.00003873,1.21379108,-0.249652241,-3.77476E-07,-8.63259E-07,,53,Eri,1,21541,GJ 9160,28.23579369,,,
17055,17096,23079,,,,Tupi,3.661992,-52.915838,33.8868,-193.62,-91.92,0,7.12,4.47,F8/G0V,0.583,11.740637,16.723573,-27.033217,0.00001911,-0.00002813,-0.00000911,0.958707143,-0.923555598,-9.38696E-07,-4.45641E-07,,,Ret,1,17055,,1.419057522,,,
75466,75695,137909,5747,,3Bet CrB,Nusakan,15.463818,29.105703,34.2818,-181.39,86.84,-19,3.66,0.985,F0p,0.319,-18.45833,-23.589253,16.675351,-0.00000895,0.00003748,0.00000316,4.048418174,0.507990342,-8.79404E-07,4.21012E-07,Bet,3,CrB,1,75466,,35.15604405,Bet,3.683,3.653
30832,30905,45652,,,,Lusitânia,6.486997,10.933891,34.3525,206.14,-62.69,0,8.1,5.42,K5,0.846,-4.288647,33.455125,6.515853,-0.0000343,-0.0000024,-0.00001025,1.698291857,0.190832405,9.99395E-07,-3.0393E-07,,,Mon,1,30832,,0.591561634,,8.169,8.059
87314,87585,163588,6688,,32Xi  Dra,Grumium,17.892134,56.872643,34.5066,93.65,78.44,-26,3.73,1.04,K2III,1.177,-0.532395,-18.850278,28.897629,0.00001638,0.00002507,-0.0000151,4.684149846,0.99261487,4.54028E-07,3.80288E-07,Xi,32,Dra,1,87314,,33.419504,,,
37178,37284,63454,,,,Ceibo,7.656083,-78.278972,34.5423,-20.65,-39.69,0,9.37,6.678,K4V,1.006,-2.947922,6.367903,-33.822035,0.00000587,-0.00000445,-0.00000135,2.004357807,-1.366225801,-1.00114E-07,-1.92423E-07,,,Cha,1,37178,,0.18569491,,,
14632,14668,19476,941,,27Kap Per,Misam,3.158258,44.857544,34.5662,173.01,-142.05,29,3.79,1.097,K0III,0.98,16.593574,18.028979,24.381331,0.00000428,0.00004746,0.00000405,0.826830097,0.78291183,8.38776E-07,-6.88678E-07,Kap,27,Per,1,14632,,31.71027439,,,
75182,75411,137391,5733,GJ 3903A,51Mu 1Boo,Alkalurops,15.408181,37.377167,34.6861,-147.68,84.69,-8.6,4.31,1.609,F0V,0.309,-17.300377,-21.457918,21.056469,-0.00000952,0.00002776,0.00000598,4.033852235,0.652354624,-7.15973E-07,4.10589E-07,Mu-1,51,Boo,1,75182,GJ 3903,19.78791335,,,
45106,45238,80007,3685,,Bet Car,Miaplacidus,9.220041,-69.717208,34.6981,-157.66,108.91,-5,1.67,-1.032,A2IV,0.07,-8.980712,8.001552,-32.546536,0.00000613,0.00003005,0.00001115,2.413801173,-1.216794819,-7.64357E-07,5.28011E-07,Bet,,Car,1,45106,,225.3201336,,,
62925,63125,112413,4915,,12Alp2CVn,Cor Caroli,12.933807,38.31838,35.1989,-233.43,54.98,-3,2.89,0.157,A0spe...,-0.115,-26.795114,-6.684223,21.824384,-0.00000166,0.00004064,0.00000546,3.386062718,0.66878189,-1.1317E-06,2.66551E-07,Alp-2,12,CVn,1,62925,,75.37025767,Alp-2,2.943,2.863
5517,5529,7199,,,,Emiw,1.179757,-66.188164,35.2983,111.79,-123.84,0,8.06,5.321,K0IV/V,0.849,13.576752,4.332049,-32.293578,-0.00002428,0.00001233,-0.00000856,0.308859744,-1.155201388,5.41973E-07,-6.00393E-07,,,Tuc,1,5517,,0.648037294,,,
2241,2247,,,,,Felixvarela,0.476199,-16.226344,35.7015,-354.87,-228.26,0,9.62,6.857,K5V,1.128,34.013301,4.262471,-9.976163,-0.00000332,-0.00006231,-0.00003793,0.12466848,-0.28320313,-1.72046E-06,-1.10664E-06,,,Cet,1,2241,,0.157470788,,9.675,9.565
75187,75415,137392,5734,GJ 3904B,51Mu 2Boo,Alkalurops B,15.40858,37.3473,36.062,-140.95,84.97,-8.6,6.51,3.725,G1V,0.6,-17.991461,-22.319858,21.876782,-0.00000914,0.00002792,0.00000647,4.033956772,0.651833349,-6.83345E-07,4.11946E-07,Mu-2,51,Boo,2,75187,GJ 3904,2.818382931,,,
70532,70755,126868,5409,Gl 550.2A,105Phi Vir,Elgafar,14.470038,-2.227957,36.2582,-140.94,-2.92,-10.1,4.81,2.013,G2III,0.693,-28.915866,-21.829712,-1.409548,-0.00000667,0.000026,-0.00000011,3.78824718,-0.038885188,-6.83296E-07,-1.41566E-08,Phi,105,Vir,1,70532,Gl 550.2,13.63954868,,,
89860,90139,169414,6895,,109    Her,Tusizuo,18.394967,21.769752,36.4697,195.54,-242.92,-58,3.85,1.04,K2III,1.168,3.495833,-33.687362,13.525603,0.00003034,0.00004252,-0.00006188,4.815791066,0.37995385,9.48005E-07,-1.17771E-06,,109,Her,1,89860,,33.419504,,,
62921,63121,112412,4914,,12Alp1CVn,Cor Caroli B,12.933468,38.314912,36.9004,-203.89,88.34,-3,5.61,2.775,F0V,0.337,-28.092342,-7.005189,22.877614,0.00000302,0.00003834,0.0000105,3.385974004,0.668721373,-9.88487E-07,4.28284E-07,Alp-1,12,CVn,1,62921,,6.760829754,,,
19538,19587,26574,1298,,38Omi1Eri,Beid,4.197761,-6.837581,37.3134,11.92,81.28,11,4.04,1.181,F2II-III,0.327,16.838836,33.000244,-4.442368,0.00000395,0.00001249,0.00001326,1.098971298,-0.119338303,5.77898E-08,3.94057E-07,Omi-1,38,Eri,1,19538,,29.34945222,Omi-1,4.062,4.022
53905,54061,95689,4301,,50Alp UMa,Dubhe,11.062155,61.751033,37.679,-136.46,-35.25,-9,1.81,-1.07,F7V comp,1.061,-17.298705,4.33488,33.191332,0.00000478,0.0000245,-0.00001116,2.89606535,1.077758845,-6.61577E-07,-1.70897E-07,Alp,50,UMa,1,53905,,233.3458062,,,
65839,66047,117618,,,,Dofida,13.54043,-47.271363,37.9651,25.04,-124.63,0,7.17,4.273,G2V,0.603,-23.693773,-10.109418,-27.888234,0.00001731,0.00000237,-0.00001556,3.544876326,-0.825040922,1.21397E-07,-6.04223E-07,,,Cen,1,65839,,1.701374816,,,
48318,48455,85503,3905,,24Mu  Leo,Rasalas,9.879398,26.006951,38.0518,-216.29,-54.92,14,3.88,0.978,K0III,1.222,-29.062466,18.02588,16.685015,0.00000632,0.00004303,-0.00000283,2.586420249,0.453906931,-1.0486E-06,-2.6626E-07,Mu,24,Leo,1,48318,,35.38343568,,,
60457,60644,108147,,,,Tupã,12.429557,-64.022088,38.0807,-181.6,-60.8,0,6.99,4.086,F8/G0V,0.537,-16.574938,-1.871712,-34.233139,0.00000626,0.00003444,-0.00000492,3.254050355,-1.117396225,-8.80422E-07,-2.94767E-07,,,Cru,1,60457,,2.021156767,,,
26315,26380,38283,,,,Bubup,5.617169,-73.699343,38.3142,138.79,-107.29,0,6.69,3.773,WN...,0.584,1.075847,10.699992,-36.774049,-0.00002756,-0.00001645,-0.00000559,1.470571479,-1.286296186,6.72873E-07,-5.20157E-07,,,Men,1,26315,,2.696497364,,,
93819,94114,178253,7254,,Alp CrA,Meridiana,19.157869,-37.904474,38.432,85.73,-96.65,-18,4.11,1.187,A0/A1V,0.042,9.052029,-28.941534,-23.610478,0.00000761,0.00002919,-0.0000029,5.015518362,-0.661557879,4.15631E-07,-4.68572E-07,Alp,,CrA,1,93819,,29.18770848,,,
86991,87261,161892,6630,,,Fuyue,17.830965,-37.043304,38.5802,42.09,27.77,25,3.19,0.258,K0/K1III,1.192,-1.362278,-30.763993,-23.24156,0.00000682,-0.00002386,-0.00001126,4.668135844,-0.646527612,2.04058E-07,1.34633E-07,,,Sco,1,86991,,68.67521061,,,
76118,76351,137388,,,,Karaka,15.594462,-80.204587,39.2311,-47.57,44.04,0,8.71,5.742,K0/K1V,0.891,-3.930997,-5.39398,-38.659171,-0.00001217,-0.00000134,0.00000142,4.082620671,-1.399834114,-2.30626E-07,2.13512E-07,,,Aps,1,76118,,0.439744078,,8.764,8.644
42990,43109,74874,3482,,11Eps Hya,Ashlesha,8.779587,6.418809,39.6354,-231.04,-40.17,36,3.38,0.39,G0III-IV,0.685,-26.198413,29.410867,4.431082,0.00000824,0.00005749,-0.00000355,2.298490371,0.112029355,-1.12011E-06,-1.9475E-07,Eps,11,Hya,1,42990,,60.81350013,Eps,3.39,3.37
57119,57291,102117,,,,Uklun,11.74736,-58.703709,39.6983,-63.05,-69.87,0,7.47,4.476,G6V,0.721,-20.576736,1.363005,-33.921898,0.00001227,0.00001135,-0.00000698,3.075451621,-1.024573013,-3.05675E-07,-3.38739E-07,,,Cen,1,57119,,1.411237148,,,
50440,50583,89484,4057,,41Gam1Leo,Algieba,10.332873,19.841489,39.8883,310.77,-152.88,-37,2.01,-0.994,K0III,1.128,-34.002797,15.860719,13.53874,-0.00000224,-0.00006526,-0.00004065,2.705139837,0.346299306,1.50666E-06,-7.41183E-07,Gam-1,41,Leo,1,50440,,217.5704951,,,
47373,47508,83808,3852,,14Omi Leo,Subra,9.685843,9.892308,39.9521,-143.67,-37.45,27,3.52,0.512,A5V+...,0.516,-32.353394,22.412883,6.863686,-0.00000754,0.00003907,-0.0000024,2.535747709,0.172653344,-6.96532E-07,-1.81563E-07,Omi,14,Leo,1,47373,,54.35005651,,,
42792,42911,74442,3461,,47Del Cnc,Asellus Australis,8.74475,18.154309,40.032,-17.1,-228.46,17,3.94,0.928,K0III,1.083,-25.041776,28.63397,12.473108,-0.00001747,0.00002502,-0.00003671,2.289370201,0.316852459,-8.29031E-08,-1.10761E-06,Del,47,Cnc,1,42792,,37.05100563,,,
72380,72607,131873,5563,,7Bet UMi,Kochab,14.845105,74.155505,40.1445,-32.29,11.91,17,2.07,-0.948,K4IIIvar,1.465,-8.058164,-7.429707,38.619407,-0.00000611,0.00000291,0.00001736,3.88643929,1.294257717,-1.56546E-07,5.77413E-08,Bet,7,UMi,1,72380,,208.5451048,,,
113603,113963,218045,8781,,54Alp Peg,Markab,23.079348,15.205264,40.8831,61.1,-42.56,-4,2.49,-0.568,B9.5III,-0.002,38.311434,-9.417123,10.722722,0.00000121,0.00001217,-0.00000921,6.042159146,0.265381927,2.96221E-07,-2.06337E-07,Alp,54,Peg,1,113603,,146.9602899,,,
25364,25428,35497,1791,,112Bet Tau,Elnath,5.438198,28.60745,41.0509,23.28,-174.22,9,1.65,-1.417,B7III,-0.13,5.281578,35.6504,19.655456,-0.00000097,0.00002509,-0.00002603,1.423716809,0.499294192,1.12865E-07,-8.44642E-07,Bet,112,Tau,1,25364,,321.2180934,,,
88141,88414,164604,,,,Pincoya,18.051927,-28.560643,41.0678,-32.48,-38.34,0,9.62,6.552,K2,1.396,0.490331,-36.066992,-19.63405,-0.00000652,0.00000356,-0.0000067,4.725983349,-0.498477262,-1.57467E-07,-1.85878E-07,,,Sgr,1,88141,,0.208545105,,,
94999,95294,181623,7343,,Bet2Sgr,Arkab Posterior,19.386976,-44.799778,41.1353,92.78,-53.73,19,4.27,1.199,F2III,0.35,10.367344,-27.285432,-28.985346,0.00001951,0.00000074,-0.00002129,5.075498521,-0.781903637,4.4981E-07,-2.6049E-07,Bet-2,,Sgr,1,94999,,28.86689018,,,
47069,47202,83443,,,,Kalausi,9.619951,-43.272205,41.1692,22.35,-120.76,27.8,8.23,5.157,K0V,0.811,-24.34255,17.492359,-28.220225,-0.000006,-0.00000118,-0.00003704,2.518497248,-0.755242456,1.08356E-07,-5.85461E-07,,,Vel,1,47069,,0.753702577,,,
5044,5054,6434,,GJ 9037,,Nenque,1.077828,-39.488217,41.3736,-168.97,-527.71,22.4,7.72,4.636,G3IV,0.613,30.667693,8.890809,-26.310407,-0.00003822,-0.00004637,-0.00009625,0.282174668,-0.689199409,-8.1919E-07,-2.55841E-06,,,Phe,1,5044,,1.217867385,,,
13667,13701,18322,874,,3Eta Eri,Azha,2.940458,-8.898144,41.8585,77.73,-219.99,-20,3.89,0.781,K1III-IV,1.088,29.694338,28.782724,-6.474577,-0.00003045,-0.00000754,-0.00004094,0.769810125,-0.155301917,3.76846E-07,-1.06654E-06,Eta,3,Eri,1,13667,,42.42286549,,,
50230,50372,89021,4033,,33Lam UMa,Tania Borealis,10.284952,42.914365,42.1585,-170.11,-42.64,18,3.45,0.326,A2IV,0.029,-27.815454,13.402145,28.706022,-0.0000024,0.00003975,0.00000615,2.692594169,0.748996963,-8.24717E-07,-2.06725E-07,Lam,33,UMa,1,50230,,64.50598333,,,
80571,80816,148856,6148,,27Bet Her,Kornephoros,16.503668,21.489613,42.6621,-98.43,-14.49,-26,2.78,-0.37,G8III,0.947,-15.155861,-36.689058,15.62843,-0.00000979,0.00002963,-0.00001253,4.320650131,0.375064505,-4.77202E-07,-7.02495E-08,Bet,27,Her,1,80571,,122.4616199,,,
89726,90004,168746,,,,Alasia,18.363829,-11.922683,42.735,-22.13,-69.23,0,7.95,4.796,G5,0.713,3.976682,-41.623556,-8.82869,-0.00000485,0.00000251,-0.00001403,4.807639114,-0.208090079,-1.07289E-07,-3.35637E-07,,,Ser,1,89726,,1.050993427,,,
7574,7588,10144,472,,Alp Eri,Achernar,1.628556,-57.236757,42.7533,88.02,-40.08,16,0.45,-2.705,B3Vp,-0.158,21.065573,9.568417,-35.951967,-0.00000584,0.00001738,-0.00001826,0.426355066,-0.998969869,4.26733E-07,-1.94313E-07,Alp,,Eri,1,7574,,1051.961874,Alp,0.487,0.427
89906,90185,169022,6879,,20Eps Sgr,Kaus Australis,18.402868,-34.384616,43.9367,-39.61,-124.05,-15,1.79,-1.424,B9.5III,-0.031,3.817188,-36.057831,-24.812975,-0.00001129,0.00002654,-0.00001314,4.817859453,-0.600124762,-1.92035E-07,-6.01411E-07,Eps,20,Sgr,1,89906,,323.2957534,,,
32829,32916,49674,,,,Nervia,6.858475,40.867756,44.2282,34.96,-122.85,0,8.1,4.872,G0,0.729,-7.453896,32.605159,28.93919,-0.00001115,0.00001513,-0.00001992,1.795544539,0.713276906,1.69491E-07,-5.95594E-07,,,Aur,1,32829,,0.979941161,,,
6629,6643,8574,,,,Bélénos,1.420138,28.566693,44.5633,252.59,-158.59,0,7.12,3.875,F8,0.577,36.464195,14.218374,21.309341,-0.00000456,0.00005679,-0.00003009,0.371791224,0.498582853,1.22459E-06,-7.68866E-07,,,Psc,1,6629,,2.454708916,,,
61166,61359,109379,4786,,9Bet Crv,Kraz,12.573121,-23.396759,44.6628,0.86,-56,-8,2.65,-0.6,G5II,0.893,-40.529889,-6.127261,-17.73539,0.00001221,0.00000166,-0.00000788,3.2916353,-0.408350481,4.1694E-09,-2.71496E-07,Bet,9,Crv,1,61166,,151.3561248,,,
20837,20889,28305,1409,,74Eps Tau,Ain,4.476943,19.180431,44.964,107.23,-36.77,39,3.53,0.266,K0III,1.014,16.488448,39.136798,14.772771,-0.00000589,0.00004622,0.00000553,1.17206101,0.334761681,5.19866E-07,-1.78266E-07,Eps,74,Tau,1,20837,,68.17105263,,,
108030,108375,208487,,,,Itonda,21.955509,-37.763621,45.8505,101.45,-117.99,0,7.47,4.163,G2V:,0.568,31.177482,-18.487777,-28.079086,-0.00000231,0.00002759,-0.00002073,5.747938784,-0.659099531,4.91843E-07,-5.72032E-07,,,Gru,1,108030,,1.882781837,,,
20842,20894,28319,1412,,78The2Tau,Chamukuy,4.477705,15.870883,46.1042,108.66,-26.39,40,3.4,0.081,A7III,0.179,17.209733,40.871602,12.608233,-0.00000649,0.00004718,0.00000551,1.172260446,0.276999157,5.26799E-07,-1.27942E-07,The-2,78,Tau,1,20842,,80.83510374,The-2,3.411,3.391
9467,9487,12446,595,,113Alp Psc,Alrescha,2.034117,2.763759,46.1681,33.29,-0.42,9,3.82,0.498,A2,0.024,39.728779,23.413015,2.226137,0.00000414,0.00001109,0.00000035,0.532530499,0.048236702,1.61394E-07,-2.03622E-09,Alp,113,Psc,1,9467,,55.05540985,Alp,3.832,3.812
15539,15578,20868,,,,Intan,3.345183,-33.730104,46.2107,293.78,95.99,0,9.92,6.596,K3/K4IV,1.037,24.611899,29.516952,-25.659946,-0.0000429,0.00005132,0.00001788,0.875766918,-0.588701368,1.42429E-06,4.65373E-07,,,For,1,15539,,0.200262669,,9.973,9.843
59621,59803,106625,4662,,4Gam Crv,Gienah,12.263437,-17.541929,47.1032,-159.58,22.31,-4,2.58,-0.785,B8III,-0.107,-44.805937,-3.095058,-14.197066,-0.00000015,0.00003652,0.00000609,3.210560407,-0.306164426,-7.73666E-07,1.08162E-07,Gam,4,Crv,1,59621,,179.4733627,,,
87561,87833,164058,6705,,33Gam Dra,Eltanin,17.943437,51.488895,47.3037,-8.52,-23.05,-28,2.24,-1.134,K5III,1.521,-0.436154,-29.451035,37.014357,-0.00000175,0.00001372,-0.0000257,4.697580792,0.898650744,-4.13061E-08,-1.1175E-07,Gam,33,Dra,1,87561,,247.5141318,,,
92654,92946,175638,7141,,63The1Ser,Alya,18.936995,4.203595,47.4158,37.69,26.98,-46,4.62,1.24,A5V,0.161,11.483943,-45.872196,3.475585,-0.0000031,0.00004806,0.00000274,4.957693715,0.073366575,1.82726E-07,1.30803E-07,The-1,63,Ser,1,92654,,27.79713268,,4.694,4.394
76997,77233,141003,5867,,28Bet Ser,Zhou,15.769793,15.421826,47.5511,68.54,-41.31,-1,3.65,0.264,A3V,0.073,-25.268927,-38.245168,12.644945,0.00001233,-0.00001,-0.00000945,4.128522153,0.269161633,3.32291E-07,-2.00277E-07,Bet,28,Ser,1,76997,,68.29674408,,,
20405,20455,27697,1373,,61Del1Tau,Secunda Hyadum,4.382247,17.542514,47.7099,107.75,-28.84,39,3.77,0.377,G8III,0.983,18.695965,41.472036,14.380508,-0.00000626,0.00004675,0.00000566,1.147269651,0.306174631,5.22387E-07,-1.3982E-07,Del-1,61,Tau,1,20405,,61.54602374,,,
106642,106985,206088,8278,GJ 4209,40Gam Cap,Nashira,21.668181,-16.662308,48.1464,187.39,-22.33,-31.2,3.69,0.277,A7III:mp...,0.32,37.793496,-26.44095,-13.804954,-0.0000012,0.00005422,0.00000416,5.672716509,-0.290812129,9.08492E-07,-1.08259E-07,Gam,40,Cap,1,106642,,67.48387309,Gam,3.694,3.684
104442,104780,,,,,Solaris,21.226663,14.689387,48.3559,236.44,1.2,0,9.78,6.358,K5,1.611,34.978517,-31.055419,12.26203,0.00003675,0.00004149,0.00000027,5.55712739,0.256378172,1.14629E-06,5.81776E-09,,,Peg,1,104442,,0.249344619,,,
53584,53740,95272,4287,,7Alp Crt,Alkes,10.996244,-18.298783,48.8043,-462.39,129.11,47,4.08,0.638,K1III,1.079,-44.746057,12.036889,-15.32333,-0.00002492,0.00011999,0.00001391,2.87880999,-0.319374019,-2.24173E-06,6.25943E-07,Alp,7,Crt,1,53584,,48.39494493,,,
30788,30860,45350,,,,Lucilinburhuc,6.479366,38.962963,48.8759,-43.8,-53.45,0,7.89,4.445,G5,0.74,-4.756834,37.704707,30.734041,0.0000093,0.0000092,-0.00000985,1.696294048,0.680031991,-2.12348E-07,-2.59133E-07,,,Aur,1,30788,,1.452111618,,,
72261,72487,130945,5533,,38    Boo,Merga,14.821853,46.116205,48.9956,-7.35,-77.32,-5,5.76,2.309,F7IVw,0.482,-25.109461,-22.870123,35.313409,-0.00000834,-0.00000524,-0.00001642,3.880352062,0.804879622,-3.56338E-08,-3.74858E-07,,38,Boo,1,72261,,10.38484455,,,
25542,25606,36079,1829,,9Bet Lep,Nihal,5.470756,-20.759441,49.1642,-5.03,-85.92,-14,2.81,-0.648,G5II,0.807,6.349344,45.531613,-17.425966,-0.00000166,-0.00002061,-0.00001407,1.432240699,-0.362320595,-2.43861E-08,-4.16552E-07,Bet,9,Lep,1,25542,,158.1976399,,,
112776,113136,216627,8709,,76Del Aqr,Skat,22.910837,-15.82082,49.2368,-44.08,-24.81,18,3.27,-0.191,A3V,0.066,45.459019,-13.325406,-13.423467,0.00001249,-0.00001462,-0.00001072,5.998043116,-0.276125402,-2.13706E-07,-1.20282E-07,Del,76,Aqr,1,112776,,103.8484455,,,
13813,13847,18622,897,,The1Eri,Acamar,2.971023,-40.304672,49.4315,-53.53,25.71,12,2.88,-0.59,A4III+...,0.128,26.85749,26.453029,-31.974932,0.00001851,0.00000023,-0.00000324,0.777812118,-0.703449236,-2.59521E-07,1.24646E-07,The-1,,Eri,1,13813,,149.9684836,,,
20155,20205,27371,1346,,54Gam Tau,Prima Hyadum,4.329889,15.627642,49.5295,115.29,-23.86,39,3.65,0.176,G8III,0.981,20.197375,43.211662,13.342572,-0.00000816,0.00004792,0.00000523,1.133562341,0.272753812,5.58942E-07,-1.15677E-07,Gam,54,Tau,1,20155,,74.06277837,,,
83290,83547,153950,,,,Rapeto,17.075235,-43.30977,49.5295,111.41,-141.49,30.7,7.39,3.916,G2IV-V,0.565,-8.640486,-34.989554,-33.974575,0.00002608,-0.00000597,-0.00004626,4.470286151,-0.755898081,5.40131E-07,-6.85963E-07,,,Sco,1,83290,,2.363741608,,,
19730,19780,27256,1336,,Alp Ret,Rhombus,4.240404,-62.473858,49.554,41.64,49.72,36,3.33,-0.145,G7III,0.915,10.180685,20.514413,-43.944776,0.00000331,0.00002918,-0.00002713,1.110135242,-1.090374518,2.01876E-07,2.41049E-07,Alp,,Ret,1,19730,,99.54054174,,,
36087,36188,58715,2845,,3Bet CMi,Gomeisa,7.452512,8.289315,49.5786,-50.28,-38.45,22,2.89,-0.586,B8Vvar,-0.097,-18.209817,45.556204,7.147858,0.00000246,0.0000264,-0.0000059,1.951063059,0.144675847,-2.43764E-07,-1.86411E-07,Bet,3,CMi,1,36087,,149.4169957,Bet,2.896,2.876
114887,115250,220061,8880,,62Tau Peg,Salm,23.343956,23.740337,49.5786,30.48,-9.14,16,4.58,1.104,A5V,0.18,44.715629,-7.756411,19.960021,0.00001688,0.00000451,0.00000458,6.111433335,0.414347045,1.47771E-07,-4.4312E-08,Tau,62,Peg,1,114887,,31.50648833,Tau,4.598,4.558
56403,56572,100777,,,,Sagarmatha,11.597645,-4.755697,49.6032,-10.39,33.45,0,8.42,4.942,K0,0.76,-49.158438,5.1974,-4.112467,-0.0000004,0.00000255,0.00000802,3.03625646,-0.083002572,-5.03721E-08,1.6217E-07,,,Leo,1,56403,,0.918755602,,,
55498,55664,99109,,,,Shama,11.404822,-1.529076,49.9251,-179.71,-160.61,0,9.1,5.608,K0,0.874,-49.302696,7.744997,-1.332214,0.00000777,0.00004281,-0.00003886,2.985775329,-0.026687414,-8.71259E-07,-7.78659E-07,,,Leo,1,55498,,0.497507921,,,
76100,76333,138905,5787,GJ 3912,38Gam Lib,Zubenelhakrabi,15.592105,-14.789537,50.025,65.67,6.93,-28.2,3.91,0.414,K0III,1.007,-28.510476,-39.071229,-12.769777,0.00002905,0.00001279,0.00000899,4.082003513,-0.258126111,3.18377E-07,3.35976E-08,Gam,38,Lib,1,76100,,59.48397741,,,
110049,110395,212061,8518,GJ 9779,48Gam Aqr,Sadachbia,22.360938,-1.387331,50.2008,129.24,8.9,-25.6,3.86,0.356,A0V,-0.057,45.635919,-20.880207,-1.215412,-0.00001067,0.00003947,0.0000028,5.854079765,-0.024213502,6.26573E-07,4.31484E-08,Gam,48,Aqr,1,110049,,62.7480162,,,
8813,8832,11502,546,,5Gam2Ari,Mesarthim,1.89217,19.293852,50.3018,79.43,-99.1,-1,3.88,0.372,A1p Si,-0.047,41.769649,22.568336,16.620371,-0.00000303,0.00002038,-0.00002315,0.495368913,0.336741238,3.85088E-07,-4.8045E-07,Gam-2,5,Ari,1,8813,,61.83010728,Gam,3.892,3.872
96858,97165,186882,7528,,18Del Cyg,Fawaris,19.749574,45.13081,50.5817,43.22,48.44,-20,2.86,-0.66,B9.5III,-0.002,15.779435,-32.006459,35.8481,-0.0000006,0.00002518,-0.00000612,5.170426442,0.787681222,2.09536E-07,2.34844E-07,Del,18,Cyg,1,96858,,159.9558029,,,
54718,54879,97633,4359,,70The Leo,Chertan,11.237335,15.42957,50.6073,-59.01,-79.37,8,3.33,-0.191,A2V,-0.003,-47.814213,9.675761,13.464276,-0.00000994,0.00001678,-0.00001659,2.941927453,0.269296801,-2.86089E-07,-3.84797E-07,The,70,Leo,1,54718,,103.8484455,,,
28309,28380,40312,2095,,37The Aur,Mahasim,5.995351,37.212585,50.7614,42.09,-73.61,30,2.65,-0.878,A0p Si,-0.083,0.049188,40.426416,30.69934,-0.00001031,0.0000354,0.00000413,1.569579154,0.649482133,2.04058E-07,-3.56871E-07,The,37,Aur,1,28309,,195.523967,The,2.66,2.63
13176,13209,17573,838,,41    Ari,Bharani,2.833063,27.260507,50.7872,65.47,-116.59,4,3.61,0.081,B8Vn,-0.1,33.287607,30.498162,23.26243,0.00000149,0.00002322,-0.00002364,0.741694212,0.475785603,3.17408E-07,-5.65244E-07,,41,Ari,1,13176,,80.83510374,,,
37159,37265,61110,2930,,71Omi Gem,Jishui,7.65276,34.584346,50.9944,-35.97,-118.03,7,4.89,1.352,F3III,0.413,-17.604251,38.11415,28.945417,-0.00000134,0.00002411,-0.00001996,2.003487836,0.603610706,-1.74387E-07,-5.72226E-07,Omi,71,Gem,1,37159,,25.07263625,,,
116439,116805,222439,8976,,19Kap And,Kaffalmusalsala,23.673469,44.333932,51.6262,81.33,-18.96,-9,4.15,0.586,B9IVn,-0.071,36.792238,-3.152838,36.078346,-0.00000152,0.00002056,-0.00000983,6.197699743,0.773773077,3.94299E-07,-9.19207E-08,Kap,19,And,1,116439,,50.76916259,,,
92659,92951,175639,7142,,63The2Ser,Alya B,18.937401,4.202132,51.9481,52.42,31.17,-53,4.98,1.402,A5Vn,0.204,12.587009,-50.255684,3.806479,-0.00000047,0.0000562,0.00000386,4.95779997,0.073341047,2.54139E-07,1.51116E-07,The-2,63,Ser,1,92659,,23.94418173,,,
14802,14838,19787,951,,57Del Ari,Botein,3.193822,19.726677,52.0291,154.61,-8.39,25,4.35,0.769,K2IIIvar,1.033,32.830084,36.343153,17.561644,-0.00001233,0.00004453,0.00000664,0.836140688,0.34429547,7.4957E-07,-4.06759E-08,Del,57,Ari,1,14802,,42.894341,,,
115258,115623,220657,8905,,68Ups Peg,Alkarab,23.422993,23.404101,52.2466,193.12,36.47,-11,4.42,0.83,F8IV,0.617,47.401961,-7.215479,20.75302,-0.00000647,0.00005046,0.00000401,6.132125166,0.408478621,9.36272E-07,1.76812E-07,Ups,68,Peg,1,115258,,40.55085354,,,
79352,79593,146051,6056,,1Del Oph,Yed Prior,16.239094,-3.694323,52.4659,-45.83,-142.91,-20,2.73,-0.869,M1III,1.584,-23.290749,-46.890988,-3.380547,-0.00000032,0.00002556,-0.00003495,4.251384942,-0.064478098,-2.2219E-07,-6.92847E-07,Del,1,Oph,1,79352,,193.9099079,,,
13028,13061,17361,824,,39    Ari,Lilii Borea,2.79848,29.247118,52.6039,148.42,-125.76,-15,4.52,0.915,K1III,1.112,34.120953,30.698125,25.701009,-0.00002362,0.00002966,-0.00003548,0.732640352,0.510458508,7.1956E-07,-6.09702E-07,,39,Ari,1,13028,,37.49730022,,,
85560,85822,166205,6789,,23Del UMi,Yildun,17.536918,86.58646,52.7704,10.54,53.97,-8,4.35,0.738,A1Vn,0.021,-0.379972,-3.119005,52.676703,0.0000044,0.00001384,-0.00000735,4.591154283,1.511218819,5.10994E-08,2.61654E-07,Del,23,UMi,1,85560,,44.13671435,,,
80637,80883,148857,6149,,10Lam Oph,Marfik,16.515229,1.983923,53.0786,-31.37,-73,-14,3.82,0.195,A2V,0.022,-20.104527,-49.089266,1.837527,-0.00000229,0.0000157,-0.00001927,4.323676728,0.03462599,-1.52086E-07,-3.53914E-07,Lam,10,Oph,1,80637,,72.77798045,,,
5725,5737,7344,361,,86Zet Psc,Revati,1.228857,7.575354,53.3049,141.66,-55.62,9,5.21,1.576,A7IV,0.32,50.128801,16.707567,7.027196,-0.00000112,0.00003821,-0.00001303,0.321713994,0.132214865,6.86787E-07,-2.69653E-07,Zet,86,Psc,1,5725,,20.398583,,5.256,5.036
111768,112122,214952,8636,,Bet Gru,Tiaki,22.711115,-46.884577,54.2594,135.68,-4.51,2,2.07,-1.602,M5III,1.61,34.993484,-12.277259,-39.608199,0.00001232,0.0000335,-0.0000023,5.945755998,-0.818290234,6.57795E-07,-2.18651E-08,Bet,,Gru,1,111768,,380.8903765,,2.191,1.971
7593,7607,9927,464,,51    And,Nembus,1.633205,48.628213,54.3183,60.9,-112.42,16,3.59,-0.085,K3III,1.275,32.669331,14.886999,40.762548,0.00002341,0.00002829,-0.00000729,0.427572059,0.848722428,2.95252E-07,-5.45028E-07,,51,And,1,7593,,94.18895965,,,
40572,40687,68988,,,,Násti,8.306136,61.460722,54.5256,128.33,31.73,0,8.2,4.517,G0,0.652,-14.7896,21.444841,47.900183,-0.00002374,-0.00002532,0.00000401,2.174541433,1.072691957,6.22161E-07,1.53831E-07,,,UMa,1,40572,,1.358939117,,,
106444,106786,205767,8264,,23Xi  Aqr,Bunda,21.629197,-7.854201,54.7645,114.29,-24.44,-21,4.68,0.988,A7V,0.175,44.13209,-31.551274,-7.483694,-0.00000038,0.00003757,-0.00000349,5.662510489,-0.137081676,5.54094E-07,-1.18488E-07,Xi,23,Aqr,1,106444,,35.05903839,,,
84529,84787,156411,,,,Inquill,17.330947,-48.549319,54.7945,-35.37,-209.84,0,6.67,2.976,G1Vw...,0.614,-6.321012,-35.717587,-41.069892,-0.00000197,0.00004278,-0.0000369,4.537231346,-0.847345464,-1.71479E-07,-1.01733E-06,,,Ara,1,84529,,5.618236281,,,
100425,100751,193924,7790,,Alp Pav,Peacock,20.427459,-56.73509,54.8246,7.71,-86.15,2,1.94,-1.755,B2IV,-0.118,17.850262,-24.200974,-45.841245,-0.00000905,0.00001572,-0.00001427,5.347896379,-0.990214122,3.73791E-08,-4.17667E-07,Alp,,Pav,1,100425,,438.5306978,,,
41586,41704,71369,3323,,1Omi UMa,Muscida,8.504431,60.718169,54.9149,-134.31,-107.73,20,3.35,-0.348,G4II-III,0.856,-16.37548,21.290022,47.898272,0.00000699,0.00004956,0.00000381,2.226454841,1.059731968,-6.51153E-07,-5.2229E-07,Omi,1,UMa,1,41586,,120.005182,,,
46259,46390,81797,3748,,30Alp Hya,Alphard,9.45979,-8.658603,55.2792,-14.49,33.25,-4,1.99,-1.723,K3III,1.44,-43.003468,33.722848,-8.322089,0.00000452,0.00000139,0.00000942,2.47656718,-0.151121122,-7.02495E-08,1.61201E-07,Alp,30,Hya,1,46259,,425.7944536,,,
115718,116084,221287,,,,Poerava,23.52229,-58.209733,55.2792,181.4,-5.59,0,7.82,4.107,F7V,0.513,28.894288,-3.632398,-46.986336,0.0000048,0.00004839,-0.00000079,6.158121102,-1.015951491,8.79452E-07,-2.71011E-08,,,Tuc,1,115718,,1.982439763,,,
42687,42806,74198,3449,,43Gam Cnc,Asellus Borealis,8.721431,21.468501,55.5556,-106.94,-39.25,29,4.66,0.936,A1IV,0.01,-33.797361,39.125009,20.33287,0.00000122,0.00004264,0.00000102,2.283265228,0.374696022,-5.1846E-07,-1.90289E-07,Gam,43,Cnc,1,42687,,36.77900704,,,
95052,95347,181869,7348,,Alp Sgr,Rukbat,19.398103,-40.61594,55.7414,32.67,-120.81,-1,3.96,0.229,B8V,-0.105,15.143928,-39.50987,-36.286833,0.00000036,0.00002373,-0.00002411,5.078411456,-0.708881879,1.58389E-07,-5.85703E-07,Alp,,Sgr,1,95052,,70.53424143,,,
97627,97938,188310,7595,,59Xi  Aql,Libertas,19.904134,8.461453,56.2746,101.43,-81.28,-42,4.71,0.958,K0III,1.023,26.612383,-48.887669,8.280414,0.00000555,0.00004768,-0.00002825,5.210889981,0.147680209,4.91747E-07,-3.94057E-07,Xi,59,Aql,1,97627,,36.04126286,,,
29477,29550,43197,,,,Amadioha,6.226569,-29.897269,56.3063,148.18,13.97,0,8.98,5.227,G8/K0IV/V,0.817,-2.893727,48.727238,-28.065674,-0.00004049,-0.0000005,0.00000331,1.63011194,-0.521805785,7.18397E-07,6.77285E-08,,,CMa,1,29477,,0.7066429,,,
57226,57399,102224,4518,,63Chi UMa,Taiyangshou,11.767515,47.779406,56.3063,-138.38,28.37,-9,3.69,-0.063,K0III,1.181,-37.766969,2.301619,41.698309,0.0000142,0.00003698,-0.00000161,3.080728174,0.833907947,-6.70885E-07,1.37542E-07,Chi,63,UMa,1,57226,,92.29963848,,,
74556,74785,135742,5685,,27Bet Lib,Zubeneschamali,15.283449,-9.382917,56.7537,-96.39,-20.76,-35,2.61,-1.16,B8V,-0.071,-36.549398,-42.420251,-9.252607,0.00000357,0.00004477,0.0000002,4.001197527,-0.163762802,-4.67312E-07,-1.00647E-07,Bet,27,Lib,1,74556,,253.512863,,,
69751,69974,125337,5359,,100Lam Vir,Khambalia,14.318498,-13.371095,57.1755,-17.12,29.39,-11,4.52,0.734,A1V,0.128,-45.689342,-31.728277,-13.222219,0.00000474,0.00000907,0.00001053,3.748573937,-0.23336963,-8.30001E-08,1.42487E-07,Lam,100,Vir,1,69751,,44.29961991,,,
13254,13288,17824,850,,2Tau2Eri,Angetenar,2.850645,-21.004019,57.3066,-39,-16.63,-9,4.76,0.969,K0III,0.906,39.279245,36.32166,-20.540573,-0.00000017,-0.00001491,-0.00000101,0.746297199,-0.366589292,-1.89077E-07,-8.06245E-08,Tau-2,2,Eri,1,13254,,35.67795883,,,
109657,110003,211391,8499,,43The Aqr,Ancha,22.280565,-7.78329,57.4713,118.95,-21.91,-15,4.17,0.373,G8III-IV,0.979,51.269356,-24.775209,-7.783126,-0.00000001,0.00003681,-0.00000397,5.833038396,-0.135844042,5.76686E-07,-1.06223E-07,The,43,Aqr,1,109657,,61.77318586,,,
43939,44066,76756,3572,,65Alp Cnc,Acubens,8.974784,11.857701,57.7367,41.45,-29.22,-14,4.26,0.453,A5m,0.141,-39.690103,40.217629,11.863811,0.0000004,-0.00001693,-0.00001095,2.349592861,0.206955922,2.00955E-07,-1.41663E-07,Alp,65,Cnc,1,43939,,57.38521327,,,
12159,12191,16175,,,,Buna,2.6172,42.062633,57.8704,-38.74,-39.91,0,7.28,3.468,G0,0.656,33.267021,27.188006,38.769845,0.00001269,-0.00000367,-0.00000831,0.685181271,0.734131438,-1.87817E-07,-1.93489E-07,,,And,1,12159,,3.571083458,,,
3685,3693,4502,215,,34Zet And,Shimu,0.788981,24.267178,58.0046,-101.23,-81.89,-24,4.08,0.263,K1II,1.1,51.755023,10.844894,23.839349,-0.0000068,-0.00003051,-0.00003108,0.206554708,0.423542155,-4.90777E-07,-3.97014E-07,Zet,34,And,1,3685,,68.35967668,Zet,4.112,4.042
94967,95262,181720,,,,Sika,19.381382,-32.919054,58.072,89.37,-415.97,-53,7.84,4.02,G1V,0.599,17.247552,-45.594321,-31.559182,-0.00001508,0.00011098,-0.00006884,5.074033986,-0.574545882,4.33278E-07,-2.01668E-06,,,Sgr,1,94967,,2.147830474,,,
104649,104987,202447,8131,,8Alp Equ,Kitalpha,21.263731,5.247845,58.3431,59.63,-94.33,-16,3.92,0.09,G0III+...,0.549,43.818116,-38.149671,5.336289,0.00000063,0.00002182,-0.00002806,5.566831744,0.091592166,2.89094E-07,-4.57325E-07,Alp,8,Equ,1,104649,,80.16780634,,,
80443,80687,148427,,,,Timir,16.474487,-13.39964,59.0319,-37.09,1.45,0,6.89,3.035,K0III/IV,0.95,-22.329431,-52.905718,-13.680158,-0.00000982,0.00000404,0.0000004,4.313010514,-0.233867837,-1.79817E-07,7.0298E-09,,,Oph,1,80443,,5.321082593,,,
113521,113881,217906,8775,,53Bet Peg,Scheat,23.062901,28.082789,60.0962,187.76,137.61,9,2.44,-1.454,M2II-IIIvar,1.655,51.433435,-12.877612,28.290136,0.00000286,0.00005567,0.0000397,6.037853304,0.490137132,9.10286E-07,6.67152E-07,Bet,53,Peg,1,113521,,332.3533036,Bet,2.584,2.384
5436,5447,6860,337,Gl 53.3,43Bet And,Mirach,1.162194,35.620558,60.5327,175.59,-112.23,-0.8,2.07,-1.84,M0IIIvar,1.576,46.946371,14.741814,35.255129,0.00000223,0.00005471,-0.00002725,0.304261793,0.621696012,8.51284E-07,-5.44106E-07,Bet,43,And,1,5436,,474.2419853,,,
62890,63090,112300,4910,,43Del Vir,Minelauva,12.926725,3.39747,60.8273,-471.44,-52.81,-18,3.39,-0.53,M3III,1.571,-58.94191,-14.587593,3.604756,-0.00001646,0.00013914,-0.00001664,3.384208561,0.059297042,-2.28561E-06,-2.5603E-07,Del,43,Vir,1,62890,,141.9057522,,,
109784,110130,211416,8502,,Alp Tuc,Lang-Exster,22.308371,-60.259587,61.237,-71.48,-38.15,42,2.87,-1.065,K3III,1.39,27.447381,-13.018072,-53.171301,0.00000127,-0.00002409,-0.00004291,5.840317929,-1.051728207,-3.46545E-07,-1.84956E-07,Alp,,Tuc,1,109784,,232.2736796,,,
4412,4422,5395,265,,28Ups2Cas,Castula,0.944432,59.181056,61.2745,-92.56,-45.33,-47,4.62,0.684,G8III-IV,0.957,30.437701,7.68286,52.6216,-0.00000594,-0.00002986,-0.00004818,0.247251813,1.032904274,-4.48744E-07,-2.19766E-07,Ups-2,28,Cas,1,4412,,46.38739668,,,
80776,81022,149143,,,,Rosalíadecastro,16.547514,2.084832,62.0347,-10.06,-85.03,0,7.89,3.927,G0,0.68,-23.009677,-57.565318,2.256769,-0.00000315,0.00000026,-0.00002555,4.332128982,0.03638718,-4.87723E-08,-4.12237E-07,,,Oph,1,80776,,2.339914561,,,
71879,72105,129988,5505,,36Eps Boo,Izar,14.749784,27.074222,62.1118,-50.65,20,-23,2.35,-1.616,A0,0.966,-41.582771,-36.462926,28.269741,0.00000775,0.00002708,-0.00000534,3.861484338,0.472534323,-2.45558E-07,9.69627E-08,Eps,36,Boo,1,71879,,385.8335599,,,
18497,18543,25025,1231,,34Gam Eri,Zaurak,3.967157,-13.508515,62.3441,60.51,-111.34,62,2.97,-1.004,M1IIIb Ca-1,1.588,30.760217,52.235828,-14.56308,0.00001154,0.00005563,-0.00004753,1.038599284,-0.235768069,2.93361E-07,-5.39792E-07,Gam,34,Eri,1,18497,,219.5836501,Gam,3,2.95
111676,112029,214923,8634,,42Zet Peg,Homam,22.691033,10.831364,62.6566,77.38,-10.98,7,3.41,-0.575,B8.5V,-0.086,57.962157,-20.678728,11.774377,0.00001511,0.00001956,-0.00000193,5.940498624,0.189042971,3.75149E-07,-5.32325E-08,Zet,42,Peg,1,111676,,147.9108388,,,
102287,102618,198001,7950,,2Eps Aqr,Albali,20.794598,-9.495776,63.6943,31.89,-35.32,-16,3.78,-0.241,A1V,0,41.969653,-46.744809,-10.507937,-0.00000466,0.00001993,-0.00000806,5.444012901,-0.16573255,1.54607E-07,-1.71236E-07,Eps,2,Aqr,1,102287,,108.742672,,,
107742,108085,207971,8353,,Gam Gru,Aldhanab,21.898808,-37.364852,64.7249,95.88,-12.1,-2,3,-1.055,B8III,-0.084,43.853581,-26.892269,-39.28078,0.00001238,0.0000277,-0.00000178,5.733094609,-0.652139696,4.64839E-07,-5.86625E-08,Gam,,Gru,1,107742,,230.1441817,,,
111359,111710,214376,8610,,63Kap Aqr,Situla,22.629273,-4.228056,65.5738,-68.36,-120.47,8,5.04,0.956,K2III,1.14,61.229681,-22.967064,-4.834534,-0.00000264,-0.00002222,-0.00003879,5.924329688,-0.073793492,-3.31419E-07,-5.84055E-07,Kap,63,Aqr,1,111359,,36.10771451,,,
21340,21393,29291,1464,,52Ups2Eri,Theemin,4.592512,-30.562341,65.5738,-48.92,-12.75,-4,3.81,-0.274,G8III,0.957,20.338212,52.67393,-33.342657,0.0000125,-0.00001081,-0.00000141,1.202316824,-0.533413485,-2.37171E-07,-6.18137E-08,Ups-2,52,Eri,1,21340,,112.0985513,,,
99574,99894,192699,,,,Chechia,20.268335,4.580795,65.6168,-40.72,-51.16,0,6.44,2.355,G5,0.867,36.598915,-54.209052,5.240473,-0.00001001,-0.00000832,-0.00001622,5.306237566,0.07994996,-1.97416E-07,-2.48031E-07,,,Aql,1,99574,,9.954054174,,,
111804,112158,215182,8650,,44Eta Peg,Matar,22.716704,30.221245,65.703,13.11,-26.11,4,2.93,-1.158,G2II-III..,0.852,53.59916,-18.717064,33.070991,0.00000867,0.0000014,-0.00000513,5.947219325,0.527460231,6.35591E-08,-1.26585E-07,Eta,44,Peg,1,111804,,253.0463049,,,
6397,6411,8207,390,,46Xi  And,Adhil,1.372337,45.528778,65.7462,32.21,8.73,-13,4.87,0.781,K0III-IV,1.077,43.117698,16.194066,46.916563,-0.00001419,0.00000564,-0.00000754,0.359276883,0.794627076,1.56158E-07,4.23242E-08,Xi,46,And,1,6397,,42.42286549,,,
60986,61177,109246,,,,Funi,12.535406,74.489551,66.0502,-171.02,-46.61,0,8.75,4.651,G0,0.645,-17.489575,-2.467324,63.644764,-0.00002189,0.00005221,-0.00000399,3.281761641,1.300087927,-8.29128E-07,-2.25972E-07,,,Dra,1,60986,,1.201157618,,,
73327,73555,133208,5602,,42Bet Boo,Nekkar,15.032436,40.390566,69.0608,-40.2,-29.22,-20,3.49,-0.706,G8III,0.956,-36.876434,-37.508062,44.750903,-0.00000312,0.00001602,-0.00002071,3.935482541,0.704948356,-1.94895E-07,-1.41663E-07,Bet,42,Boo,1,73327,,166.8783511,,,
92564,92855,175191,7121,,34Sig Sgr,Nunki,18.92109,-26.296722,69.8324,13.87,-52.65,-11,2.05,-2.17,B2.5V,-0.134,14.950858,-60.794062,-30.937099,0.00000027,0.00001858,-0.000011,4.953529829,-0.458964384,6.72437E-08,-2.55254E-07,Sig,34,Sgr,1,92564,,642.6877173,,,
3172,3179,3712,168,,18Alp Cas,Schedar,0.675116,56.537331,69.979,50.36,-32.17,-4,2.24,-1.985,K0II-IIIvar,1.17,37.984817,6.784483,58.379619,0.00000374,0.00001802,-0.00000943,0.176744881,0.986762576,2.44152E-07,-1.55965E-07,Alp,18,Cas,1,3172,,542.0008904,Alp,2.25,2.23
4453,4463,5516,271,,38Eta And,Kui,0.953445,23.417648,70.4225,-43.72,-46.06,-10,4.4,0.161,G8III-IV,0.94,62.61915,15.963361,27.988017,0.00000065,-0.00001524,-0.00001849,0.249611333,0.40871506,-2.11961E-07,-2.23305E-07,Eta,38,And,1,4453,,75.09309425,,,
60075,60260,107446,4700,,Eps Cru,Ginan,12.356031,-60.401147,70.4722,-171.06,91.82,-5,3.59,-0.65,K3/K4III,1.389,-34.656852,-3.239447,-61.275879,-0.00003008,0.00005588,0.00001994,3.234801339,-1.05419888,-8.29322E-07,4.45156E-07,Eps,,Cru,1,60075,,158.4893192,,,
50655,50801,89758,4069,,34Mu  UMa,Tania Australis,10.372155,41.499516,70.6215,-80.47,34.1,-21,3.06,-1.185,M0III SB,1.603,-48.161684,21.865099,46.794651,0.00003308,0.00001524,-0.00000549,2.7154237,0.724303198,-3.9013E-07,1.65321E-07,Mu,34,UMa,1,50655,,259.4179362,,,
30270,30343,44478,2286,,13Mu  Gem,Tejat,6.382673,22.513586,71.0227,56.84,-108.79,55,2.87,-1.387,M3IIIvar,1.621,-6.562116,65.281443,27.194957,-0.0000261,0.00006402,-0.00001306,1.670979989,0.392936199,2.75568E-07,-5.27429E-07,Mu,13,Gem,1,30270,,312.4640086,Mu,2.946,2.826
8628,8645,11353,539,,55Zet Cet,Baten Kaitos,1.857676,-10.335038,72.0461,38.78,-38.04,9,3.74,-0.548,K2III,1.136,62.65906,33.12747,-12.925362,-0.00000043,0.00001509,-0.00001472,0.486338411,-0.180380436,1.88011E-07,-1.84423E-07,Zet,55,Cet,1,8628,,144.2779623,,,
23712,23767,32630,1641,,10Eta Aur,Haedus,5.10858,41.234474,74.6269,30.6,-68.41,7,3.18,-1.184,B3V,-0.148,12.978524,54.599524,49.18977,-0.00000575,0.00002367,-0.00001389,1.337423033,0.719677343,1.48353E-07,-3.31661E-07,Eta,10,Aur,1,23712,,259.1791135,,,
13159,13192,17156,,,,Nushagak,2.828992,71.753232,75.0188,91,-32.45,0,8.17,3.794,G5,0.643,17.335912,15.849496,71.246614,-0.00001406,0.00003199,-0.0000037,0.740628363,1.252330148,4.4118E-07,-1.57322E-07,,,Cas,1,13159,,2.644843627,,,
103195,103527,199665,8030,,18    Del,Musica,20.973871,10.839286,75.3012,-47.95,-34.35,0,5.51,1.126,G6III:,0.934,51.937043,-52.652515,14.160751,-0.00001081,-0.00001397,-0.00001232,5.490946536,0.189181229,-2.32468E-07,-1.66533E-07,,18,Del,1,103195,,30.87450476,,,
47772,47908,84441,3873,,17Eps Leo,Ras Elased Australis,9.764188,23.774255,75.643,-46.09,-9.57,4,2.97,-1.424,G0II,0.808,-57.700126,38.244772,30.494289,0.00000504,0.00001694,-0.00000156,2.556258344,0.41493902,-2.23451E-07,-4.63967E-08,Eps,17,Leo,1,47772,,323.2957534,,,
43551,43674,75898,,,,Stribor,8.897449,33.056812,75.7576,-95.6,-28.24,0,8.03,3.633,G0,0.626,-43.676078,46.086662,41.323525,0.00002159,0.00002826,-0.00000869,2.329346659,0.576950201,-4.63482E-07,-1.36911E-07,,,Lyn,1,43551,,3.067608977,,,
14100,14135,18884,911,,92Alp Cet,Menkar,3.037992,4.089734,76.3942,-11.81,-78.76,-26,2.54,-1.875,M2III,1.63,53.342561,54.414384,5.448321,-0.00001399,-0.00002052,-0.00003099,0.795344514,0.071379323,-5.72565E-08,-3.81839E-07,Alp,92,Cet,1,14100,,489.7788194,Alp,2.561,2.521
65269,65474,116658,5056,,67Alp Vir,Spica,13.419883,-11.161322,76.5697,-42.5,-31.73,1,0.98,-3.44,B1V,-0.235,-69.990853,-27.285826,-14.82176,-0.00000454,0.00001516,-0.00001175,3.513317218,-0.194801818,-2.06046E-07,-1.53831E-07,Alp,67,Vir,1,65269,,2070.141349,Alp,1.001,0.961
80221,80463,148112,6117,,24Ome Her,Cujam,16.423598,14.03327,76.6871,39.39,-59.89,-6,4.57,0.146,B9p Cr,0.002,-29.840058,-68.151905,18.595479,0.00001364,-0.00000537,-0.00002309,4.299687876,0.244926758,1.90968E-07,-2.90355E-07,Ome,24,Her,1,80221,,76.13774325,Ome,4.588,4.558
117515,117883,,,,,Uúba,23.911158,-37.627924,77.101,248.75,-70.19,0,9.79,5.355,G8,0.815,61.046878,-1.419958,-47.072569,-0.00001385,0.00009332,-0.00002078,6.259926596,-0.656731169,1.20597E-06,-3.40291E-07,,,Scl,1,117515,,0.628058359,,,
25273,25336,35468,1790,,24Gam Ori,Bellatrix,5.418851,6.349702,77.3994,-8.75,-13.28,18,1.64,-2.804,B2III,-0.224,11.658576,76.036136,8.56012,0.0000061,0.00001813,-0.00000292,1.418651834,0.11082321,-4.24212E-08,-6.43833E-08,Gam,24,Ori,1,25273,,1152.391377,,,
99985,100310,193432,7773,,8Nu  Cap,Alshat,20.344393,-12.75908,77.6398,15.71,-14.63,-2,4.77,0.32,B9IV,-0.047,43.612148,-61.902343,-17.146901,0.00000298,0.00000603,-0.00000492,5.326149706,-0.222687948,7.61642E-08,-7.09282E-08,Nu,8,Cap,1,99985,,64.86344335,,,
101629,101958,196867,7906,,9Alp Del,Sualocin,20.660635,15.912072,77.821,54.14,7.91,-3,3.77,-0.685,B9V,-0.057,48.015095,-57.406003,21.335542,0.00001325,0.00001599,0.00000203,5.408941597,0.277718046,2.62478E-07,3.83488E-08,Alp,9,Del,1,101629,,163.6816521,,,
69205,69427,124294,5315,,98Kap Vir,Kang,14.214929,-10.273702,78.125,8.04,140.79,-4,4.18,-0.284,K3III,1.323,-64.306477,-42.119366,-13.933635,-0.00000292,-0.00000555,0.0000532,3.721459797,-0.179309923,3.8979E-08,6.82569E-07,Kap,98,Vir,1,69205,,113.1357864,,,
115711,116076,221345,8930,,14    And,Veritate,23.52149,39.236198,79.1766,287.3,-83.78,-59,5.22,0.727,K0III,1.029,60.844885,-7.662161,50.080351,-0.00001241,0.00011271,-0.00006307,6.157911757,0.684800843,1.39287E-06,-4.06177E-07,,14,And,1,115711,,44.58615279,,,
80593,80838,149026,,,,Ogma,16.508231,38.34731,79.4281,-77.12,53.34,0,8.15,3.65,G0,0.611,-23.714339,-57.602097,49.279323,-0.00002261,0.00002309,0.00001611,4.321844762,0.669286811,-3.73888E-07,2.586E-07,,,Her,1,80593,,3.01995172,,,
26569,26634,37795,1956,,Alp Col,Phact,5.660817,-34.074108,80.1282,-0.1,-24.05,35,2.65,-1.869,B7IV,-0.12,5.885917,66.110037,-44.89318,0.0000022,0.00002432,-0.00002779,1.481998327,-0.594705371,-4.84814E-10,-1.16598E-07,Alp,,Col,1,26569,,487.0796665,,,
47297,47431,83618,3845,,35Iot Hya,Ukdah,9.664267,-1.14281,80.7103,47.81,-62.92,23,3.9,-0.635,K3IIIvar,1.313,-66.071937,46.325951,-1.609728,-0.00002959,-0.0000021,-0.00002508,2.530099227,-0.019945799,2.31789E-07,-3.05045E-07,Iot,35,Hya,1,47297,,156.3147643,,,
48219,48356,85444,3903,,39Ups1Hya,Zhang,9.85797,-14.846603,80.9061,18.68,-21.88,-15,4.11,-0.43,G6/G8III,0.918,-66.227032,41.59319,-20.730703,0.00001052,-0.00001526,-0.00000436,2.580810606,-0.259122107,9.05632E-08,-1.06077E-07,Ups-1,39,Hya,1,48219,,129.4195841,,,
42327,42446,73534,,,,Gakyid,8.65439,12.960375,81.0373,-113.68,-93.19,0,8.23,3.687,G5,0.962,-50.568104,60.659599,18.174814,0.00002904,0.0000349,-0.00003568,2.26571409,0.226201222,-5.51136E-07,-4.51798E-07,,,Cnc,1,42327,,2.918770848,,,
59945,60129,107259,4689,,15Eta Vir,Zaniah,12.331766,-0.666803,81.367,-59.14,-23.13,2,3.89,-0.662,A2IV,0.026,-81.054806,-7.05786,-0.946921,-0.00000396,0.00002307,-0.00000915,3.228448734,-0.011637912,-2.86719E-07,-1.12137E-07,Eta,15,Vir,1,59945,,160.2507239,,,
113980,114341,218594,8812,,88    Aqr,Safina,23.157443,-21.17241,82.9876,55.99,31.25,21,3.68,-0.915,K1III,1.202,75.510914,-16.931759,-29.973162,0.0000289,0.0000166,0.00000397,6.062604388,-0.369528257,2.71447E-07,1.51504E-07,,88,Aqr,1,113980,,202.3019179,,,
50193,50335,89025,4031,,36Zet Leo,Adhafera,10.278171,23.417311,84.0336,19.84,-7.3,-16,3.43,-1.192,F0III,0.307,-69.409312,33.594777,33.397009,0.00000893,-0.0000133,-0.00000923,2.690818894,0.408709172,9.6187E-08,-3.53914E-08,Zet,36,Leo,1,50193,,261.0958687,,,
62239,62434,111123,4853,,Bet Cru,Mimosa,12.795359,-59.688764,85.3971,-48.24,-12.82,16,1.25,-3.407,B0.5III,-0.238,-42.168771,-8.909619,-73.723149,-0.00000773,0.00001878,-0.00001681,3.349817027,-1.04176545,-2.33874E-07,-6.21531E-08,Bet,,Cru,1,62239,,2008.167804,Bet,1.267,1.237
31812,31895,48265,,,,Nosaxa,6.667144,-48.541955,85.3971,26.51,30.06,0,8.05,3.393,G5IV/V,0.747,-9.824884,55.678794,-64.000065,-0.00001243,0.00000728,0.00000824,1.745454264,-0.847216942,1.28524E-07,1.45735E-07,,,Pup,1,31812,,3.826484866,,,
8183,8198,10761,510,,110Omi Psc,Torcular,1.756564,9.157736,85.6898,70.82,38.99,14,4.26,-0.405,K0III,0.942,75.808974,37.546943,13.637807,-0.0000027,0.00003149,0.00001827,0.459867349,0.159832641,3.43345E-07,1.89029E-07,Omi,110,Psc,1,8183,,126.4736347,,,
46339,46471,81688,3743,,,Intercrus,9.477775,45.601483,85.8369,-6.4,-128.2,39,5.4,0.732,K0III-IV,0.993,-47.431774,36.836132,61.329924,-0.00005051,0.0000426,-0.00000882,2.481275756,0.795896023,-3.10281E-08,-6.21531E-07,,,UMa,1,46339,,44.38129803,,,
104046,104382,177482,7228,,Sig Oct,Polaris Australis,21.146119,-88.956499,86.1326,25.96,5.02,12,5.45,0.774,F0III,0.283,1.150845,-1.065873,-86.118423,0.00000907,0.00000638,-0.00001223,5.536041063,-1.552583796,1.25858E-07,2.43376E-08,Sig,,Oct,1,104046,,42.6972594,Sig,5.483,5.423
99156,99473,191692,7710,,65The Aql,Antinous,20.188413,-0.821461,87.7963,35.48,6.05,-27,3.24,-1.477,B9.5III,-0.066,47.588681,-73.769106,-1.258706,-0.00000226,0.00003136,0.00000297,5.28531406,-0.014337198,1.72012E-07,2.93312E-08,The,65,Aql,1,99156,,339.4689054,,,
73486,73714,133216,5603,,20Sig Lib,Brachium,15.067839,-25.281965,88.4173,-71.85,-44.69,-4,3.25,-1.483,M3/M4III,1.674,-55.51919,-57.527085,-37.760649,-0.00001391,0.00002993,-0.00001557,3.944750989,-0.441253524,-3.48339E-07,-2.16663E-07,Sig,20,Lib,1,73486,,341.3500729,Sig,3.351,3.181
65983,66192,118203,,,,Liesma,13.567381,53.728529,88.574,-87.84,-78.43,0,8.05,3.313,K0,0.699,-48.051398,-20.903886,71.410393,-0.00003994,0.00002375,-0.00001992,3.551932121,0.937739732,-4.2586E-07,-3.80239E-07,,,UMa,1,65983,,4.119077849,,,
53369,53524,95086,,,,Aiolos,10.950851,-68.667347,90.4159,-41.69,13.03,0,7.36,2.579,A8III,0.23,-31.65874,8.921182,-84.220969,-0.00000016,0.00001903,0.00000208,2.866926048,-1.198471286,-2.02119E-07,6.31712E-08,,,Car,1,53369,,8.098414473,,,
49496,49637,87837,3980,,31    Leo,Yunü,10.131742,9.997508,90.5797,-81.1,-64.2,41,4.39,-0.395,K4III,1.448,-78.745563,41.911852,15.725184,-0.00002404,0.00005314,-0.00002048,2.652483873,0.174489429,-3.93184E-07,-3.1125E-07,,31,Leo,1,49496,,125.3141175,,,
20483,20535,28028,1393,,43    Eri,Beemim,4.400613,-34.016846,90.8265,73.77,57.57,24,3.97,-0.821,K4III,1.468,30.609599,68.780131,-50.811792,-0.00001564,0.00004475,0.00000728,1.152077901,-0.59370597,3.57647E-07,2.79107E-07,,43,Eri,1,20483,,185.5239576,,,
95473,95771,183439,7405,,6Alp Vul,Anser,19.478427,24.664905,91.1577,-126.45,-106.99,-86,4.44,-0.359,M0 comp,1.502,31.268751,-76.712143,38.040745,-0.00007447,0.00003465,-0.00007967,5.09944026,0.430483797,-6.13047E-07,-5.18702E-07,Alp,6,Vul,1,95473,,121.2271793,,,
5337,5348,6882,338,,Zet Phe,Wurren,1.139742,-55.24576,91.5751,21.17,29.7,15,3.94,-0.869,B6V + B0V,-0.12,49.896436,15.346501,-75.238648,0.00001595,0.00001474,-0.00000509,0.298383846,-0.964220411,1.02635E-07,1.4399E-07,Zet,,Phe,1,5337,,193.9099079,Zet,4.199,3.929
10800,10826,14386,681,,68Omi Cet,Mira,2.322442,-2.977643,91.659,10.33,-239.48,64,6.47,1.659,M5e-M9e,0.966,75.131148,52.288786,-4.761374,0.00004649,0.00003795,-0.00010967,0.608013998,-0.051969667,5.00813E-08,-1.16103E-06,Omi,68,Cet,1,10800,,18.89731054,Omi,8.511,4.871
85965,86228,159532,6553,,The Sco,Sargas,17.62198,-42.997824,92.081,6.06,-0.95,1,1.86,-2.961,F1II,0.406,-6.654055,-67.016643,-62.796539,0.00000265,-0.00000072,-0.00000101,4.613423665,-0.750453596,2.93797E-08,-4.60573E-09,The,,Sco,1,85965,,1331.680376,,,
68537,68756,123299,5291,,11Alp Dra,Thuban,14.073165,64.37585,92.9368,-56.52,17.19,-13,3.67,-1.171,A0III SB,-0.049,-34.416017,-20.758849,83.796391,-0.00000225,0.00002838,-0.00000864,3.684345906,1.123570548,-2.74017E-07,8.33395E-08,Alp,11,Dra,1,68537,,256.0943517,,,
40411,40526,69267,3249,,17Bet Cnc,Tarf,8.275256,9.185545,93.0233,-46.8,-48.65,22,3.53,-1.313,K4III,1.481,-51.522087,76.015371,14.84954,0.00000304,0.00003313,-0.00001807,2.166456904,0.160317998,-2.26893E-07,-2.35862E-07,Bet,17,Cnc,1,40411,,291.8770848,,,
5731,5743,7345,362,,86Zet Psc,Revati B,1.22924,7.578261,93.985,154.42,-47.11,11,6.44,1.575,F7V,0.492,88.381439,29.46675,12.394783,-0.00000899,0.00007117,-0.00001979,0.321814342,0.13226561,7.48649E-07,-2.28396E-07,Zet,86,Psc,1,5731,,20.41737945,,,
30365,30438,45348,2326,,Alp Car,Canopus,6.399195,-52.69566,94.7867,19.99,23.67,21,-0.62,-5.504,F0Ib,0.164,-5.992679,57.132034,-75.396105,-0.0000114,0.00002059,-0.00001049,1.675305352,-0.919712775,9.69143E-08,1.14755E-07,Alp,,Car,1,30365,,13854.79168,,-0.547,-0.667
61202,61394,109485,4789,,23    Com,Phyllon Kissinou,12.580857,22.629259,95.057,-57.42,28.53,-16,4.8,-0.09,A0IV,0.012,-86.726287,-13.290876,36.574715,0.00001592,0.00002921,0.00000584,3.29366059,0.394955075,-2.7838E-07,1.38317E-07,,23,Com,1,61202,,94.62371614,,,
48571,48711,86081,,,,Bibhā,9.934977,-3.808422,95.3289,-67.22,17.02,0,8.73,3.834,F8,0.664,-81.553447,48.954496,-6.331799,0.00001554,0.0000269,0.00000785,2.600970973,-0.066469499,-3.25892E-07,8.25153E-08,,,Sex,1,48571,,2.549177051,,,
94946,95241,181454,7337,,Bet1Sgr,Arkab Prior,19.377303,-44.458965,96.1538,7.31,-22.43,-11,3.96,-0.955,B9V,-0.085,24.213622,-64.216561,-67.345884,-0.00000223,0.00001557,0.00000042,5.072966055,-0.775955314,3.54399E-08,-1.08744E-07,Bet-1,,Sgr,1,94946,,209.8939884,,,
90065,90344,170693,6945,,42    Dra,Fafnir,18.433069,65.56348,96.5251,106.52,-27.07,32,4.82,-0.103,K2III,1.179,4.51784,-39.674686,87.878659,0.00005236,-0.00001927,0.00002456,4.825766292,1.144298602,5.16424E-07,-1.31239E-07,,42,Dra,1,90065,,95.7634977,,,
58777,58952,104985,4609,,,Tonatiuh,12.087451,76.905734,97.0874,147.22,-92.36,-20,5.78,0.844,G9III,1.029,-21.989708,-0.504005,94.562822,-0.00003611,-0.00007013,-0.00002977,3.16448734,1.342258264,7.13743E-07,-4.47774E-07,,,Cam,1,58777,,40.03132822,,,
65221,65426,116434,,,,Matza,13.41003,-51.504458,97.9432,-34.05,-19.27,0,7.01,2.055,A2V,0.093,-56.858287,-21.997276,-76.655891,0.00000085,0.00001766,-0.0000057,3.510737767,-0.898922366,-1.65079E-07,-9.34236E-08,,,Cen,1,65221,,13.12199899,,,
74732,74961,136418,,,,Nikawiy,15.318385,41.733207,98.2318,-19.72,-181.65,0,7.88,2.919,G5,0.93,-47.33943,-55.9706,65.389271,-0.00004435,-0.0000379,-0.00006455,4.010343816,0.728381863,-9.56053E-08,-8.80664E-07,,,Boo,1,74732,,5.921067336,,,
117951,118319,224693,,,,Axólotl,23.998285,-22.428113,98.4252,148.74,27.53,0,8.23,3.264,G2V,0.639,90.980204,-0.040804,-37.551574,0.00000504,0.00007097,0.00001214,6.282736296,-0.391444423,7.21112E-07,1.33469E-07,,,Cet,1,117951,,4.309233228,,,
60530,60718,108248,4730,,Alp1Cru,Acrux,12.443311,-63.099092,98.7167,-35.37,-14.73,-11,0.77,-4.202,B0.5IV,-0.243,-44.363755,-5.171957,-88.034513,0.00000934,0.00001813,0.00000684,3.257651282,-1.101286903,-1.71479E-07,-7.14131E-08,Alp-1,,Cru,1,60530,,4176.37993,,,
100020,100345,193495,7776,,9Bet Cap,Dabih,20.350187,-14.781367,100.2004,48.42,14,-19,3.05,-1.954,A5:n,0.79,55.920163,-79.116953,-25.564218,0.00000936,0.0000275,0.00001153,5.327666598,-0.257983524,2.34747E-07,6.78739E-08,Bet,9,Cap,1,100020,,526.7444883,,,
83638,83895,155763,6396,,22Zet Dra,Aldhibah,17.146448,65.714683,100.7049,-20.76,19.15,-17,3.17,-1.845,B6III,-0.12,-9.178442,-40.388128,91.793254,-0.00000641,0.00001753,-0.000012,4.488929593,1.146937588,-1.00647E-07,9.28418E-08,Zet,22,Dra,1,83638,,476.4309868,,,
46617,46750,82308,3773,,4Lam Leo,Alterf,9.528675,22.967971,100.9082,-19.38,-39.04,27,4.32,-0.7,K5IIIvar,1.541,-74.131964,56.004334,39.376137,-0.00002052,0.00002738,-0.00000681,2.494601208,0.400866708,-9.39569E-08,-1.89271E-07,Lam,4,Leo,1,46617,,165.9586907,,,
101095,101421,195810,7852,,2Eps Del,Aldulfin,20.553547,11.303263,101.3171,10.75,-28.54,-19,4.03,-0.998,B6III,-0.123,61.580495,-77.965441,19.858319,-0.00000596,0.00001607,-0.00001755,5.380906149,0.197279151,5.21175E-08,-1.38366E-07,Eps,2,Del,1,101095,,218.3735328,,,
72345,72571,130694,5526,,58    Hya,Solitaire,14.838147,-27.960371,101.5228,-237.37,-62.37,-10,4.42,-0.613,K3III,1.366,-66.036951,-60.664821,-47.600014,-0.00006178,0.00010188,-0.00002232,3.884617724,-0.48800053,-1.1508E-06,-3.02378E-07,,58,Hya,1,72345,,153.1792716,,,
56044,56211,100029,4434,,1Lam Dra,Giausar,11.523407,69.331076,102.145,-41.14,-18.79,7,3.82,-1.226,M0IIIvar,1.613,-35.773586,4.486959,95.570558,-0.00000861,0.00002161,0.00000341,3.01682084,1.210055547,-1.99452E-07,-9.10965E-08,Lam,1,Dra,1,56044,,269.4014941,,,
59565,59747,106490,4656,,Del Cru,Imai,12.252427,-58.748928,105.8201,-36.68,-10.72,22,2.79,-2.333,B2IV,-0.193,-54.778605,-3.62525,-90.466,-0.0000082,0.00001831,-0.00002209,3.207677762,-1.025362221,-1.7783E-07,-5.1972E-08,Del,,Cru,1,59565,,746.7925899,Del,2.794,2.784
89653,89931,168454,6859,,19Del Sgr,Kaus Media,18.3499,-29.828103,106.6098,29.96,-26.38,-20,2.72,-2.419,K3III,1.38,8.460232,-92.098382,-53.027575,0.00001318,0.00002584,-0.00000165,4.803992513,-0.52059861,1.4525E-07,-1.27894E-07,Del,19,Sgr,1,89653,,808.3510374,,,
7083,7097,9270,437,,99Eta Psc,Alpherg,1.524725,15.345823,107.1811,25.73,-3.29,15,3.62,-1.531,G8III,0.974,95.233975,40.171366,28.364911,0.00000885,0.00001824,0.00000241,0.399171986,0.267835137,1.24743E-07,-1.59504E-08,Eta,99,Psc,1,7083,,356.7795883,,,
106481,106824,205739,,,,Sāmaya,21.635668,-31.737485,107.7586,23.46,-82.19,0,8.56,3.398,F7V,0.546,74.642254,-53.172993,-56.684058,-0.00001128,0.00002309,-0.00003651,5.664204507,-0.553923605,1.13737E-07,-3.98468E-07,,,PsA,1,106481,,3.808903765,,,
44343,44471,77327,3594,,12Kap UMa,Alkaphrah,9.060427,47.156525,109.8901,-37.37,-55.39,4,3.57,-1.635,A1Vn,0.007,-53.667801,51.996165,80.572997,-0.00000368,0.00003129,-0.00001707,2.372014222,0.823036618,-1.81175E-07,-2.68538E-07,Kap,12,UMa,1,44343,,392.6449354,,,
72619,72845,131496,,,,Arcalís,14.88973,18.235401,110.011,44.44,-36.46,0,7.8,2.593,K0,1.039,-75.984659,-71.719466,34.424841,0.00001184,-0.00002141,-0.00001847,3.898122141,0.31826779,2.15451E-07,-1.76763E-07,,,Boo,1,72619,,7.994660025,,,
84086,84345,156014,6406,,64Alp1Her,Rasalgethi,17.244127,14.390333,110.2536,-6.71,32.78,-33,2.78,-2.432,M5IIvar,1.164,-20.995512,-104.709944,27.400863,0.00000377,0.00003703,0.00000858,4.514501981,0.251158688,-3.2531E-08,1.58922E-07,Alp-1,64,Her,1,84086,,818.0879579,Alp,2.967,2.567
94829,95124,181342,,,,Belel,19.351176,-23.619572,110.6195,-45.15,-31.23,0,7.55,2.331,K0III,1.022,35.109071,-95.077194,-44.321033,-0.00002504,-0.00000209,-0.00001534,5.066126038,-0.412239291,-2.18893E-07,-1.51407E-07,,,Sgr,1,94829,,10.17653663,,,
30049,30122,44402,2282,,1Zet CMa,Furud,6.338553,-30.063367,111.1111,8,3.81,32,3.02,-2.209,B2.5V,-0.16,-8.512138,95.786306,-55.662081,-0.00000689,0.00002886,-0.00001462,1.659429365,-0.524704742,3.87851E-08,1.84714E-08,Zet,1,CMa,1,30049,,666.1929002,,,
78804,79043,145001,6008,,7Kap Her,Marsic,16.134591,17.04698,112.7396,-34.29,-5.46,-11,5,-0.26,G8III,0.931,-50.571259,-95.186266,33.050231,-0.00001191,0.00001752,-0.00000615,4.224025958,0.297525931,-1.66243E-07,-2.64708E-08,Kap,7,Her,1,78804,,110.6623784,,,
85433,85693,158899,6526,,76Lam Her,Maasym,17.512308,26.110645,113.2503,18.39,16.78,-26,4.41,-0.86,K3IIIvar,1.434,-12.948576,-100.86468,49.842035,0.00001357,0.00002642,-0.00000343,4.584711502,0.455716729,8.91572E-08,8.13517E-08,Lam,76,Her,1,85433,,192.3091729,,,
31605,31685,47670,2451,,Nu  Pup,Pipit,6.629353,-43.195934,113.8952,-0.43,-3.99,28,3.17,-2.113,B8III SB,-0.103,-13.61885,81.907249,-77.960909,-0.00000294,0.00001915,-0.00002121,1.735560599,-0.753911264,-2.0847E-09,-1.93441E-08,Nu,,Pup,1,31605,,609.817664,,,
17537,17579,23432,1151,,21    Tau,Asterope,3.765132,24.554511,114.0251,19.44,-45.36,9,5.76,0.475,B8V,-0.036,57.278032,86.462186,47.384166,0.00000142,0.0000216,-0.00001898,0.985709251,0.428557063,9.42478E-08,-2.19911E-07,,21,Tau,1,17537,,56.23413252,,,
42283,42402,73471,3418,,5Sig Hya,Minchir,8.645955,3.341435,114.2857,-19.03,-16.29,25,4.45,-0.84,K2III,1.216,-72.861703,87.795627,6.661268,-0.00000852,0.00002678,-0.00000752,2.263505699,0.058319045,-9.226E-08,-7.89761E-08,Sig,5,Hya,1,42283,,188.7991349,,,
79834,80076,147506,,,,Hunor,16.343433,41.048084,114.4165,-10.64,-29.7,0,8.72,3.428,F8,0.463,-36.260076,-78.299814,75.136419,-0.0000099,-0.00000734,-0.00001242,4.278700777,0.716424211,-5.15842E-08,-1.4399E-07,,,Her,1,79834,,3.705100563,,,
44819,44946,78515,3627,,77Xi  Cnc,Nahn,9.155982,22.045446,114.4165,-0.48,-0.7,-7,5.16,-0.132,K0III,0.97,-77.988303,71.865489,42.945282,0.00000495,-0.0000042,-0.00000305,2.397030365,0.384765609,-2.32711E-09,-3.3937E-09,Xi,77,Cnc,1,44819,,98.35580562,,,
17447,17489,23288,1140,,16    Tau,Celaeno,3.746726,24.28947,115.6069,20.73,-44,3,5.45,0.135,B7IV,-0.034,58.617318,87.564472,47.554545,-0.00000246,0.00001722,-0.00002121,0.980890615,0.423931227,1.00502E-07,-2.13318E-07,,16,Tau,1,17447,,76.91304403,,,
17566,17608,23480,1156,,23    Tau,Merope,3.772104,23.948358,116.5501,21.17,-42.67,6,4.14,-1.193,B6IV,-0.051,58.663928,88.906234,47.309232,-0.00000151,0.00001944,-0.00001954,0.987534391,0.417977703,1.02635E-07,-2.0687E-07,,23,Tau,1,17566,,261.3364576,V971,4.157,4.137
85410,85670,159181,6536,,23Bet Dra,Rastaban,17.507213,52.301387,116.5501,-15.59,11.57,-20,2.79,-2.543,G2II,0.954,-9.169333,-70.678899,92.218765,-0.00000646,0.00001867,-0.00001219,4.583377712,0.912831407,-7.55825E-08,5.60929E-08,Bet,23,Dra,1,85410,,906.1498022,,,
77214,77450,141477,5879,,35Kap Ser,Gudja,15.812327,18.141564,117.096,-51.78,-88.72,-39,4.09,-1.253,M1III,1.616,-60.303137,-93.518027,36.45959,-0.00001266,0.00003461,-0.00006028,4.139657609,0.316630016,-2.51037E-07,-4.30127E-07,Kap,35,Ser,1,77214,,276.1849442,,,
67786,68002,121263,5231,,Zet Cen,Leepwal,13.925667,-47.288375,117.096,-57.14,-44.75,7,2.55,-2.793,B2.5IV,-0.176,-69.545858,-38.36753,-86.039492,-0.00000358,0.00003507,-0.00002249,3.645731114,-0.825337842,-2.77023E-07,-2.16954E-07,Zet,,Cen,1,67786,,1140.775013,,,
17809,17851,23862,1180,,28    Tau,Pleione,3.819782,24.136712,117.096,18.71,-46.74,4,5.05,-0.293,B7p,-0.082,57.734463,89.91922,47.882552,-0.00000003,0.00000013,-0.00000021,1.000016573,0.421265095,9.07086E-08,-2.26602E-07,,28,Tau,1,17809,,114.0775013,BU,5.071,5.031
40959,41075,70272,3275,,31    Lyn,Alsciaukat,8.380588,43.188131,117.2333,-25.62,-99.44,24,4.25,-1.095,K5III,1.55,-49.889521,69.406143,80.234157,-0.0000212,0.00005444,-0.00002441,2.194032684,0.753775076,-1.24209E-07,-4.82099E-07,,31,Lyn,1,40959,,238.7811283,BN,4.265,4.235
17805,17847,23850,1178,,27    Tau,Atlas,3.819373,24.053415,117.2333,17.77,-44.7,9,3.62,-1.725,B8III,-0.07,57.849417,90.077197,47.782936,0.00000164,0.00002124,-0.00001945,0.99990942,0.419811296,8.61514E-08,-2.16712E-07,,27,Tau,1,17805,,426.5795188,,,
17532,17573,23408,1149,,20    Tau,Maia,3.763779,24.367748,117.5088,21.09,-45.03,8,3.87,-1.48,B8III,-0.063,59.14718,89.215057,48.48319,-0.00000005,0.00002167,-0.00001999,0.985355109,0.425297442,1.02247E-07,-2.18312E-07,,20,Tau,1,17532,,340.4081897,,,
29582,29655,42995,2216,,7Eta Gem,Propus,6.247961,22.506799,117.9245,-62.53,-10.24,19,3.31,-2.048,M3III,1.6,-7.067151,108.713368,45.140745,0.00003436,0.00002247,0.00000203,1.635712406,0.392817744,-3.03154E-07,-4.96449E-08,Eta,7,Gem,1,29582,,574.3809135,Eta,3.446,3.216
22438,22491,30856,,,,Mouhoun,4.838295,-24.368839,118.0638,18.86,-18.12,0,7.91,2.549,K0III,0.961,32.206232,102.609681,-48.714197,-0.00001158,-0.00000085,-0.00000945,1.266662585,-0.425316482,9.14359E-08,-8.78482E-08,,,Eri,1,22438,,8.325302067,,,
95777,96078,231701,,,,Uruk,19.534489,16.47429,118.4834,63.68,15.49,0,8.97,3.602,F8V,0.539,44.426247,-104.573689,33.600124,0.00003268,0.00001662,0.00000853,5.114117189,0.287530601,3.08729E-07,7.50976E-08,,,Sge,1,95777,,3.156457891,,,
82022,82273,150798,6217,,Alp TrA,Atria,16.811077,-69.027715,119.7605,17.85,-32.92,-3,1.91,-3.482,K2IIb-IIIa,1.447,-13.127447,-40.804561,-111.826781,0.00001567,0.00001486,-0.00000398,4.401129586,-1.204760901,8.65392E-08,-1.59601E-07,Alp,,TrA,1,82022,,2151.79057,,,
1065,1067,886,39,,88Gam Peg,Algenib,0.220598,15.183596,120.048,4.7,-8.24,4,2.83,-2.567,B2IV,-0.19,115.664183,6.687324,31.442127,0.00000504,0.00000303,-0.00000356,0.057752413,0.26500374,2.27862E-08,-3.99486E-08,Gam,88,Peg,1,1065,,926.4031007,Gam,2.846,2.816
68483,68702,122451,5267,,Bet Cen,Hadar,14.063729,-60.373039,120.1923,-33.96,-25.06,6,0.61,-4.789,B1III,-0.231,-50.954051,-30.56287,-104.478695,-0.00000189,0.00002194,-0.00001255,3.68187566,-1.053708314,-1.64643E-07,-1.21494E-07,Bet,,Cen,1,68483,,7171.334827,Bet,0.634,0.594
9618,9640,12533,603,,57Gam1And,Almach,2.064984,42.329725,120.4819,43.08,-50.85,-12,2.1,-3.305,B8V,1.37,76.368059,45.840864,81.131974,-0.00000358,0.0000272,-0.00003022,0.540611677,0.738793067,2.08858E-07,-2.46528E-07,Gam-1,57,And,1,9618,,1828.100216,,,
23949,24003,32518,1636,,,Mago,5.160181,69.639401,120.6273,60.42,-63.55,-8,6.43,1.023,K1III,1.101,9.153224,40.959237,113.090617,-0.0000275,0.00003893,-0.0000206,1.350932342,1.215436839,2.92924E-07,-3.08099E-07,,,Cam,1,23949,,33.94689054,,,
96970,97278,186791,7525,,50Gam Aql,Tarazed,19.770994,10.613261,121.0654,15.72,-3.08,-2,2.72,-2.695,K3II,1.507,53.215608,-106.431852,22.297682,0.0000075,0.00000563,-0.00000215,5.176034186,0.185236351,7.62127E-08,-1.49323E-08,Gam,50,Aql,1,96970,,1042.317429,,,
78581,78821,144218,5985,,8Bet2Sco,Acrab B,16.09071,-19.80186,122.1001,-34.59,-7.47,-4,4.9,-0.534,B2V,-0.024,-55.06152,-100.825111,-41.363651,-0.00001541,0.00001451,-0.00000277,4.212537953,-0.345607655,-1.67697E-07,-3.62156E-08,Bet-2,8,Sco,1,78581,,142.4295165,,,
56339,56508,100655,4459,,,Formosa,11.584377,20.441545,122.2494,-58.6,-1.19,-7,6.45,1.014,G9III,1.01,-113.87372,12.439743,42.695774,0.00001019,0.00003382,-0.00000316,3.03278273,0.35677227,-2.84101E-07,-5.76928E-09,,,Leo,1,56339,,34.22945623,,,
55055,55219,98262,4377,,54Nu  UMa,Alula Borealis,11.307983,33.094306,122.399,-26.61,27.51,-9,3.49,-1.949,K3III SB,1.4,-100.864256,18.476143,66.832099,0.0000192,0.00001254,0.00000865,2.960423095,0.577604597,-1.29009E-07,1.33372E-07,Nu,54,UMa,1,55055,,524.3243172,,,
95652,95951,183914,7418,,6Bet2Cyg,Albireo B,19.51261,27.965276,122.549,-1.95,-0.98,-18,5.12,-0.322,B8V,-0.095,41.751189,-99.862557,57.467608,-0.00000724,0.0000143,-0.00000915,5.108389313,0.48808615,-9.45387E-09,-4.75117E-09,Bet-2,6,Cyg,1,95652,,117.1655674,,,
17661,17702,23630,1165,,25Eta Tau,Alcyone,3.79141,24.105137,123.6094,19.35,-43.11,10,2.85,-2.61,B7III,-0.086,61.664507,94.489136,50.483636,0.00000116,0.00002299,-0.0000194,0.992588775,0.420714009,9.38114E-08,-2.09003E-07,Eta,25,Tau,1,17661,,963.8290236,,,
78580,78820,144217,5984,,8Bet1Sco,Acrab,16.09062,-19.805453,123.9157,-6.75,-24.89,-1,2.56,-2.906,B0.5V,-0.065,-55.881427,-102.320756,-41.98604,-0.00000067,0.00000723,-0.00001372,4.212514383,-0.34567037,-3.27249E-08,-1.2067E-07,Bet-1,8,Sco,1,78580,,1265.901749,,,
17457,17499,23302,1142,,17    Tau,Electra,3.747927,24.113339,124.0695,21.55,-44.92,12,3.72,-1.748,B6III,-0.105,62.965631,94.124106,50.687766,0.00000159,0.00002569,-0.00001965,0.981204912,0.420857162,1.04477E-07,-2.17778E-07,,17,Tau,1,17457,,435.7124805,,,
33492,33579,52089,2618,,21Eps CMa,Adhara,6.977097,-28.972084,124.2236,2.63,2.29,27,1.5,-3.971,B2II,-0.211,-27.497987,105.141608,-60.171969,-0.00000781,0.00002362,-0.00001217,1.826599649,-0.505658252,1.27506E-08,1.11022E-08,Eps,21,CMa,1,33492,,3375.981049,,,
113529,113889,217891,8773,,4Bet Psc,Fumalsamakah,23.064615,3.820045,125.1564,12.86,-10.13,0.3,4.48,-1.007,B6Ve,-0.115,121.152668,-30.275882,8.338293,0.00000259,0.0000074,-0.00000611,6.038302081,0.066672368,6.2347E-08,-4.91116E-08,Bet,4,Psc,1,113529,,220.1912211,,,
78979,79219,145457,,,,Kamuy,16.167754,26.74275,125.3133,-18.35,37.66,-4.6,6.57,1.08,K0III,1.037,-51.645678,-99.279411,56.389141,-0.0000032,0.000018,0.00001831,4.23270818,0.466749034,-8.89633E-08,1.82581E-07,,,CrB,1,78979,,32.21068791,,,
46954,47087,82886,,,,Illyrian,9.595884,34.780742,125.4705,15.05,-34.95,0,7.62,2.127,G0,0.864,-83.307172,60.663459,71.573083,-0.00001519,-0.00000026,-0.00001746,2.512196471,0.607038471,7.29645E-08,-1.69442E-07,,,LMi,1,46954,,12.28004618,,,
17489,17531,23338,1145,,19    Tau,Taygeta,3.75347,24.467278,125.4705,19.35,-41.63,6,4.3,-1.193,B6V,-0.11,63.361504,95.01397,51.966577,-0.00000087,0.0000199,-0.00002051,0.982656248,0.427034552,9.38114E-08,-2.01828E-07,,19,Tau,1,17489,,261.3364576,,,
57647,57820,102956,,,,Aniara,11.856255,57.640736,126.2626,-11.24,-16.8,0,7.86,2.354,K0III,0.971,-67.531225,2.542591,106.655113,-0.00000842,0.0000072,-0.0000055,3.103960246,1.006020619,-5.44931E-08,-8.14487E-08,,,UMa,1,57647,,9.96322642,,,
8867,8886,11415,542,,45Eps Cas,Segin,1.906584,63.670101,126.2626,31.98,-18.66,-8,3.35,-2.156,B2pvar,-0.15,49.169644,26.806887,113.163436,-0.00000357,0.00002035,-0.0000124,0.4991425,1.111252904,1.55043E-07,-9.04662E-08,Eps,45,Cas,1,8867,,634.4537958,,,
92604,92895,175541,,Gl 736,,Kaveh,18.928023,4.265325,127.0648,-7.84,-89.86,20.1,8.02,2.5,G8V,0.869,30.48371,-122.991629,9.450485,0.00000123,-0.00002506,-0.00005367,4.955344892,0.07444396,-3.80094E-08,-4.35654E-07,,,Ser,1,92604,,8.7096359,,,
87994,88267,164668,6729,,95    Her,Bodu,18.025113,21.595782,127.8772,7.55,38.79,-31,4.26,-1.274,G5,0.406,0.78172,-118.897851,47.065883,0.00000443,0.00003836,0.00001069,4.71896358,0.376917507,3.66034E-08,1.88059E-07,,95,Her,1,87994,,281.57883,,,
96450,96757,185758,7479,,5Alp Sge,Sham,19.668275,18.01389,130.3781,15.09,-19.72,2,4.39,-1.186,G0II,0.777,52.446573,-112.348474,40.319114,0.0000111,-0.00000122,-0.00001122,5.149142443,0.314401698,7.31584E-08,-9.56053E-08,Alp,5,Sge,1,96450,,259.656979,,,
110467,110813,212771,,,,Lionrock,22.450854,-17.263658,131.0616,-86.69,-104.35,0,7.6,2.013,G8IV,0.882,115.004344,-49.379339,-38.895048,-0.00003981,-0.00004285,-0.00006331,5.877619793,-0.301307665,-4.20285E-07,-5.05903E-07,,,Aqr,1,110467,,13.63954868,,,
11734,11767,8890,424,,1Alp UMi,Polaris,2.52975,89.264109,132.626,44.22,-11.74,-17,1.97,-3.643,F7:Ib-IIv SB,0.636,1.3431,1.047629,132.614909,-0.00001171,0.00002692,-0.00001748,0.662287075,1.557952613,2.14385E-07,-5.69171E-08,Alp,1,UMi,1,11734,,2495.743795,Alp,1.993,1.953
95648,95947,183912,7417,,6Bet1Cyg,Albireo,19.512023,27.959681,133.1558,-7.09,-5.63,-24,3.05,-2.572,K3II+...,1.088,45.350466,-108.51838,62.430012,-0.00001193,0.00001667,-0.00001472,5.108235547,0.487988492,-3.43733E-08,-2.7295E-08,Bet-1,6,Cyg,1,95648,,930.6791832,,,
67251,67464,120307,5190,,Nu  Cen,Heng,13.825078,-41.687709,133.8688,-26.01,-20.38,9,3.41,-2.223,B2IV,-0.225,-88.774682,-45.96956,-89.0322,-0.00000605,0.00001587,-0.000016,3.619397056,-0.727587783,-1.261E-07,-9.8805E-08,Nu,,Cen,1,67251,,674.8387309,Nu,3.427,3.397
55011,55174,98219,,,,Hunahpú,11.296544,-23.975414,134.2282,-131.11,-16.25,0,8.05,2.411,K0III/IV,0.962,-120.572962,22.459787,-54.542905,0.00001985,0.00008308,-0.00000966,2.957428416,-0.418449916,-6.35639E-07,-7.87822E-08,,,Crt,1,55011,,9.45366046,,,
13959,13993,18742,,,,Ayeyarwady,3.002961,-20.802604,135.318,-18.14,-22.2,0,7.81,2.153,G8/K0IV,0.936,89.377224,89.515869,-48.058112,0.00000477,-0.00001207,-0.00001361,0.78617324,-0.363073927,-8.79452E-08,-1.07629E-07,,,Eri,1,13959,,11.9894704,,,
33956,34045,53244,2657,,23Gam CMa,Muliphein,7.062637,-15.633286,135.5014,-0.81,-11.2,32,4.11,-1.55,B8II,-0.112,-35.835279,125.471916,-36.514903,-0.0000076,0.00002854,-0.0000159,1.848994004,-0.272852312,-3.92699E-09,-5.42991E-08,Gam,23,CMa,1,33956,,363.0780548,,,
26386,26451,37202,1910,,123Zet Tau,Tianguan,5.627413,21.142549,136.4256,2.39,-18.04,20,2.97,-2.704,B4IIIp,-0.148,12.391949,126.637551,49.207351,0.0000007,0.00002342,-0.00000375,1.473253191,0.369007094,1.1587E-08,-8.74604E-08,Zet,123,Tau,1,26386,,1050.993427,Zet,3.032,2.902
72144,72370,129078,5470,,Alp Aps,Paradys,14.797701,-79.044751,136.9863,-5.67,-15.75,-1,3.83,-1.853,K5III,1.433,-19.356924,-17.40793,-134.489842,0.00000526,0.0000098,-0.00000098,3.874029003,-1.379591154,-2.74889E-08,-7.63582E-08,Alp,,Aps,1,72144,,479.9544249,,,
91566,91852,173416,7043,,,Xihe,18.726696,36.556605,139.47,21.54,57.61,-61,6.04,0.318,G8,1.04,21.185517,-110.010103,83.070331,0.00000044,0.00007474,-0.00000587,4.902637621,0.638033117,1.04429E-07,2.79301E-07,,,Lyr,1,91566,,64.98303635,,,
40766,40881,70011,3268,,19Lam Cnc,Piautos,8.34226,24.022314,140.2525,-20.67,-17.84,23,5.92,0.185,B9.5V,-0.039,-73.723045,104.765465,57.095809,-0.00000371,0.0000297,-0.0000015,2.183998647,0.419268466,-1.00211E-07,-8.64908E-08,Lam,19,Cnc,1,40766,,73.45138682,,,
98508,98823,190327,7669,,63Tau Aql,Tianfu,20.068976,7.277966,141.6431,14.24,12.97,-28,5.51,-0.246,K0III,1.063,72.436519,-120.389654,17.943762,-0.00000685,0.00003035,0.00000521,5.254045733,0.127024465,6.90375E-08,6.28803E-08,Tau,63,Aql,1,98508,,109.2446053,,,
71634,71860,129056,5469,,Alp Lup,Uridim,14.698823,-47.3882,142.4501,-21.15,-24.22,5,2.3,-3.468,B1.5III,-0.154,-73.354913,-62.611867,-104.837277,-0.00000275,0.00001685,-0.00001509,3.848142762,-0.827080117,-1.02538E-07,-1.17422E-07,Alp,,Lup,1,71634,,2124.222477,Alp,2.311,2.281
77868,78104,142669,5928,,5Rho Sco,Iklil,15.948077,-29.214073,144.7178,-15.2,-25.1,3.3,3.87,-1.933,B2IV/V,-0.199,-64.636099,-108.519131,-70.633018,-0.00000627,0.00001031,-0.00001702,4.175196831,-0.509881765,-7.36917E-08,-1.21688E-07,Rho,5,Sco,1,77868,,516.6542426,,,
79134,79374,145502,6027,,14Nu  Sco,Jabbah,16.199926,-19.460708,145.3488,-9.7,-25.25,2,4,-1.812,B2IV,0.076,-62.219516,-122.106847,-48.424462,-0.00000427,0.00000667,-0.00001746,4.241130793,-0.339653432,-4.70269E-08,-1.22415E-07,Nu,14,Sco,1,79134,,462.1681361,,,
81020,81266,149438,6165,,23Tau Sco,Paikauhale,16.598043,-28.216016,145.3488,-8.59,-22.5,2,2.82,-2.992,B0V,-0.206,-45.960032,-119.546841,-68.7205,-0.00000361,0.00000749,-0.00001494,4.345357462,-0.492462384,-4.16455E-08,-1.09083E-07,Tau,23,Sco,1,81020,,1370.250597,,,
82294,82545,151985,6252,,Mu 2Sco,Pipirima,16.872263,-38.017536,145.3488,-12.92,-23.8,1,3.56,-2.252,B2IV,-0.21,-33.31875,-109.554458,-89.520712,-0.00000594,0.00001176,-0.00001384,4.417148058,-0.66353117,-6.26379E-08,-1.15386E-07,Mu-2,,Sco,1,82294,,693.1065451,,,
74868,75097,137422,5735,,13Gam UMi,Pherkad,15.345483,71.834016,149.2537,-18.03,17.68,-4,3,-2.87,A3II-III,0.058,-29.797327,-35.741213,141.814461,-0.00000142,0.00001867,0.0000001,4.017438041,1.253740093,-8.74119E-08,8.57151E-08,Gam,13,UMi,1,74868,,1224.616199,Gam,3.016,2.996
78165,78401,143275,5953,,7Del Sco,Dschubba,16.005557,-22.62171,150.6024,-8.67,-36.9,-7,2.29,-3.599,B0.2IV,-0.117,-69.332609,-120.492107,-57.928452,0.00000298,0.00001787,-0.00002211,4.190245125,-0.394823319,-4.20333E-08,-1.78896E-07,Del,7,Sco,1,78165,,2396.624529,Del,2.299,2.279
30251,30324,44743,2294,,2Bet CMa,Mirzam,6.378329,-17.955918,151.0574,-3.45,-0.47,34,1.98,-3.916,B1II/III,-0.24,-14.209731,142.995999,-46.568852,-0.00000075,0.00003306,-0.00001105,1.669842696,-0.313389884,-1.67261E-08,-2.27862E-09,Bet,2,CMa,1,30251,,3209.223768,Bet,1.999,1.969
22961,23015,31398,1577,,3Iot Aur,Hassaleh,4.949894,33.16609,151.2859,3.63,-18.54,18,2.69,-3.209,K3IIvar,1.49,34.378539,121.884168,82.763748,0.00000364,0.00002271,-0.00000131,1.295879211,0.578857475,1.75987E-08,-8.98845E-08,Iot,3,Aur,1,22961,,1673.400907,,,
27919,27989,39801,2061,,58Alp Ori,Betelgeuse,5.919529,7.407063,152.6718,27.33,10.86,21,0.45,-5.469,M2Ib,1.5,3.189296,151.364387,19.682142,-0.0000198,0.00002068,0.00001074,1.549729118,0.129277632,1.325E-07,5.26508E-08,Alp,58,Ori,1,27919,,13415.28798,Alp,0.571,0.281
116265,116631,222173,8965,,17Iot And,Rasalnaqa,23.63561,43.268073,153.1394,27.72,-1.21,-1,4.29,-1.635,B8V,-0.083,111.002171,-10.621481,104.963685,0.00000183,0.0000205,-0.00000136,6.187788169,0.755170337,1.3439E-07,-5.86625E-09,Iot,17,And,1,116265,,392.6449354,,,
82263,82514,151890,6247,,Mu 1Sco,Xamidimura,16.864509,-38.04738,153.6098,-8.84,-21.6,-25,3,-2.932,B1.5IV + B,-0.2,-35.43289,-115.66204,-94.671563,0.00000251,0.00003066,0.00000309,4.41511822,-0.664052045,-4.28575E-08,-1.0472E-07,Mu-1,,Sco,1,82263,,1296.582035,Mu-1,3.206,2.946
15824,15863,20902,1017,,33Alp Per,Mirfak,3.405378,49.86118,155.2795,24.11,-26.01,-2,1.79,-4.166,F5Ib,0.481,62.885098,77.880689,118.708804,-0.00000555,0.00002202,-0.00001419,0.891526004,0.870241752,1.16889E-07,-1.261E-07,Alp,33,Per,1,15824,,4040.173354,,,
93846,94141,178524,7264,,41Pi  Sgr,Albaldah,19.162731,-21.023615,156.25,-1.17,-36.83,-10,2.88,-3.089,F2II/III,0.377,43.714239,-139.143552,-56.055078,-0.00000671,0.00001839,-0.00002237,5.016791345,-0.366931299,-5.67232E-09,-1.78557E-07,Pi,41,Sgr,1,93846,,1498.304211,,,
54001,54158,96063,,,,Dingolay,11.079015,-2.513218,157.9779,26.46,-17.52,0,8.21,2.217,K0,0.856,-153.260473,37.686294,-6.927309,-0.00000427,-0.00001982,-0.0000134,2.900479329,-0.043863926,1.28282E-07,-8.49394E-08,,,Leo,1,54001,,11.30316325,,,
1544,1547,1502,,,,Citadelle,0.321407,14.054755,159.2357,75,-17.55,-9.5,8.36,2.35,K0,0.92,153.922235,12.982322,38.670219,-0.00001098,0.00005717,-0.0000155,0.084144138,0.245301758,3.6361E-07,-8.50848E-08,,,Psc,1,1544,,10,,,
72910,73136,133086,,,,Baekdu,14.946759,74.900927,160,13.5,5.65,0,6.83,0.809,K0,0.985,-29.878814,-29.05737,154.476295,0.00001033,-0.00000456,0.00000114,3.913052243,1.307267788,6.54498E-08,2.7392E-08,,8,UMi,1,72910,,41.3428108,,,
108728,109074,209750,8414,,34Alp Aqr,Sadalmelik,22.096399,-0.319851,160.5136,17.9,-9.93,8,2.95,-3.078,G2Ib,0.969,140.987693,-76.722268,-0.896054,0.00001381,0.00000834,-0.00000777,5.784823674,-0.005582447,8.67816E-08,-4.8142E-08,Alp,34,Aqr,1,108728,,1483.200967,,,
86515,86782,161693,6618,,,Alruba,17.733103,53.801715,163.3987,13.32,-16.35,-2,5.75,-0.316,A2V,0.017,-6.737285,-96.264768,131.85914,0.00000988,-0.00000996,-0.0000093,4.642515503,0.939017069,6.45772E-08,-7.9267E-08,,,Dra,1,86515,,116.5198723,,,
105936,106278,204867,8232,,22Bet Aqr,Sadalsuud,21.525982,-5.571172,164.7446,22.79,-6.7,7,2.9,-3.184,G0Ib,0.828,130.759282,-98.929336,-15.993766,0.00001625,0.00001053,-0.00000602,5.635488812,-0.097235298,1.10489E-07,-3.24825E-08,Bet,22,Aqr,1,105936,,1635.309652,,,
44689,44816,78647,3634,,Lam Vel,Suhail,9.133268,-43.432589,166.9449,-23.21,14.28,18,2.23,-3.883,K4Ib-II,1.665,-88.662596,82.682121,-114.774841,-0.00000278,0.00002827,-0.00000426,2.391083876,-0.758041685,-1.12525E-07,6.92314E-08,Lam,,Vel,1,44689,,3113.149665,Lam,2.272,2.182
4417,4427,5394,264,,27Gam Cas,Cih,0.945143,60.71674,168.3502,25.65,-3.82,-7,2.15,-3.981,B0IV:evar,-0.046,79.836717,20.168018,146.837047,-0.00000589,0.0000201,-0.00000777,0.247437951,1.059707029,1.24355E-07,-1.85199E-08,Gam,27,Cas,1,4417,,3407.218617,Gam,2.173,2.133
80519,80763,148478,6134,,21Alp Sco,Antares,16.490128,-26.432002,169.7793,-10.16,-23.21,-3,1.06,-5.089,M1Ib + B2.5V,1.865,-58.542602,-140.307591,-75.574766,-0.00000338,0.0000136,-0.00001574,4.317105466,-0.461325471,-4.92571E-08,-1.12525E-07,Alp,21,Sco,1,80519,,9453.66046,Alp,1.155,0.995
85665,85927,158926,6527,,35Lam Sco,Shaula,17.560145,-37.103821,175.1313,-8.9,-29.95,-3,1.62,-4.597,B1.5IV+...,-0.231,-16.048583,-138.749793,-105.649898,-0.00000546,0.00001854,-0.00001843,4.597235152,-0.647583843,-4.31484E-08,-1.45202E-07,Lam,35,Sco,1,85665,,6008.969505,Lam,1.656,1.596
45809,45941,81188,3734,,Kap Vel,Markeb,9.368562,-55.010668,175.4386,-10.72,11.24,22,2.47,-3.751,B2IV,-0.141,-77.65777,63.951481,-143.729782,-0.00001021,0.00002022,-0.00001295,2.452683775,-0.960117278,-5.1972E-08,5.44931E-08,Kap,,Vel,1,45809,,2756.76661,,,
85436,85696,158408,6508,,34Ups Sco,Lesath,17.512732,-37.295811,176.6784,-4.19,-29.14,8,2.7,-3.536,B2IV,-0.179,-17.880984,-139.40881,-107.054828,-0.00000246,0.000009,-0.00002481,4.584822594,-0.650934698,-2.03137E-08,-1.41275E-07,Ups,34,Sco,1,85436,,2261.517746,,,
78029,78265,143018,5944,,6Pi  Sco,Fang,15.980865,-26.114105,179.5332,-12,-25.71,-3,2.89,-3.381,B1V + B2V,-0.18,-81.301517,-139.203202,-79.023364,-0.00000266,0.00001615,-0.00001874,4.183780644,-0.455777118,-5.81776E-08,-1.24646E-07,Pi,6,Sco,1,78029,,1960.649667,Pi,2.913,2.873
42437,42556,73731,3429,,41Eps Cnc,Meleph,8.67417,19.544808,179.8561,-33.74,-13.57,30,6.29,0.015,Am,0.17,-109.202884,129.624965,60.169858,0.00000132,0.00004409,-0.00000089,2.270892451,0.341121243,-1.63576E-07,-6.57892E-08,Eps,41,Cnc,1,42437,,85.90135215,,,
2914,2920,3360,153,,17Zet Cas,Fulu,0.616188,53.896909,181.8182,17.77,-9.15,2,3.69,-2.608,B2IV,-0.196,105.743565,17.207892,146.901502,0.00000511,0.0000167,-0.0000031,0.161317682,0.940678524,8.61514E-08,-4.43605E-08,Zet,17,Cas,1,2914,,962.0552192,,,
40921,41037,71129,3307,,Eps Car,Avior,8.375236,-59.509483,185.5288,-25.34,22.72,2,1.86,-4.482,K3III+B2V,1.196,-54.83708,76.515238,-159.872623,0.00000766,0.00002843,0.00000861,2.192631676,-1.038636414,-1.22852E-07,1.1015E-07,Eps,,Car,1,40921,,5405.053537,,,
82399,82651,152581,,,,Mahsati,16.895439,11.973746,185.5288,11.29,-15.3,0,8.38,2.038,K0,0.9,-51.7543,-173.956642,38.490448,0.00000892,-0.00000563,-0.00001346,4.423215717,0.208981296,5.47355E-08,-7.41765E-08,,,Oph,1,82399,,13.32907464,,,
48478,48615,85951,3923,,,Felis,9.914503,-19.00936,188.3239,-46.09,-37.04,50,4.94,-1.435,K5III,1.559,-152.168245,92.455966,-61.341498,-0.00001006,0.00005535,-0.00004863,2.595610768,-0.331775917,-2.23451E-07,-1.79575E-07,,,Hya,1,48478,,326.5878322,,,
92902,93194,176437,7178,,14Gam Lyr,Sulafat,18.982395,32.689557,190.1141,-2.76,1.77,-21,3.25,-3.145,B9III,-0.049,40.69872,-154.738921,102.67804,-0.00000728,0.00001769,-0.00001023,4.969579453,0.570540407,-1.33809E-08,8.5812E-09,Gam,14,Lyr,1,92902,,1577.61127,,,
106908,107251,206610,,,,Bosona,21.723583,-7.408253,193.7984,3.19,2.3,0,8.34,1.903,K0,1.009,159.050184,-107.872405,-24.988061,0.00000191,0.00000232,0.00000214,5.687220848,-0.129298399,1.54656E-08,1.11507E-08,,,Aqr,1,106908,,15.09384897,,,
27298,27366,38771,2004,,53Kap Ori,Saiph,5.795941,-9.669605,198.4127,1.55,-1.2,21,2.07,-4.418,B0.5Iavar,-0.168,10.444137,195.314937,-33.326707,-0.00000037,0.00002103,-0.00000475,1.517373893,-0.16876644,7.51461E-09,-5.81776E-09,Kap,53,Ori,1,27298,,5095.654806,,,
105691,106032,205021,8238,,8Bet Cep,Alfirk,21.477662,70.560716,210.084,12.6,8.73,-8,3.23,-3.382,B2IIIv SB,-0.201,55.219515,-42.886719,198.108029,-0.0000009,0.00001695,-0.00000476,5.622838697,1.231516815,6.10865E-08,4.23242E-08,Bet,8,Cep,1,105691,,1962.456324,Bet,3.257,3.207
113366,113726,217675,8762,,1Omi And,Alfarasalkamil,23.032017,42.325979,210.5263,22.47,0.24,-14,3.62,-2.997,B6pv SB,-0.099,150.676276,-39.022904,141.757338,-0.00000466,0.0000249,-0.00000946,6.029767825,0.738727695,1.08938E-07,1.16355E-09,Omi,1,And,1,113366,,1376.575387,Omi,3.686,3.586
106972,107315,206778,8308,,8Eps Peg,Enif,21.736433,9.875011,211.4165,30.02,1.38,5,2.38,-4.246,K2Ibvar,1.52,172.769915,-116.330918,36.25782,0.00002116,0.00002284,0.00000227,5.690584775,0.17235146,1.45541E-07,6.69043E-09,Eps,8,Peg,1,106972,,4349.106072,Eps,2.404,2.364
25865,25930,36486,1852,,34Del Ori,Mintaka,5.533445,-0.299092,212.3142,1.67,0.56,16,2.25,-4.385,O9.5II,-0.175,25.868117,210.729667,-1.108306,0.00000029,0.00001645,0.00000049,1.448652417,-0.00522014,8.09639E-09,2.71496E-09,Del,34,Ori,1,25865,,4943.10687,Del,2.334,2.234
79870,80112,147165,6084,,20Sig Sco,Alniyat,16.353143,-25.592796,213.6752,-10.03,-18.03,3,2.9,-3.749,B1III,0.299,-80.536239,-175.075401,-92.301792,-0.00000722,0.00000916,-0.00001817,4.281242956,-0.446678561,-4.86268E-08,-8.74119E-08,Sig,20,Sco,1,79870,,2751.693133,Sig,2.928,2.868
28962,29034,42167,2177,,The Col,Elkurud,6.125453,-37.25292,221.2389,0.9,0.3,45,5,-1.724,B8:IV,-0.095,-5.782732,176.005131,-133.923795,-0.00000217,0.00003678,-0.0000276,1.603639975,-0.650186116,4.36332E-09,1.45444E-09,The,,Col,1,28962,,426.1868054,,,
26662,26727,37742,1948,,50Zet Ori,Alnitak,5.679313,-1.942572,225.7336,3.99,2.54,18,1.74,-5.028,O9.5Ib SB,-0.199,18.918488,224.809409,-7.651875,-0.0000028,0.00001879,0.00000215,1.486840687,-0.033904281,1.93441E-08,1.23143E-08,Zet,50,Ori,1,26662,,8937.169609,,,
21057,21109,28678,,,,Hoggar,4.523737,4.575287,226.7574,0.22,-12.85,0,8.38,1.602,K0,1.008,85.200384,209.362436,18.088209,0.0000002,0.00000113,-0.00001408,1.184311571,0.079853829,1.06659E-09,-6.22986E-08,,,Tau,1,21057,,19.91590289,,,
62228,62423,111335,4863,,7    Dra,Tianyi,12.792873,66.790304,227.2727,1.64,-4.71,8,5.43,-1.353,K5III,1.567,-87.644943,-18.458661,208.879282,-0.00000745,-0.00000342,0.00000547,3.349166278,1.165710716,7.95094E-09,-2.28347E-08,,7,Dra,1,62228,,302.8307694,,,
45425,45556,80404,3699,,Iot Car,Aspidiske,9.284838,-59.275229,234.7418,-19.03,13.11,13,2.21,-4.643,A8Ib,0.189,-90.887872,78.251756,-201.791538,-0.00000074,0.00002921,-0.00000381,2.430764937,-1.034547914,-9.226E-08,6.35591E-08,Iot,,Car,1,45425,,6269.024975,,,
23398,23453,32068,1612,,8Zet Aur,Saclateni,5.041301,41.075837,240.9639,8.88,-21.43,13,3.69,-3.22,K4II comp,1.154,45.114162,175.957014,158.327189,-0.00000347,0.00002822,-0.00001013,1.319809631,0.716908605,4.30515E-08,-1.03896E-07,Zet,8,Aur,1,23398,,1690.440932,Zet,3.716,3.676
32161,32246,48329,2473,,27Eps Gem,Mebsuta,6.732202,25.131124,259.0674,-5.93,-12.81,10,3.06,-4.007,A3mA6-A9,1.377,-44.684834,230.247724,110.023705,0.00000425,0.00001722,-0.00001022,1.762486296,0.438620861,-2.87495E-08,-6.21046E-08,Eps,27,Gem,1,32161,,3489.795674,,,
24378,24436,34085,1713,,19Bet Ori,Rigel,5.242298,-8.20164,264.5503,1.87,-0.56,21,0.18,-6.933,B8Ia,-0.03,51.601106,256.709905,-37.740051,0.00000182,0.00002121,-0.00000377,1.372430369,-0.143145631,9.06602E-09,-2.71496E-09,Bet,19,Ori,1,24378,,51665.42426,,,
13234,13268,17506,834,,15Eta Per,Miram,2.844945,55.895496,269.5418,16.64,-13.76,-1,3.77,-3.383,K3Ib comp SB,1.69,111.116108,102.442422,223.184985,-0.00000421,0.00002569,-0.00001093,0.744804891,0.975560442,8.0673E-08,-6.67104E-08,Eta,15,Per,1,13234,,1964.264646,,,
88610,88886,166182,6787,,102    Her,Ramus,18.14597,20.814557,280.8989,-2.71,-6.2,-15,4.37,-2.873,B2IV,-0.164,10.031459,-262.374329,99.815819,-0.00000412,0.00001119,-0.00001334,4.750603761,0.36328255,-1.31385E-08,-3.00584E-08,,102,Her,1,88610,,1228.004618,,,
92133,92420,174638,7106,,10Bet Lyr,Sheliak,18.834665,33.362667,294.9853,1.1,-4.46,-19,3.52,-3.829,A8:V comp SB,0.003,53.40884,-240.514817,162.223134,-0.00000122,0.00001276,-0.00001601,4.930903799,0.582288386,5.33295E-09,-2.16227E-08,Bet,10,Lyr,1,92133,,2962.101936,Bet,4.259,3.329
62030,62223,110914,4846,,,La Superba,12.752174,45.440256,320.5128,-2.2,13.05,12,5.42,-2.109,C7Iab,2.994,-220.542536,-43.99915,228.371602,0.00000505,0.00000449,0.00002297,3.338511422,0.793082082,-1.06659E-08,6.32682E-08,,,CVn,1,62030,,607.5751461,Y,5.635,5.285
39318,39429,66811,3165,,Zet Pup,Naos,8.059737,-40.003148,332.2259,-30.82,16.77,-24,2.21,-5.397,O5IAf,-0.269,-130.674899,218.376203,-213.564535,0.00004333,0.00002425,0.00003647,2.110034133,-0.698186638,-1.4942E-07,8.13033E-08,Zet,,Pup,1,39318,,12554.51674,Zet,2.224,2.194
26142,26207,36861,1879,,39Lam Ori,Meissa,5.585633,9.934158,336.7003,-1.03,-1.86,34,3.39,-4.246,O...,-0.16,35.907504,329.702779,58.086365,0.00000544,0.00003439,0.00000301,1.462315173,0.173383772,-4.99358E-09,-9.01753E-09,Lam,39,Ori,1,26142,,4349.106072,,,
17406,17448,23180,1131,,38Omi Per,Atik,3.738648,32.288248,343.6426,8.11,-10.32,19,3.84,-3.841,B1III,0.022,162.113525,241.065988,183.56674,0.00000308,0.00002879,-0.00000415,0.978775637,0.563536239,3.93184E-08,-5.00328E-08,Omi,38,Per,1,17406,,2995.021884,Omi,3.862,3.822
33769,33856,52877,2646,,22Sig CMa,Nganurganity,7.028652,-27.93483,343.6426,-6.01,4.64,22,3.49,-4.191,K4III,1.729,-80.775471,292.659236,-160.9853,0.0000034,0.00002532,-0.00000371,1.84009686,-0.487554765,-2.91373E-08,2.24954E-08,Sig,22,CMa,1,33769,,4134.28108,Sig,3.546,3.446
92471,92761,174974,7116,,32Nu 1Sgr,Ainalrami,18.902827,-22.744834,344.8276,2.95,-5.7,-12,4.86,-2.828,K1II,1.412,74.467326,-309.170538,-133.319898,0.00000128,0.00001574,-0.00000404,4.948748514,-0.396972241,1.4302E-08,-2.76344E-08,Nu-1,32,Sgr,1,92471,,1178.148406,,,
38062,38170,63700,3045,,7Xi  Pup,Azmidi,7.821571,-24.859786,367.6471,-5.56,-0.71,3,3.34,-4.487,G6Ia,1.218,-153.118527,296.362603,-154.558514,0.00000777,0.00000655,-0.00000244,2.047682488,-0.433885111,-2.69556E-08,-3.44218E-09,Xi,7,Pup,1,38062,,5430.002131,,,
18567,18614,24912,1228,,46Xi  Per,Menkib,3.98275,35.791033,381.6794,1.92,2.3,70,3.98,-3.928,O7.5Iab:,0.016,156.01015,267.421217,223.218208,0.00002494,0.0000498,0.00004532,1.04268157,0.624671361,9.30842E-09,1.11507E-08,Xi,46,Per,1,18567,,3244.890157,Xi,3.99,3.97
34000,34088,52973,2650,,43Zet Gem,Mekbuda,7.068481,20.570297,421.9409,-5.72,-0.96,7,4.01,-4.116,G3Ibv SB,0.899,-109.067807,379.683873,148.25163,0.0000092,0.00001034,0.00000068,1.850524028,0.359019411,-2.77313E-08,-4.65421E-09,Zet,43,Gem,1,34000,,3858.335599,Zet,4.172,3.702
94186,94481,180163,7298,,20Eta Lyr,Aladfar,19.229302,39.145968,425.5319,-1.59,-0.61,-8,4.43,-3.715,B2.5IV,-0.15,104.385585,-313.073293,268.637487,-0.00000487,0.00000423,-0.00000614,5.034219531,0.683226033,-7.70854E-09,-2.95736E-09,Eta,20,Lyr,1,94186,,2666.858665,,,
101767,102098,197345,7924,,50Alp Cyg,Deneb,20.690532,45.280338,432.9004,1.56,1.55,-5,1.25,-6.932,A2Ia,0.092,197.250632,-232.113407,307.600832,-0.00000133,0.00000662,-0.00000134,5.416768542,0.790290983,7.56309E-09,7.51461E-09,Alp,50,Cyg,1,101767,,51617.86055,Alp,1.294,1.224
30016,30089,44179,,,,Red Rectangle,6.332838,-10.637414,440.5286,-10.98,-21.1,0,8.85,0.63,B8,0.344,-37.678828,431.31548,-81.318571,0.00002408,-0.00000625,-0.00004429,1.657933057,-0.185657901,-5.32325E-08,-1.02296E-07,,,Mon,1,30016,,48.75284901,V777,8.897,8.767
112928,113288,216946,8726,,,Tengshe,22.940555,49.733544,490.1961,0.05,-2.87,-10,4.99,-3.462,K5Ibvar,1.778,304.725766,-86.755537,374.042528,-0.00000132,0.0000005,-0.00001221,6.005823297,0.868014089,2.42407E-10,-1.39142E-08,,,Lac,1,112928,,2112.515966,,,
34354,34444,54605,2693,,25Del CMa,Wezen,7.139857,-26.3932,492.6108,-2.75,3.33,34,1.83,-6.633,F8Ia,0.671,-129.733458,421.761488,-218.979855,-0.00000392,0.00003508,-0.00000833,1.869210132,-0.460648234,-1.33324E-08,1.61443E-08,Del,25,CMa,1,34354,,39192.23225,,,
106795,107136,206672,8301,,80Pi 1Cyg,Azelfafage,21.701573,51.189622,529.1005,5.25,-2.11,-8,4.69,-3.928,B3IV,-0.119,273.366682,-187.713963,412.287993,0.00000687,0.00001162,-0.00000977,5.681458514,0.893427444,2.54527E-08,-1.02296E-08,Pi-1,80,Cyg,1,106795,,3244.890157,,,
100128,100453,194093,7796,,37Gam Cyg,Sadr,20.370473,40.256679,561.7978,2.43,-0.93,-8,2.23,-6.518,F8Ib,0.673,249.318228,-348.795593,363.040966,0.0000027,0.0000076,-0.00000722,5.332977255,0.702611598,1.1781E-08,-4.50877E-09,Gam,37,Cyg,1,100128,,35253.31812,,,
97987,98298,226868,,,,Cygnus X-1,19.972688,35.201604,595.2381,-3.82,-7.62,-2.7,8.84,-0.033,B0Ib,0.73,240.17499,-422.950898,343.12808,-0.00000444,-0.0000145,-0.00001956,5.228837433,0.614383894,-1.85199E-08,-3.69428E-08,,,Cyg,1,97987,,89.78421709,V1357,8.883,8.793
26246,26311,37128,1903,,46Eps Ori,Alnilam,5.603559,-1.20192,606.0606,1.49,-1.06,26,1.69,-7.223,B0Ia,-0.184,62.775122,602.66691,-12.712683,-0.00000161,0.00002683,-0.00000367,1.467008387,-0.020977458,7.22372E-09,-5.13903E-09,Eps,46,Ori,1,26246,,67483.87309,Eps,1.717,1.667
35806,35904,58350,2827,,31Eta CMa,Aludra,7.401584,-29.303104,609.7561,-3.76,6.66,41,2.45,-6.476,B5Ia,-0.083,-190.762166,496.337122,-298.432917,-0.0000062,0.00004711,-0.00000336,1.937730188,-0.511435637,-1.8229E-08,3.22886E-08,Eta,31,CMa,1,35806,,33915.63869,Eta,2.509,2.409
78805,79045,145000,6009,,7Kap Her,Marsic B,16.13471,17.054382,645.1613,-20.63,-29.4,38,6.25,-2.798,K1III,1.14,-289.369888,-544.699215,189.212514,-0.00008706,-0.00002636,-0.00007651,4.224057317,0.29765511,-1.00017E-07,-1.42535E-07,Kap,7,Her,1,78805,,1146.040591,,,
23361,23416,31964,1605,,7Eps Aur,Almaaz,5.032815,43.823308,653.5948,0.18,-2.31,-3,3.03,-6.047,F0Ia,0.537,118.129799,456.518488,452.57303,0.00000016,0.00000291,-0.00000741,1.317587892,0.764861019,8.72665E-10,-1.11992E-08,Eps,7,Aur,1,23361,,22845.46489,Eps,3.085,2.935
25920,25985,36673,1865,,11Alp Lep,Arneb,5.545504,-17.822289,680.2721,3.27,1.54,24,2.58,-6.583,F0Ib,0.211,76.877195,643.047236,-208.208,-0.00000775,0.00002603,-0.00000268,1.451809652,-0.311057615,1.58534E-08,7.46613E-09,Alp,11,Lep,1,25920,,37428.29122,,,
26176,26241,37043,1899,,44Iot Ori,Hatysa,5.590551,-5.909901,714.2857,2.27,-0.62,22,2.75,-6.519,O9III,-0.21,76.014147,706.411475,-73.54604,-0.00000544,0.00002287,-0.00000445,1.463602742,-0.103147236,1.10053E-08,-3.00584E-09,Iot,44,Ori,1,26176,,35285.80258,,,
60731,60936,,,,,3C 273,12.485193,2.052398,100000,-11.01,4.38,0,12.88,-7.12,,0.12,-99130.70606,-12660.05862,3581.344963,-0.00060072,0.00530397,0.00212194,3.268615816,0.03582111,-5.3378E-08,2.12348E-08,,,Vir,1,60731,,61376.20052,,13.034,12.694
111893,112247,215441,,,,Babcock's star,22.735418,55.589226,100000,4.96,-0.98,0,8.83,-11.17,A0p,0.031,53443.38342,-18369.41072,82500.72435,0.00115224,0.00214649,-0.00026848,5.952118392,0.970215017,2.40468E-08,-4.75117E-09,,,Lac,1,111893,,2558585.887,GL,8.907,8.757
95992,96295,184738,,,,Campbell's Hydrogen Star,19.579231,30.516371,100000,-4.16,-10.19,-30.4,10,-10,WC...,-0.013,34611.2841,-78889.8449,50778.45341,-0.00084972,-0.00308271,-0.00427137,5.125830766,0.532611152,-2.01682E-08,-4.94025E-08,,,Cyg,1,95992,,870963.59,V1966,10.048,9.938
106916,107259,206936,8316,,Mu  Cep,Garnet Star,21.725127,58.780046,100000,5.24,-2.88,19,4.23,-15.77,M2Ia,2.242,42908.71726,-29076.60057,85518.37999,0.00242172,0.00142744,-0.00070704,5.687624999,1.025905337,2.54042E-08,-1.39626E-08,Mu,,Cep,1,106916,,177010895.8,Mu,4.458,3.938
89064,89341,166937,6812,,13Mu  Sgr,Polis,18.229392,-21.058834,100000,1.72,-1.39,-6,3.84,-16.16,B2III:,0.195,5600.996443,-93152.9614,-35932.6399,0.00081743,0.00029745,-0.00062662,4.772443549,-0.367545984,8.3388E-09,-6.73891E-09,Mu,13,Sgr,1,89064,,253512863,Mu,3.928,3.808
51475,51624,91316,4133,,47Rho Leo,Shaomin,10.546853,9.306586,100000,-5.57,-3.59,42,3.84,-16.16,B1Ib SB,-0.148,-91628.21995,36643.48097,16171.72491,0.00070196,0.00262737,-0.00171048,2.761159733,0.16243056,-2.70041E-08,-1.74048E-08,Rho,47,Leo,1,51475,,253512863,,,
